1.063299059867858887e+00,7.838426232337951660e-01,4.228300601243972778e-02,-1.019235327839851379e-01,6.378300189971923828e-01,6.557311415672302246e-01,7.723449915647506714e-02,-4.335880577564239502e-01,-5.650069713592529297e-01,4.668171107769012451e-01,-3.488658070564270020e-01,2.985791265964508057e-01,8.866901397705078125e-01,-1.863888204097747803e-01,-8.999844789505004883e-01,-4.137977659702301025e-01,-3.310609161853790283e-01,-9.596298933029174805e-01,8.691602945327758789e-01,-6.424481868743896484e-01,-1.216363161802291870e-02,-1.141892969608306885e-01,1.504330784082412720e-01,-6.504286825656890869e-02,5.445280671119689941e-01,5.287590622901916504e-01,5.107247829437255859e-01,4.607706665992736816e-01,1.529890745878219604e-01,-9.676095247268676758e-01
-3.481822013854980469e-01,9.245026707649230957e-01,4.761965274810791016e-01,-8.939560055732727051e-01,1.962646543979644775e-01,-5.968383550643920898e-01,-2.273525148630142212e-01,-4.796632826328277588e-01,6.647413372993469238e-01,-6.094278693199157715e-01,-3.729797303676605225e-01,-4.648120105266571045e-01,-1.732341945171356201e-01,4.039531946182250977e-02,-4.172845184803009033e-01,-5.383515954017639160e-01,2.843503952026367188e-01,6.629287004470825195e-01,-1.237111017107963562e-01,-3.182763457298278809e-01,9.603512883186340332e-01,-1.373952627182006836e-02,-3.489262759685516357e-01,5.062551498413085938e-01,1.713278591632843018e-01,2.244871556758880615e-01,6.120380163192749023e-01,-2.154836952686309814e-01,-8.012509942054748535e-01,-8.235935568809509277e-01
4.835598468780517578e-01,4.249428212642669678e-02,-5.443249940872192383e-01,1.015189409255981445e+00,-7.159936428070068359e-01,1.706885695457458496e-01,5.579890683293342590e-02,7.660737633705139160e-01,1.059431910514831543e+00,-7.188381552696228027e-01,-6.365713477134704590e-02,6.577352285385131836e-01,-2.339142858982086182e-01,-2.839338034391403198e-02,2.683533430099487305e-01,-6.225790977478027344e-01,4.742464721202850342e-01,-8.360882997512817383e-01,6.221570968627929688e-01,4.512035250663757324e-01,-1.145519986748695374e-01,1.144204884767532349e-01,-1.372376531362533569e-01,-3.812325894832611084e-01,5.417643785476684570e-01,5.263261198997497559e-01,8.126801252365112305e-01,8.982588052749633789e-01,3.316789865493774414e-02,-1.501643359661102295e-01
-7.345702052116394043e-01,6.922209858894348145e-01,-1.122500181198120117e+00,-9.643532335758209229e-02,5.569593310356140137e-01,-1.269645243883132935e-01,-4.476025700569152832e-01,9.457911252975463867e-01,9.951143860816955566e-01,2.615152299404144287e-01,5.653439760208129883e-01,-5.898596048355102539e-01,3.144127726554870605e-01,5.578464269638061523e-01,1.032071471214294434e+00,6.170492172241210938e-01,-1.264883279800415039e-01,3.882229030132293701e-01,1.117256060242652893e-01,-4.482840895652770996e-01,-6.037702560424804688e-01,-8.196895718574523926e-01,6.362803578376770020e-01,-1.697663813829421997e-01,-9.146452546119689941e-01,-1.946982592344284058e-01,8.528400957584381104e-02,1.591710746288299561e-01,-2.739941477775573730e-01,1.425967812538146973e-01
6.416442990303039551e-01,8.405959010124206543e-01,-6.634728312492370605e-01,3.325086534023284912e-01,-1.622887849807739258e-01,7.107329964637756348e-01,4.044577479362487793e-01,-8.044893741607666016e-01,-5.494866371154785156e-01,-8.038522303104400635e-02,8.186827301979064941e-01,1.119137555360794067e-01,6.076784133911132812e-01,4.987193048000335693e-01,9.404147863388061523e-01,4.308753907680511475e-01,2.956916987895965576e-01,9.126216173171997070e-03,6.977522969245910645e-01,5.539727583527565002e-02,-8.439660072326660156e-01,9.430864453315734863e-02,-2.447247207164764404e-01,-3.453685641288757324e-01,-2.747021317481994629e-01,-1.366002410650253296e-01,-5.885097384452819824e-01,-5.868774056434631348e-01,3.658955916762351990e-02,2.357454970479011536e-02
8.067353963851928711e-01,8.772146701812744141e-01,2.509518712759017944e-02,-7.811585664749145508e-01,-9.370062351226806641e-01,6.921111345291137695e-01,1.844857633113861084e-02,-3.761820495128631592e-01,7.009159326553344727e-01,6.791678667068481445e-01,7.335516810417175293e-01,-6.698870658874511719e-01,-5.639476180076599121e-01,1.697280704975128174e-01,9.974016994237899780e-02,2.932316660881042480e-01,3.111786246299743652e-01,6.644412875175476074e-01,-5.001919865608215332e-01,8.853200078010559082e-01,-8.329064249992370605e-01,-3.962765336036682129e-01,-2.051664590835571289e-01,-1.010775327682495117e+00,-7.939115911722183228e-02,7.626139521598815918e-01,-8.149565458297729492e-01,-5.845252424478530884e-03,-6.492987275123596191e-02,-8.346809148788452148e-01
1.320153623819351196e-01,-7.819250226020812988e-01,-7.227279245853424072e-02,-1.932204961776733398e-01,7.304505705833435059e-01,-7.196102142333984375e-01,4.066736996173858643e-01,-8.779823184013366699e-01,3.458677232265472412e-01,-6.308388710021972656e-01,-9.133199453353881836e-01,5.409891605377197266e-01,-5.108244419097900391e-01,-3.572030365467071533e-01,-2.991043627262115479e-01,4.565076231956481934e-01,7.772359848022460938e-01,3.210625052452087402e-01,-5.631955265998840332e-01,-9.682169184088706970e-03,-4.946956932544708252e-01,-2.326844036579132080e-01,2.003944814205169678e-01,-7.108827829360961914e-01,6.069781184196472168e-01,6.536596417427062988e-01,-8.687912821769714355e-01,-6.215935349464416504e-01,-2.463411539793014526e-01,-2.884140610694885254e-01
7.842079997062683105e-01,3.447647988796234131e-01,-2.207761257886886597e-02,1.828050613403320312e-02,-8.685244917869567871e-01,4.543717503547668457e-01,-3.585537374019622803e-01,-8.417083621025085449e-01,-1.828260421752929688e-01,7.100448012351989746e-01,6.521013975143432617e-01,1.672193557024002075e-01,-7.506636977195739746e-01,-1.061947792768478394e-01,5.175910592079162598e-01,7.118743062019348145e-01,3.992695808410644531e-01,-3.101225495338439941e-01,-2.400589734315872192e-01,4.711966961622238159e-03,-9.233405590057373047e-01,-2.407719939947128296e-01,-4.275014102458953857e-01,2.170864939689636230e-01,-3.133332431316375732e-01,7.429702281951904297e-01,-5.348774194717407227e-01,-3.197014033794403076e-01,7.807409167289733887e-01,-8.920915126800537109e-01
-5.126370787620544434e-01,5.182556062936782837e-02,4.668593704700469971e-01,8.783562183380126953e-01,6.600472331047058105e-01,2.282801717519760132e-01,-8.913710117340087891e-01,1.653645932674407959e-01,-5.222613811492919922e-01,9.116578102111816406e-01,-1.508634444326162338e-02,2.993098199367523193e-01,3.279991745948791504e-01,8.217058181762695312e-01,-5.143104791641235352e-01,9.716051816940307617e-01,-3.113620281219482422e-01,-7.637441158294677734e-01,9.359131455421447754e-01,8.729277253150939941e-01,6.181720495223999023e-01,-1.200106926262378693e-02,3.307834863662719727e-01,9.986661672592163086e-01,-2.223901748657226562e-01,-6.255121827125549316e-01,-6.066119074821472168e-01,-6.268946528434753418e-01,-7.953393459320068359e-01,2.445600926876068115e-01
-6.277889013290405273e-01,1.040690660476684570e+00,-1.021967649459838867e+00,-4.011413753032684326e-01,6.021727919578552246e-01,-6.779778003692626953e-01,-2.436824142932891846e-01,7.472648024559020996e-01,-2.243906110525131226e-01,4.842486977577209473e-01,5.226599574089050293e-01,2.358378320932388306e-01,4.320159256458282471e-01,-4.493370056152343750e-01,-1.223613172769546509e-01,1.519229263067245483e-01,4.311283230781555176e-01,7.550804018974304199e-01,-1.531585901975631714e-01,-8.529755473136901855e-01,8.705896735191345215e-01,-9.707871079444885254e-01,3.853628337383270264e-01,-8.623977303504943848e-01,-1.030384078621864319e-01,-9.197536706924438477e-01,-1.275313496589660645e-01,5.330176353454589844e-01,9.668949246406555176e-01,-2.100053578615188599e-01
2.613890469074249268e-01,-2.912454605102539062e-01,-3.532189130783081055e-01,3.446727991104125977e-01,-1.285123676061630249e-01,-3.804751634597778320e-01,4.042378664016723633e-01,3.394135832786560059e-01,-6.051588058471679688e-01,-4.020410478115081787e-01,-7.239791750907897949e-01,-8.404566645622253418e-01,-7.350986003875732422e-01,5.020916461944580078e-01,-5.536049976944923401e-02,-1.673687398433685303e-01,-5.786771178245544434e-01,-1.008096218109130859e+00,7.597727179527282715e-01,-8.561046719551086426e-01,7.563503086566925049e-02,2.935779988765716553e-01,6.112887263298034668e-01,9.660399556159973145e-01,-8.133547306060791016e-01,-9.122682213783264160e-01,-4.181926846504211426e-01,5.130974650382995605e-01,9.162588715553283691e-01,7.877056002616882324e-01
-9.492413401603698730e-01,9.483122229576110840e-01,4.699931293725967407e-02,6.094803810119628906e-01,-8.982452154159545898e-01,1.045928716659545898e+00,-2.237096726894378662e-01,-4.298287630081176758e-01,-4.810189604759216309e-01,2.918145060539245605e-02,1.388086378574371338e-01,3.767491281032562256e-01,4.498956501483917236e-01,-3.544866740703582764e-01,2.761488258838653564e-01,-8.567459881305694580e-02,2.780360281467437744e-01,2.955572009086608887e-01,-1.546005308628082275e-01,-2.565599083900451660e-01,8.941191434860229492e-01,2.712352871894836426e-01,-5.499621033668518066e-01,-1.949045434594154358e-02,6.985287666320800781e-01,5.577681064605712891e-01,4.147877693176269531e-01,3.553021252155303955e-01,-7.272523641586303711e-01,2.015979588031768799e-01
2.012560963630676270e-01,-7.680353522300720215e-01,-2.825385332107543945e-01,2.421824932098388672e-01,-5.808631777763366699e-01,-3.965293169021606445e-01,-2.558354660868644714e-02,3.786426503211259842e-03,3.991685211658477783e-01,-9.350442290306091309e-01,1.194275170564651489e-02,-8.819434046745300293e-01,9.620586633682250977e-01,-6.512482762336730957e-01,-3.998347818851470947e-01,9.989732503890991211e-01,9.457203149795532227e-01,-7.052356004714965820e-02,-7.973496317863464355e-01,-4.462749660015106201e-01,-3.184959292411804199e-01,-7.760944366455078125e-01,1.802574843168258667e-01,-6.520885229110717773e-01,-1.067532524466514587e-01,-4.979099631309509277e-01,3.730123639106750488e-01,-9.071459174156188965e-01,6.998046040534973145e-01,7.481513023376464844e-01
-8.459304571151733398e-01,-4.338913857936859131e-01,-5.935882329940795898e-01,-6.622654199600219727e-01,-3.057936429977416992e-01,2.936666309833526611e-01,2.279139757156372070e-01,-4.008826613426208496e-01,-4.882911592721939087e-02,-1.058197975158691406e+00,-5.687885284423828125e-01,-4.493569731712341309e-01,-2.680939435958862305e-01,-8.358104825019836426e-01,-3.070969581604003906e-01,6.541091203689575195e-01,8.971307873725891113e-01,-6.147294044494628906e-01,2.588727772235870361e-01,-8.256213665008544922e-01,8.245551586151123047e-01,7.021450996398925781e-01,9.575337171554565430e-01,5.080590844154357910e-01,8.095169663429260254e-01,1.656700670719146729e-02,-5.503057837486267090e-01,-6.024288535118103027e-01,-3.904813826084136963e-01,-6.911693811416625977e-01
8.924356698989868164e-01,-5.640948414802551270e-01,8.445057868957519531e-01,-8.976227641105651855e-01,-5.718973278999328613e-01,-1.704448759555816650e-01,-3.853583037853240967e-01,-5.482905507087707520e-01,-2.273744046688079834e-01,1.034992694854736328e+00,-5.862726569175720215e-01,-1.768799275159835815e-01,3.212499618530273438e-01,8.695518970489501953e-01,-1.128238961100578308e-01,-1.069475263357162476e-01,3.443583846092224121e-01,-5.856964588165283203e-01,1.030321717262268066e-01,-9.582416415214538574e-01,-8.068659305572509766e-01,-3.548345863819122314e-01,5.715638399124145508e-01,-1.601590365171432495e-01,7.215421795845031738e-01,7.548505067825317383e-01,8.287288546562194824e-01,3.724636137485504150e-01,-7.599521875381469727e-01,2.115138024091720581e-01
2.074092626571655273e-01,7.055486440658569336e-01,3.028868138790130615e-02,-5.610840916633605957e-01,5.123530626296997070e-01,6.361874341964721680e-01,-3.077239692211151123e-01,-2.529560923576354980e-01,-8.927568793296813965e-03,-8.110180497169494629e-01,1.861925423145294189e-01,6.349436044692993164e-01,-7.407233715057373047e-01,-4.549495577812194824e-01,6.034923195838928223e-01,-1.954028941690921783e-02,8.316358327865600586e-01,7.018316388130187988e-01,-9.253937005996704102e-01,3.094344437122344971e-01,4.351849555969238281e-01,8.600352406501770020e-01,-8.895264863967895508e-01,2.487716078758239746e-02,4.901795089244842529e-01,7.803182005882263184e-01,-2.591962218284606934e-01,9.460335969924926758e-01,6.727616190910339355e-01,-2.806314527988433838e-01
6.792374849319458008e-01,8.234882950782775879e-01,2.112792432308197021e-02,-7.202717661857604980e-02,-2.706833183765411377e-03,-4.741682708263397217e-01,8.159879446029663086e-01,5.517631769180297852e-01,3.142846226692199707e-01,-5.859408974647521973e-01,5.280623435974121094e-01,1.205038875341415405e-01,-1.475676000118255615e-01,8.009800314903259277e-01,7.574225068092346191e-01,1.314114481210708618e-01,1.037017345428466797e+00,-1.510624140501022339e-01,4.044755101203918457e-01,1.332737207412719727e-01,4.049022197723388672e-01,-5.741385817527770996e-01,4.240302443504333496e-01,-4.944580197334289551e-01,-5.757744312286376953e-01,5.268921256065368652e-01,-7.412244081497192383e-01,6.481354683637619019e-02,5.333581566810607910e-01,-4.798738062381744385e-01
6.145408749580383301e-01,-1.655473113059997559e-01,-1.968558728694915771e-01,7.100621461868286133e-01,9.679464101791381836e-01,-5.045490264892578125e-01,-3.319165855646133423e-02,5.852155089378356934e-01,7.364862561225891113e-01,3.621201813220977783e-01,-6.107416749000549316e-01,3.849847912788391113e-01,-7.332637310028076172e-01,-9.130344390869140625e-01,1.104101061820983887e+00,9.877420030534267426e-03,7.831137180328369141e-01,4.617568850517272949e-01,-3.702849745750427246e-01,-1.017774581909179688e+00,8.240146934986114502e-02,-9.986612945795059204e-02,8.562063574790954590e-01,-3.505208492279052734e-01,-1.912762075662612915e-01,-8.047341704368591309e-01,2.614362239837646484e-01,6.712273359298706055e-01,6.659939885139465332e-01,5.405084490776062012e-01
2.614244520664215088e-01,-4.483163952827453613e-01,4.824459254741668701e-01,7.668510079383850098e-01,6.337495893239974976e-02,4.293522238731384277e-01,-9.177268743515014648e-01,1.212472096085548401e-01,-7.614858150482177734e-01,8.463886380195617676e-02,4.417379796504974365e-01,1.017319440841674805e+00,5.403858423233032227e-01,9.159421175718307495e-02,7.296562194824218750e-02,-5.133578181266784668e-01,-5.077867507934570312e-01,-4.456357359886169434e-01,2.494143843650817871e-01,-4.458422362804412842e-01,7.497276663780212402e-01,-8.059567809104919434e-01,5.048540830612182617e-01,-6.621484458446502686e-02,-1.548601090908050537e-01,-8.127958774566650391e-01,1.484068334102630615e-01,-3.754925429821014404e-01,-8.505829572677612305e-01,9.682893007993698120e-02
-5.117256641387939453e-01,4.145416989922523499e-02,-7.699391841888427734e-01,9.790291190147399902e-01,-5.435753241181373596e-02,3.384218215942382812e-01,-6.700834035873413086e-01,-9.042362570762634277e-01,-3.256521001458168030e-02,-7.461246848106384277e-01,3.434161841869354248e-01,7.104580998420715332e-01,5.537739992141723633e-01,-7.671184539794921875e-01,9.450992345809936523e-01,8.569868803024291992e-01,5.193729400634765625e-01,-2.015522867441177368e-01,-1.460735350847244263e-01,-1.196207329630851746e-01,-6.775335222482681274e-02,-1.076436042785644531e-01,-2.633442282676696777e-01,5.872752666473388672e-01,1.469971239566802979e-01,6.527460813522338867e-01,-7.599063515663146973e-01,9.142082929611206055e-01,8.147175908088684082e-01,3.418027609586715698e-02
7.364283800125122070e-01,-2.125148922204971313e-01,-8.666725754737854004e-01,-7.888135313987731934e-01,3.617063164710998535e-01,-8.449038863182067871e-01,-9.503158330917358398e-01,-8.496341109275817871e-01,3.042407333850860596e-01,3.994300961494445801e-01,-1.978469938039779663e-01,5.698503851890563965e-01,3.215956315398216248e-02,-6.472953557968139648e-01,-4.369773864746093750e-01,3.150538802146911621e-01,2.964076399803161621e-01,-3.459878265857696533e-01,3.598583042621612549e-01,-8.080717921257019043e-01,-9.852656126022338867e-01,-6.263823807239532471e-02,3.832165002822875977e-01,-7.229920625686645508e-01,-4.667830765247344971e-01,-8.250331878662109375e-01,5.648934245109558105e-01,-3.236863017082214355e-01,-1.535849869251251221e-01,3.415044546127319336e-01
-7.586357593536376953e-01,-1.223023831844329834e-01,1.093369275331497192e-01,9.659242033958435059e-01,7.178056836128234863e-01,7.715741991996765137e-01,-6.504178792238235474e-02,8.993960022926330566e-01,1.572635769844055176e-02,9.959780573844909668e-01,-3.860487341880798340e-01,-9.658120870590209961e-01,-7.086761295795440674e-03,6.508781909942626953e-01,-7.317472696304321289e-01,5.580244660377502441e-01,1.767014265060424805e-01,7.010518908500671387e-01,2.530959248542785645e-02,-4.189468920230865479e-01,-6.622269153594970703e-01,-1.819769144058227539e-01,-6.605067253112792969e-01,-4.311449527740478516e-01,5.387552082538604736e-03,9.838269352912902832e-01,7.849124670028686523e-01,3.004878759384155273e-01,5.666285753250122070e-01,-2.762432396411895752e-01
-6.150226593017578125e-01,-3.640154302120208740e-01,4.308578968048095703e-01,7.430971264839172363e-01,-2.439840435981750488e-01,-3.184128701686859131e-01,-5.943453907966613770e-01,4.700594842433929443e-01,2.776209414005279541e-01,-4.123302400112152100e-01,1.994183659553527832e-02,1.096683979034423828e+00,9.157972335815429688e-01,9.177721738815307617e-01,-1.117066144943237305e-01,-8.027417063713073730e-01,9.927883744239807129e-02,-1.177511572837829590e+00,-3.685866594314575195e-01,-4.102540016174316406e-01,4.040059447288513184e-01,-2.550444006919860840e-01,1.422105729579925537e-01,-4.877436459064483643e-01,3.861004412174224854e-01,-8.820301890373229980e-01,-8.699954748153686523e-01,5.367058515548706055e-01,4.428460597991943359e-01,5.452355742454528809e-01
8.642318248748779297e-01,-7.063594460487365723e-01,9.011669754981994629e-01,-8.182782679796218872e-02,-1.898915469646453857e-01,-5.131906270980834961e-01,-8.490387201309204102e-01,7.460171580314636230e-01,6.475608050823211670e-02,1.933897435665130615e-01,-9.190250039100646973e-01,-1.821386963129043579e-01,-4.261281788349151611e-01,2.344782054424285889e-01,-5.281829833984375000e-01,-5.162570476531982422e-01,7.909305095672607422e-01,7.685409188270568848e-01,-5.649554133415222168e-01,-4.815183579921722412e-01,-4.131313562393188477e-01,7.405508775264024734e-03,-1.856657564640045166e-01,-8.018579483032226562e-01,-5.131961703300476074e-01,-7.841764688491821289e-01,-6.279962658882141113e-01,4.903617501258850098e-01,4.495266079902648926e-01,-1.571226418018341064e-01
-3.595916926860809326e-02,-5.108373761177062988e-01,-7.122758626937866211e-01,5.111099481582641602e-01,-8.671906590461730957e-01,4.866092503070831299e-01,2.994959652423858643e-01,4.211327433586120605e-01,-2.577504217624664307e-01,7.219060063362121582e-01,-3.397312760353088379e-01,-2.625869512557983398e-01,9.869070053100585938e-01,-8.942952156066894531e-01,-4.124071598052978516e-01,3.563304543495178223e-01,9.608857631683349609e-01,-5.580248832702636719e-01,-5.056620240211486816e-01,4.165190756320953369e-01,7.313889861106872559e-01,4.141529798507690430e-01,3.026520013809204102e-01,-6.779606938362121582e-01,3.990056514739990234e-01,2.377286255359649658e-01,-7.854007482528686523e-01,3.247400224208831787e-01,3.988834619522094727e-01,8.786751627922058105e-01
-8.252972960472106934e-01,1.247629225254058838e-01,-8.643739819526672363e-01,2.013879269361495972e-01,-3.688256442546844482e-01,1.644172072410583496e-01,5.127975717186927795e-02,-9.024502038955688477e-01,1.017910599708557129e+00,1.020768046379089355e+00,3.178372979164123535e-01,-8.878477811813354492e-01,7.217692136764526367e-01,-4.733617305755615234e-01,4.010754823684692383e-01,-5.925645679235458374e-02,1.036266446113586426e+00,7.487409114837646484e-01,-1.029210165143013000e-01,3.006119430065155029e-01,9.118629693984985352e-01,8.837625980377197266e-01,-8.022636175155639648e-01,-2.128693014383316040e-01,8.642438650131225586e-01,9.834380745887756348e-01,-5.022383332252502441e-01,-1.069794774055480957e+00,-9.141625463962554932e-02,4.267135262489318848e-01
4.090687334537506104e-01,-2.755272090435028076e-01,8.271807432174682617e-01,6.493802666664123535e-01,-2.606087028980255127e-01,-1.109864711761474609e-01,1.751631498336791992e-01,3.068334460258483887e-01,6.730136871337890625e-01,6.816276311874389648e-01,2.741688787937164307e-01,1.012977957725524902e-02,1.047322869300842285e+00,4.442064166069030762e-01,8.606260418891906738e-01,-6.481636166572570801e-01,-6.702049076557159424e-02,-1.301869302988052368e-01,-5.819103717803955078e-01,-2.607967853546142578e-01,8.572743535041809082e-01,8.791327476501464844e-02,-1.008768677711486816e+00,-4.611216485500335693e-02,-7.542873024940490723e-01,-2.131442129611968994e-01,-6.589143872261047363e-01,-6.854346990585327148e-01,-7.320588827133178711e-01,2.624582350254058838e-01
-8.053940534591674805e-01,9.317377209663391113e-01,-9.152712225914001465e-01,-4.694596529006958008e-01,-9.453157186508178711e-01,-4.127250611782073975e-01,2.042771726846694946e-01,-4.012242257595062256e-01,-7.051691412925720215e-01,1.055645346641540527e-01,5.857704281806945801e-01,8.650986552238464355e-01,-2.532870173454284668e-01,6.044957041740417480e-01,-8.876801133155822754e-01,-7.074117064476013184e-01,-3.493197262287139893e-01,6.220795512199401855e-01,1.004923343658447266e+00,-5.311946272850036621e-01,-1.717597097158432007e-01,4.018023312091827393e-01,-1.399008035659790039e-01,-5.062124729156494141e-01,-1.841410398483276367e-01,-3.159480914473533630e-02,-6.760997772216796875e-01,-7.311817407608032227e-01,7.406702637672424316e-01,-6.303759813308715820e-01
-1.456139683723449707e-01,7.991164922714233398e-01,2.785944938659667969e-02,1.707736551761627197e-01,3.462387919425964355e-01,-7.636095881462097168e-01,-6.202391982078552246e-01,-7.178016304969787598e-01,3.078739345073699951e-02,9.753859043121337891e-01,-7.594115734100341797e-01,5.583913922309875488e-01,4.043505191802978516e-01,-3.108720779418945312e-01,9.899181127548217773e-01,2.063259184360504150e-01,9.158600866794586182e-02,-2.351370751857757568e-01,-6.036821007728576660e-01,6.919153332710266113e-01,-7.960111498832702637e-01,-6.365130543708801270e-01,-8.920697569847106934e-01,-1.041539609432220459e-01,9.127863645553588867e-01,5.457672476768493652e-01,-2.794983983039855957e-01,-1.809239983558654785e-01,9.779198765754699707e-01,6.583575159311294556e-02
2.546303868293762207e-01,-6.848931908607482910e-01,-7.085124850273132324e-01,-5.033710598945617676e-02,-7.980561256408691406e-02,-6.672956347465515137e-01,-1.077053099870681763e-01,-2.944470196962356567e-02,2.516082525253295898e-01,1.342398822307586670e-01,-6.929246187210083008e-01,1.808936297893524170e-01,-1.372766941785812378e-01,-1.978675276041030884e-02,6.312538385391235352e-01,-4.277686774730682373e-02,2.388636767864227295e-01,7.452021241188049316e-01,-4.679816663265228271e-01,-5.046097636222839355e-01,-6.502039432525634766e-01,8.429754376411437988e-01,-3.416869342327117920e-01,-4.412171840667724609e-01,3.374642729759216309e-01,-4.367569983005523682e-01,-6.480978727340698242e-01,1.946609765291213989e-01,6.361640095710754395e-01,9.936843514442443848e-01
9.799738526344299316e-01,1.101243570446968079e-01,6.124613881111145020e-01,7.713152170181274414e-01,3.382655382156372070e-01,-1.568180918693542480e-01,-1.085617691278457642e-01,1.439859271049499512e-01,-4.955113828182220459e-01,9.675344824790954590e-01,-2.181925624608993530e-01,3.110471963882446289e-01,-3.849223852157592773e-01,-1.340211033821105957e-01,7.823106646537780762e-01,-7.603363990783691406e-01,-3.233827948570251465e-01,6.165153384208679199e-01,4.709731042385101318e-01,-5.250602960586547852e-01,1.846404969692230225e-01,4.195530712604522705e-01,1.216670572757720947e-01,6.787191033363342285e-01,1.493815332651138306e-02,-2.533330321311950684e-01,-9.281888008117675781e-01,1.930524259805679321e-01,3.568710386753082275e-01,-9.824691712856292725e-02
-9.433968067169189453e-01,-7.739424109458923340e-01,-6.750540137290954590e-01,-2.492325603961944580e-01,4.575697481632232666e-01,6.354001760482788086e-01,1.578293889760971069e-01,-4.494750499725341797e-01,-2.780697941780090332e-01,3.816305994987487793e-01,1.657380759716033936e-01,4.202511608600616455e-01,-3.192804753780364990e-01,-8.866695761680603027e-01,6.672899723052978516e-01,-3.195817172527313232e-01,5.314118266105651855e-01,-5.758033394813537598e-01,-1.422145217657089233e-01,-1.829755753278732300e-01,-5.427618622779846191e-01,-5.180673003196716309e-01,-2.857906520366668701e-01,-2.209940254688262939e-01,2.735057100653648376e-02,-5.877188444137573242e-01,6.518861651420593262e-01,3.428877517580986023e-02,-4.491827785968780518e-01,-5.114135146141052246e-01
5.865671634674072266e-01,-1.133358925580978394e-01,1.263549029827117920e-01,3.091470599174499512e-01,8.933163881301879883e-01,-2.632131874561309814e-01,4.830717146396636963e-01,7.762638330459594727e-01,-4.444200992584228516e-01,-1.537342071533203125e-01,9.269049018621444702e-02,-7.515049576759338379e-01,-4.107725024223327637e-01,-6.419404149055480957e-01,3.097591996192932129e-01,9.256173968315124512e-01,9.418327212333679199e-01,-4.913469552993774414e-01,5.372064113616943359e-01,-5.415097475051879883e-01,-2.471155077219009399e-01,4.808537662029266357e-01,-7.505457401275634766e-01,5.611658096313476562e-01,-8.067734837532043457e-01,1.395744383335113525e-01,-5.678055286407470703e-01,-3.157822489738464355e-01,-1.955639272928237915e-01,5.080434083938598633e-01
-1.029069304466247559e+00,7.325746119022369385e-02,4.694194197654724121e-01,3.752951025962829590e-01,7.906556129455566406e-01,1.919128298759460449e-01,-3.749029040336608887e-01,-9.385037422180175781e-01,5.255671739578247070e-01,3.088917732238769531e-01,7.590381503105163574e-01,8.853657245635986328e-01,-7.173433303833007812e-01,-1.065163314342498779e-01,1.348656713962554932e-01,8.572562932968139648e-01,7.147490382194519043e-01,7.505090534687042236e-02,2.443122416734695435e-01,-3.424617648124694824e-01,-8.980203866958618164e-01,4.309591650962829590e-01,-1.073800802230834961e+00,8.774927258491516113e-01,-9.641731530427932739e-02,-2.946957945823669434e-03,-5.150982141494750977e-01,-1.007394552230834961e+00,-9.588932394981384277e-01,3.503798842430114746e-01
-3.017954826354980469e-01,-7.743271589279174805e-01,4.791766703128814697e-01,-2.496906965970993042e-01,-3.908573389053344727e-01,-8.003420233726501465e-01,-7.626009583473205566e-01,9.150205254554748535e-01,-4.831301569938659668e-01,7.532264590263366699e-01,2.028188109397888184e-01,5.814214050769805908e-02,-7.646573781967163086e-01,-5.420414209365844727e-01,8.226798474788665771e-02,6.238364577293395996e-01,-3.207486569881439209e-01,3.859462141990661621e-01,-4.193980097770690918e-01,-1.102572321891784668e+00,4.879569411277770996e-01,-8.697842955589294434e-01,-4.800508916378021240e-01,4.559905529022216797e-01,2.903624475002288818e-01,-5.749596357345581055e-01,7.252960801124572754e-01,-5.421674847602844238e-01,8.350035548210144043e-01,-1.376184374094009399e-01
-2.623457610607147217e-01,-8.665117621421813965e-02,5.973803997039794922e-01,-1.877362132072448730e-01,-7.412201762199401855e-01,-1.770401746034622192e-01,-6.755520701408386230e-01,-8.196371793746948242e-01,-8.083608746528625488e-01,-6.274403333663940430e-01,3.156675994396209717e-01,-6.851638555526733398e-01,-2.090472131967544556e-01,-9.763131737709045410e-01,6.756440997123718262e-01,9.039283990859985352e-01,9.116622209548950195e-01,-2.155809253454208374e-01,1.676397025585174561e-01,8.616789579391479492e-01,8.872109055519104004e-01,3.225003480911254883e-01,-1.296617090702056885e-03,-8.189384937286376953e-01,-3.896778821945190430e-01,-7.407578825950622559e-01,8.706729412078857422e-01,1.906080357730388641e-02,5.283457040786743164e-01,1.607134342193603516e-01
1.122663840651512146e-01,-4.481923878192901611e-01,-4.395876228809356689e-01,2.894953489303588867e-01,3.300908207893371582e-01,1.267827004194259644e-01,2.382041513919830322e-01,9.373018741607666016e-01,1.871681213378906250e-01,5.572803616523742676e-01,-4.087691605091094971e-01,-8.448157459497451782e-02,9.327340722084045410e-01,8.861556053161621094e-01,3.618904054164886475e-01,4.021776616573333740e-01,7.402573227882385254e-01,-5.570264458656311035e-01,2.645893990993499756e-01,4.003287851810455322e-01,2.584972679615020752e-01,1.889862865209579468e-01,5.991653203964233398e-01,-3.584532737731933594e-01,5.405886173248291016e-01,8.647631406784057617e-01,-3.145379126071929932e-01,4.173825979232788086e-01,-9.827643036842346191e-01,6.733609437942504883e-01
-2.712185978889465332e-01,4.193634986877441406e-01,6.070568561553955078e-01,-8.810679316520690918e-01,6.787966191768646240e-02,-3.996597230434417725e-01,4.492254853248596191e-01,7.802814245223999023e-01,-6.804391741752624512e-01,-4.258210062980651855e-01,3.740621209144592285e-01,7.416228652000427246e-01,-6.820431947708129883e-01,1.534509509801864624e-01,-6.497639417648315430e-01,-3.605103790760040283e-01,-7.614038586616516113e-01,3.811061382293701172e-01,-1.477120220661163330e-01,-2.702063620090484619e-01,-8.508310317993164062e-01,6.874133944511413574e-01,8.319646120071411133e-01,9.927973151206970215e-01,-3.872471153736114502e-01,3.045237958431243896e-01,5.785159468650817871e-01,3.746405839920043945e-01,8.710088580846786499e-02,-6.876030564308166504e-02
4.505381584167480469e-01,7.839766144752502441e-01,-8.529759645462036133e-01,3.646356239914894104e-02,-1.231267973780632019e-01,1.816910505294799805e-01,-9.522546529769897461e-01,3.941743969917297363e-01,1.033166170120239258e+00,-4.350605905055999756e-01,-5.769212841987609863e-01,1.456600874662399292e-01,-3.044060766696929932e-01,1.745772808790206909e-01,-5.815312862396240234e-01,-8.776420354843139648e-01,-9.599678218364715576e-02,-7.137606739997863770e-01,6.374535560607910156e-01,-2.276361733675003052e-01,5.236298590898513794e-02,3.875397741794586182e-01,-8.139926791191101074e-01,-9.245495796203613281e-01,4.146182164549827576e-02,9.636703729629516602e-01,6.945155262947082520e-01,-9.171475172042846680e-01,8.510473370552062988e-01,9.342299103736877441e-01
5.223335623741149902e-01,-6.464538574218750000e-01,3.176097571849822998e-01,-3.588499426841735840e-01,-2.220511436462402344e-01,5.860896706581115723e-01,-6.007118225097656250e-01,-4.968719556927680969e-02,-2.187017351388931274e-01,6.208084225654602051e-01,-8.486650586128234863e-01,8.721905201673507690e-02,-7.910771369934082031e-01,8.497360348701477051e-01,1.758515387773513794e-01,1.584457606077194214e-01,-1.154840588569641113e-01,4.578393399715423584e-01,-1.946513354778289795e-01,-3.970237970352172852e-01,-5.076435804367065430e-01,-3.075121939182281494e-01,-1.775542199611663818e-01,9.003302454948425293e-01,6.275938451290130615e-02,-7.638962268829345703e-01,-7.552278637886047363e-01,-8.843954801559448242e-01,-5.512354373931884766e-01,-7.239540815353393555e-01
-9.283015131950378418e-01,3.266492784023284912e-01,-2.539504766464233398e-01,-8.701140284538269043e-01,5.499336123466491699e-01,-7.359935045242309570e-01,-1.338340193033218384e-01,-6.202561259269714355e-01,1.290767937898635864e-01,-7.068981528282165527e-01,2.546483278274536133e-02,-6.414586901664733887e-01,-8.426190614700317383e-01,9.587335586547851562e-02,1.649643182754516602e-01,-8.130399510264396667e-03,4.671998620033264160e-01,-9.031305909156799316e-01,-8.476306796073913574e-01,-4.836133420467376709e-01,7.778694033622741699e-01,8.135206103324890137e-01,-9.024635553359985352e-01,-3.728266656398773193e-01,3.234375417232513428e-01,4.482705593109130859e-01,6.972218155860900879e-01,4.277068674564361572e-01,2.978647649288177490e-01,-9.600018262863159180e-01
8.746601939201354980e-01,3.959096372127532959e-01,-8.914963603019714355e-01,-5.152114033699035645e-01,-7.327705025672912598e-01,-2.665962278842926025e-01,3.826694786548614502e-01,2.098837494850158691e-01,7.852562665939331055e-01,8.850797414779663086e-01,1.746458262205123901e-01,8.169946670532226562e-01,-7.025185227394104004e-01,-8.780393600463867188e-01,-8.634220361709594727e-01,-7.684288620948791504e-01,8.130892515182495117e-01,3.679612278938293457e-02,-6.533028483390808105e-01,8.443334698677062988e-01,-5.790758132934570312e-01,-1.903987377882003784e-01,-9.183574914932250977e-01,3.895921707153320312e-01,-3.364437520503997803e-01,-4.255888760089874268e-01,-2.902834676206111908e-02,3.065069615840911865e-01,6.619653701782226562e-01,2.351851761341094971e-02
-1.052184775471687317e-01,-3.446963131427764893e-01,-2.530264854431152344e-01,8.854098320007324219e-01,-1.720075607299804688e-01,1.009230375289916992e+00,4.639512598514556885e-01,-3.108300864696502686e-01,5.226907730102539062e-01,6.700990200042724609e-01,-4.536431729793548584e-01,7.728005647659301758e-01,-5.588871240615844727e-01,-7.126577496528625488e-01,4.754645228385925293e-01,-3.992974162101745605e-01,9.504655003547668457e-01,5.883912444114685059e-01,8.586710691452026367e-01,3.437406122684478760e-01,5.476561933755874634e-02,-9.910366535186767578e-01,-5.654706954956054688e-01,9.581589102745056152e-01,-6.708515882492065430e-01,4.971332848072052002e-01,2.390956580638885498e-01,7.478923797607421875e-01,-6.525154113769531250e-01,-5.127527713775634766e-01
-7.320638298988342285e-01,1.805415600538253784e-01,-4.279937446117401123e-01,1.793271154165267944e-01,-9.221675992012023926e-01,-7.116400003433227539e-01,5.549653172492980957e-01,5.232407450675964355e-01,-3.374207615852355957e-01,4.750608801841735840e-01,-6.748135387897491455e-02,-8.141885399818420410e-01,-6.742076873779296875e-01,2.966242134571075439e-01,8.635179996490478516e-01,-2.588266134262084961e-01,-6.935602426528930664e-01,3.945510834455490112e-02,1.470892131328582764e-01,1.486771255731582642e-01,2.839340269565582275e-01,-5.283361077308654785e-01,-9.549239873886108398e-01,-1.640076935291290283e-01,-7.863948345184326172e-01,-4.533572793006896973e-01,-2.482640594244003296e-01,-4.171239435672760010e-01,-7.802899479866027832e-01,-5.131858587265014648e-01
-7.907886803150177002e-02,7.169045805931091309e-01,8.867478370666503906e-01,3.008407726883888245e-02,-5.084542632102966309e-01,-4.532262682914733887e-02,-3.304579854011535645e-01,1.869931071996688843e-01,8.644166588783264160e-01,-6.385907530784606934e-01,-5.906486511230468750e-02,9.970395565032958984e-01,-4.255290031433105469e-01,4.139252752065658569e-02,-3.926628530025482178e-01,-1.926279067993164062e-02,-1.444400288164615631e-02,6.794037818908691406e-01,6.208796799182891846e-02,-1.032407879829406738e+00,-4.586778581142425537e-01,9.770985245704650879e-01,5.198677778244018555e-01,-2.432540431618690491e-02,-8.516010046005249023e-01,-7.196273654699325562e-03,-7.450672388076782227e-01,1.335223168134689331e-01,-5.902835726737976074e-01,-8.029239773750305176e-01
6.680907607078552246e-01,6.483879685401916504e-01,-9.047099947929382324e-01,1.219198107719421387e+00,-4.921332597732543945e-01,8.614646196365356445e-01,1.105553030967712402e+00,3.917410075664520264e-01,5.992994308471679688e-01,-4.257564246654510498e-01,4.756983518600463867e-01,-7.513779401779174805e-01,-7.570024728775024414e-01,-8.043129444122314453e-01,-1.109674572944641113e-03,-8.814025521278381348e-01,7.939863801002502441e-01,-3.665560483932495117e-01,-1.073248982429504395e+00,7.825695872306823730e-01,-6.285821795463562012e-01,-1.721040308475494385e-01,3.409537672996520996e-02,-7.822883725166320801e-01,-5.143378376960754395e-01,6.487103104591369629e-01,-2.681428194046020508e-01,-7.133885622024536133e-01,8.655019402503967285e-01,7.663155794143676758e-01
2.810146212577819824e-01,8.517212271690368652e-01,-8.782177567481994629e-01,-1.784647256135940552e-02,3.310563266277313232e-01,6.939659714698791504e-01,-5.478731989860534668e-01,5.579811930656433105e-01,4.481079056859016418e-02,-3.430894315242767334e-01,-5.138481855392456055e-01,4.910492599010467529e-01,-8.257441520690917969e-01,9.202574491500854492e-01,2.640968561172485352e-01,3.304797112941741943e-01,2.514597773551940918e-01,1.246537417173385620e-01,5.669881701469421387e-01,2.314608395099639893e-01,1.380814909934997559e-01,1.874904334545135498e-01,5.943976044654846191e-01,-6.392784416675567627e-03,-1.966726779937744141e-02,7.359846830368041992e-01,7.381574511528015137e-01,9.239886403083801270e-01,-8.604483604431152344e-01,1.571566760540008545e-01
-9.624153971672058105e-01,6.796594858169555664e-01,-9.095862507820129395e-01,9.412365555763244629e-01,4.997589588165283203e-01,4.725755453109741211e-01,-2.356985211372375488e-01,-8.447882533073425293e-01,8.959347605705261230e-01,-1.599007844924926758e-01,5.154615044593811035e-01,3.333828151226043701e-01,-5.188626646995544434e-01,-8.956909775733947754e-01,1.072252839803695679e-01,4.555743634700775146e-01,9.565584659576416016e-01,-5.852557346224784851e-02,8.265154361724853516e-01,2.665600478649139404e-01,2.867182716727256775e-02,-1.150024309754371643e-01,9.137446284294128418e-01,-2.607890069484710693e-01,1.908831596374511719e-01,8.413500189781188965e-01,6.742917895317077637e-01,9.122062921524047852e-01,-1.299716979265213013e-01,-3.681958019733428955e-01
-6.764932870864868164e-01,6.148991584777832031e-01,4.843434691429138184e-02,-1.045735403895378113e-01,-5.277348756790161133e-01,7.543581724166870117e-01,9.574327617883682251e-03,7.575691938400268555e-01,1.918544471263885498e-01,-4.223357141017913818e-01,6.994150280952453613e-01,1.088569641113281250e+00,7.326893508434295654e-02,-7.295095920562744141e-01,-1.968074142932891846e-01,-7.958636432886123657e-02,-9.812364578247070312e-01,2.391639798879623413e-01,-9.929716587066650391e-01,-3.949044346809387207e-01,2.424587011337280273e-01,2.373305559158325195e-01,-8.221633434295654297e-01,3.814744576811790466e-02,6.263614892959594727e-01,-3.508041203022003174e-01,-7.064652442932128906e-01,5.490688681602478027e-01,-9.278322756290435791e-02,-5.942632630467414856e-02
-7.718576192855834961e-01,2.096431106328964233e-01,7.481996417045593262e-01,-1.871929913759231567e-01,-6.080542802810668945e-01,7.664520740509033203e-01,4.021289944648742676e-01,-6.424684077501296997e-02,-5.318470001220703125e-01,1.179596334695816040e-01,1.930519938468933105e-01,1.324297040700912476e-01,-6.431462764739990234e-01,8.875356912612915039e-01,6.902583837509155273e-01,7.271401882171630859e-01,-9.370180964469909668e-01,-2.910336256027221680e-01,-5.980821251869201660e-01,-7.798957824707031250e-01,-3.055467605590820312e-01,-1.845614053308963776e-02,-1.097477674484252930e+00,-4.198205471038818359e-02,7.839322090148925781e-01,6.962215900421142578e-01,-1.725921332836151123e-01,6.062131524085998535e-01,1.098992586135864258e+00,6.256023049354553223e-01
