,arg,BitOr,Lt,Raise,Starred,ExtSlice,While,UnaryOp,Index,FormattedValue,And,FloorDiv,Del,Pass,Slice,BoolOp,Return,GeneratorExp,Try,Delete,Expr,Module,AnnAssign,comprehension,Gt,ClassDef,Assign,Continue,Load,LtE,Tuple,Lambda,Is,Not,Yield,AugAssign,BinOp,Compare,Eq,NotIn,Call,DictComp,Set,Or,Import,USub,Add,Assert,Name,BitAnd,Pow,withitem,NotEq,NamedExpr,With,Mod,Mult,BitXor,If,Nonlocal,Break,SetComp,RShift,arguments,YieldFrom,alias,ListComp,Sub,Attribute,In,Constant,Store,IsNot,ImportFrom,GtE,keyword,Div,Subscript,LShift,Dict,List,JoinedStr,ExceptHandler,For,Invert,Global,FunctionDef,IfExp
0,-57.35721,-20.701454,-35.658775,-124.92468,34.876057,-64.658424,16.795237,-97.397514,-11.567413,-95.73865,-46.337482,-25.691233,-50.440895,-57.427544,-49.0126,-0.5436257,-137.05533,-20.585655,34.135426,-83.93999,-26.580248,-26.503294,-47.500072,37.552105,-26.319304,17.8834,-137.39056,-49.327015,102.662254,-14.928524,20.331583,35.979454,-30.701977,-155.64278,7.4690385,-38.409416,109.71752,-20.362745,-21.599035,-27.418072,21.213484,-7.8498535,14.352846,-31.778345,-132.1074,-102.56055,-0.03693771,-9.597916,-17.789352,-28.891764,-28.045345,-72.41737,-40.617958,1.5725685,-1.0107933,30.662098,-14.724271,-2.9739194,76.12025,-1.6428454,-52.369343,-12.345849,-8.8102455,16.025423,14.101701,-143.51799,-24.333464,-31.97608,5.048097,-13.354032,-28.695232,36.66481,-36.984745,-138.75348,-18.214264,50.347393,-24.157614,-10.663542,-6.309614,11.754552,-31.972197,-8.368837,79.96637,5.2986813,-13.710385,-13.340308,140.31096,27.509712
1,-71.83978,8.805656,2.140469,3.0787358,-2.9008431,80.71483,-80.01962,-7.603391,14.671683,61.09015,0.71082175,24.231348,-13.734275,-142.21951,94.45556,-13.828865,36.882763,20.186785,-190.10661,-11.987769,12.573071,-138.01974,-10.442499,85.550705,-2.8673825,-142.09941,18.351955,-69.890305,53.657467,13.138459,4.4883947,-9.101952,-12.090374,73.960686,-108.33414,-27.903572,58.69568,2.3145213,-9.489996,10.219629,-3.6579463,-2.5268846,-2.407869,-3.3887715,-19.753307,183.61325,49.74081,73.12419,-55.66896,19.281616,25.728842,93.045364,-0.9988189,2.7214,-148.965,38.2468,48.484962,-6.9725924,-38.899323,2.6159964,-70.01791,-3.7173576,4.0800037,-152.23314,-28.208843,-136.7348,5.602943,57.19496,35.10481,-6.636975,20.130106,-183.87366,-9.157175,-35.032333,7.5330944,41.07581,24.285511,20.704294,4.3932314,5.186042,25.591473,19.643124,-158.5178,-89.62795,14.461197,-9.24971,-84.16993,34.329018
2,71.403366,32.90796,73.73476,36.27608,47.694637,10.963186,65.65756,-44.531975,15.883909,126.57854,81.29576,39.68406,36.00742,80.24252,54.58501,94.062195,15.3444605,-2.7961419,108.39575,-3.781624,53.81845,40.896957,22.239744,193.86021,78.33916,70.68172,37.15897,57.134636,60.18554,47.634808,65.497055,-24.475645,104.406204,69.205444,10.689972,67.39273,57.461197,-31.917555,133.60277,73.67645,102.44505,19.20085,54.879784,76.80973,59.838665,41.488308,88.85082,105.1335,53.03402,40.190166,37.990982,140.00266,89.61488,1.9788073,131.1023,96.52796,67.10847,19.590647,98.61296,1.84462,59.650455,14.22755,22.470266,-18.005594,34.523815,130.97601,-25.923967,50.57551,101.157295,111.071304,-0.57667124,171.55653,85.9575,69.795265,60.763966,83.51991,55.645668,33.194153,32.763134,61.20643,40.686653,42.776024,133.69049,75.36938,14.064227,19.729311,26.694965,56.896908
3,85.375046,-27.688303,-22.159985,55.491768,-33.59907,11.014513,-24.598017,13.379107,-73.1637,43.22228,-47.277004,-27.071323,37.830265,63.739723,-26.207764,-13.302898,43.437664,-68.98934,-33.25223,73.09164,74.045746,30.408403,15.709233,18.510483,-31.83999,19.350937,42.82102,12.335899,-76.74394,-19.431889,-81.61219,-27.111593,-51.126648,-4.5641823,-36.1414,119.802345,10.582999,-68.83025,-107.08722,-35.635315,-67.48695,-30.139307,-12.441553,-65.93119,121.089264,-36.408054,-85.9421,8.535333,-124.27137,-32.726917,-36.710907,90.459045,-30.335089,1.2121382,-75.394394,-104.85387,-96.801956,-3.9806068,1.5293721,-0.35969257,14.055702,-4.4736085,-5.9931974,153.31702,-16.017231,30.196062,-67.42435,-82.39098,-79.431625,-57.048096,-151.58417,34.787964,-34.901314,133.48456,-36.92358,-86.785194,-60.472385,-2.733018,-11.747711,-149.56473,-167.04897,-63.915897,22.064049,-10.58577,-2.5048757,4.06142,-43.76109,-53.961338
4,74.65586,14.124038,-26.811821,-44.23495,26.691666,41.622356,-17.37589,-41.713326,71.57455,3.536572,-11.452861,13.276847,49.8313,-37.940918,143.49742,74.60189,-98.13863,-13.166961,-42.99845,48.838707,-52.931183,-41.64349,-31.90776,-93.731026,-26.188692,28.459215,-93.02903,-35.990917,-96.8454,-2.8505516,-40.31271,8.558921,-40.982563,47.79825,25.267897,-38.235428,1.0957354,-29.624283,-23.764082,-25.091473,-23.551685,4.2639604,-5.764582,-21.240751,94.417725,87.14477,25.115372,-85.10746,13.802094,12.185597,17.281218,-53.193115,-28.046242,-1.4610107,-26.349634,2.929852,12.335356,2.2607214,7.7863135,-2.5547385,-28.327868,2.331882,2.8814902,-59.26879,21.649084,-38.38616,-13.060779,20.207113,29.469282,-29.02914,-67.06829,-117.37021,-31.463718,117.94057,-11.239204,-9.826535,13.158612,13.119117,10.546468,-69.77738,-33.35536,-37.884434,61.915516,-36.148853,9.285302,-4.245801,-8.343151,-32.14394
5,-70.16592,-46.987427,-35.851467,95.052444,12.472347,11.152027,-6.516034,156.73651,-0.8811909,-83.0655,52.15546,-44.01658,-34.98482,-57.07017,12.60262,68.52963,37.100662,-38.0016,-66.811966,-31.689075,51.484768,-64.89946,-41.934658,12.65298,-28.18212,-22.345272,-5.023111,11.109106,1.9107924,-22.810614,-51.95024,-74.19501,-35.025795,60.953564,22.282969,22.919327,59.25697,160.17732,-37.679386,-25.291515,-11.268175,-25.240004,11.811374,47.638542,-33.37087,-19.051107,-109.07264,33.350334,-95.37135,-48.438663,-45.385284,32.878883,-34.087852,0.90602124,71.98619,-104.95702,-86.25304,-9.066988,27.625679,-0.4866012,16.326746,-12.249951,-16.34592,-6.139862,13.634612,-143.21739,-36.598484,-87.188805,-10.856058,-29.656187,-124.88811,57.487743,-27.147871,-38.032227,-26.433659,53.187103,-59.188908,-0.8225108,-22.523804,76.37504,27.50679,76.231384,-34.49947,2.8197823,-0.8457724,-3.1034222,-113.03423,26.736343
6,109.37345,0.90367746,-40.468155,-0.28254786,-25.389055,-13.264479,-41.557663,-118.76854,-8.042669,-34.790512,13.210728,6.1061234,46.470913,75.273315,-37.151657,-55.492462,79.962715,42.97017,21.434586,79.975685,-36.493187,35.055466,25.50113,74.742455,-45.121624,41.69703,69.49113,5.269145,-25.202024,-27.242691,-16.418287,1.6785125,-70.62415,-38.966473,-95.317726,-4.464878,-100.96755,111.01386,-90.43289,-43.069695,-51.423008,38.676754,-28.3096,18.622873,46.13228,-74.397385,-41.846485,-47.793636,24.693096,-1.6230032,0.44469056,17.406485,-38.32038,1.7225876,-10.572683,-54.60049,-10.838698,6.142924,-133.31847,2.084512,1.5381733,10.976937,3.550414,55.720425,-41.649536,119.57186,57.312637,5.5651054,-68.733635,-76.16194,-110.073494,123.3464,-51.839424,54.13789,-31.707764,-57.320206,4.1003118,44.91072,4.8256083,-74.87426,-34.688053,64.18565,33.21443,-82.919716,-8.327557,9.678644,-31.003645,-5.0546417
7,185.84319,22.216795,-12.731436,-140.37413,9.007749,66.58199,-12.3453665,-124.33196,-4.9942355,60.14041,-64.69374,24.971615,23.637735,38.07887,43.63852,-93.82615,-103.12365,-34.030518,23.167608,13.025956,-154.6302,102.75537,13.418177,-69.85599,-30.324778,136.47159,-85.96311,-50.37948,87.05208,10.467153,14.879187,85.69844,-68.62351,75.436714,-4.5498447,-71.7331,54.708324,-207.60468,-56.885685,-19.0907,45.76517,21.809605,15.077014,-43.78342,175.51752,226.92313,54.284008,-203.86835,-5.8190117,11.100523,29.186752,-160.23094,-30.195246,3.150981,77.52856,71.478355,68.49072,9.111038,-46.494587,-2.3220277,-55.059135,6.405718,2.9327595,90.647736,31.980598,167.09755,-6.6496553,60.70176,-4.0116405,-56.25371,176.45691,38.236645,-51.049995,195.22485,-11.333199,49.60598,37.2379,28.301907,10.574874,101.51524,47.497086,168.77199,35.49977,-35.080334,21.628103,11.4691925,-11.337686,32.974792
8,-170.75557,20.34686,-16.981298,-33.91941,-9.358231,41.01861,13.464107,42.621895,-49.08604,-49.608738,6.7621017,10.923705,-8.035119,-79.0155,-19.9666,-56.06452,-94.33467,-6.1497455,0.7758487,2.3765924,-88.369965,-83.32782,-68.798294,60.497578,-14.796148,-93.9286,-55.74768,-26.15837,6.0157967,-15.785655,24.272177,-46.150623,-46.546043,-69.44889,6.340039,18.833515,36.0577,-139.99185,-73.79755,-11.334809,-17.542044,4.5385385,-25.17246,13.966168,20.107855,-21.20472,112.57322,-156.2388,37.135952,12.427274,14.096782,-92.377975,-31.671953,-2.307331,-22.925404,75.317894,33.936146,-5.5208797,29.201826,0.48069873,-33.003956,-9.698192,-2.487972,-169.37767,3.4084215,-145.62057,-8.59823,52.09107,-6.982091,-14.836128,-19.188694,-77.796776,-31.945526,38.073376,-17.894226,-87.696884,18.554857,116.92797,4.7218113,-141.32216,-96.345,55.149044,-25.966835,6.5243855,-11.192875,-15.970477,-54.530495,-22.798483
9,-75.28431,12.041693,-67.38942,58.92968,6.2669487,-49.328156,8.164474,-129.952,-48.680866,92.44241,-58.3942,8.593461,-60.240353,-37.54821,-56.545986,-77.3536,9.78039,-40.46769,12.564715,-72.21382,-53.989037,-9.627334,-52.177284,-25.571749,-59.62658,36.03466,-74.76612,-22.612736,-36.290802,-39.059692,-31.885315,-60.00672,-75.79756,-95.938866,61.86252,-15.816166,73.518196,80.34544,-72.23123,-59.944023,60.227703,0.5224182,6.819655,-35.64176,-68.2619,-110.40662,56.885357,-83.4391,-40.393955,6.4620667,9.9481945,-104.312225,-60.766075,0.60696423,2.4719222,64.95115,47.98076,-8.465182,-35.31736,-2.6506193,-31.536201,-7.862853,-0.6112636,-14.883444,5.833998,-112.49437,-4.908543,35.20508,27.735165,-77.774124,-36.99557,77.50469,-64.16283,-86.15319,-49.51749,11.13483,26.02264,-11.059378,-2.4372041,34.66607,44.048996,57.685097,-26.377789,12.780356,-16.678938,-10.061287,-114.60185,6.02032
10,-25.574297,41.076546,110.443054,-37.04957,-13.93989,60.85929,39.775013,31.312136,-3.3517115,6.9469557,184.00107,51.894463,38.690845,48.34655,-27.237568,101.24475,83.31387,8.434332,44.48296,62.906307,-0.08865814,2.2051694,-10.090924,-17.795185,109.78589,8.726047,-9.883333,62.78097,96.61265,64.4963,60.40696,-34.898407,152.97511,152.72855,24.505346,39.283108,33.45569,138.15034,191.95056,109.56466,162.20314,26.13766,10.937445,145.1432,127.59403,81.83171,67.22076,83.18663,-57.075535,53.77603,46.47729,-56.321545,132.91516,-0.48045906,-16.911192,80.02866,55.148296,22.247604,57.71547,2.9071157,60.28864,21.8503,25.650288,48.937283,15.641928,99.14391,1.0467818,62.43279,-45.38301,141.67468,37.851173,4.280166,139.80583,143.09637,90.14031,-35.15318,46.614017,64.703575,32.214745,-53.67679,-27.484957,0.428558,67.94461,0.047856152,23.797283,18.267511,-51.74492,24.817879
11,-24.850405,12.182445,-28.410995,-63.517643,6.2523017,59.286594,-23.520853,116.49267,-70.73978,-39.605442,80.56609,17.745369,-17.065187,-31.193066,-54.986427,88.72904,59.885384,80.9445,-73.4092,10.305702,-28.608015,-33.84011,13.5636215,61.880493,-17.526657,-2.2375252,48.2128,-15.717448,27.041897,-16.756538,56.468773,4.5997357,-47.48811,86.25025,-37.83243,-27.422657,-17.029022,105.57747,-26.326994,-22.870852,32.982197,43.263012,-31.09872,61.137245,-61.055054,135.0996,45.27126,-17.363457,92.41223,9.969239,18.020512,12.849954,-23.273754,-0.6073462,-17.87851,14.524775,46.910656,3.632623,-33.66766,-0.95192987,-13.7255535,9.381944,1.5165088,114.636826,-14.616236,-102.86823,103.73826,52.99727,17.88744,-28.57349,45.94688,21.028866,-29.453777,-85.91738,-14.9539175,-32.503292,24.13141,69.037735,3.9820445,-16.54337,32.88398,-142.11523,-97.610596,-33.28379,7.1039863,3.6941907,-86.9021,8.339526
12,-53.374992,54.47222,59.22218,36.44791,8.493061,-4.9183106,75.30741,-0.8815639,-56.37045,-102.59813,91.87395,52.172897,-44.030502,-10.089213,-50.159496,113.87952,-40.722397,38.819042,46.602543,-42.138664,-66.3613,-2.3630962,-47.331932,16.681074,68.89785,-11.1694145,-60.94259,63.338047,-6.4728765,34.450165,50.5786,11.152914,104.18479,73.01067,3.3742526,99.177704,127.61041,125.68475,136.43983,68.38182,-42.369957,26.033953,10.135121,68.397,-47.017704,-31.954613,145.08282,-33.552296,-5.9656596,56.29792,45.8223,-132.14456,70.14502,3.062544,-55.957687,116.35013,94.43029,15.037979,69.4345,3.145767,58.75504,14.040512,22.70333,-38.088478,1.8288606,47.022778,44.120094,85.16965,-0.7707411,105.35252,3.9456792,-29.10848,91.90063,-65.90563,55.066586,-27.51929,70.47671,51.48838,32.788975,-29.884773,1.3190976,-33.285816,-4.7997885,52.024944,4.0093055,6.3800054,68.11357,12.613347
13,-75.8268,-16.593147,-58.38008,12.844695,-5.908463,-49.36219,-52.07223,123.293076,-4.9736195,48.865284,-106.9497,-21.305904,-15.641418,-108.154045,35.345737,22.168215,-32.055565,82.199165,-82.03215,-29.333994,-79.16289,-60.764904,-43.910015,-122.4788,-59.578365,-54.23583,-38.951706,-47.04393,38.297626,-42.45628,-41.072502,-31.439411,-73.5968,-128.75038,-35.208622,-70.84804,-79.1731,-47.166206,-99.591805,-58.931534,10.0651865,38.25908,-7.027527,-91.147316,-92.073814,-154.5348,-34.79993,-69.41496,-139.61818,-24.158363,-27.110981,-73.92757,-66.3629,-2.4022448,1.10623,-54.33529,-27.162167,-15.526408,-96.43959,-1.9026915,-46.720356,-2.1960378,-10.971481,-144.84813,-20.777723,-142.11546,99.18301,-42.84147,17.443419,-74.62107,-118.65715,85.60977,-71.661644,-99.18712,-50.35608,-50.162155,-25.529629,-86.81637,-22.140131,-66.184425,-54.495747,-49.068363,-55.04985,-76.353325,-26.294357,-17.160254,-42.186638,-34.878887
14,67.43947,-16.477219,29.291525,-85.866394,27.167362,93.17628,-31.588531,91.44957,-24.502832,-2.5814948,34.351673,-16.875023,38.449642,-33.8496,-18.08632,76.694664,-106.96794,54.224808,-29.397127,44.799458,-192.29547,-9.947257,-29.567095,-8.827838,38.816704,3.6969323,-92.36544,4.7679667,0.17856677,31.54774,-3.9662864,35.240017,64.85829,116.056885,-38.65113,-12.061856,-2.9253106,95.50556,132.90587,38.6184,-44.96628,34.199986,12.051102,23.179487,8.013198,140.95186,-50.959087,-23.82362,16.84026,-26.798798,-19.96916,-38.21556,49.31387,-0.10578317,8.023716,-86.39547,-54.82286,5.1054754,-71.9674,-3.2392416,2.4815044,12.4674835,-2.851079,125.65024,20.326393,36.48232,50.61152,-33.391205,40.04229,55.706905,-0.2647217,2.020671,50.74817,-4.730035,42.879753,10.649943,-35.47554,122.052536,3.5877466,-64.4427,-40.575603,9.136434,-62.23904,-22.49731,16.326256,4.2105207,40.585175,-5.5333095
15,-73.10321,-51.446056,-0.5203871,-152.43144,-14.524223,-70.145935,-34.96659,-135.4349,57.69192,-19.654932,-37.186657,-61.97759,11.443198,-96.6187,12.342367,106.20552,-15.570185,13.594162,-40.459843,6.0350924,-105.73939,-98.53196,-13.981803,81.46938,6.122333,-35.277035,-30.639303,-42.622204,33.308037,-0.48545533,-24.79637,-8.824799,17.31725,-19.760778,-43.250233,-59.411156,-76.428154,87.07082,42.356594,-2.462627,20.940645,-2.07153,-19.147812,-42.33159,-111.97385,-42.990658,-145.94884,61.612564,-8.519647,-59.4463,-53.708797,-114.25555,5.089387,-3.8977704,-116.91212,-92.54902,-101.96745,-14.463022,-3.186708,-2.875968,-44.73181,-10.4465475,-23.00788,-93.022095,-33.581524,-216.69438,-4.4986596,-89.237785,-21.536543,22.11984,-34.805305,-7.8533688,8.998447,-114.54938,8.514127,-52.541847,-72.43758,-35.03253,-27.641567,-67.74102,-30.864658,-66.586655,52.346455,-39.230484,-4.2154703,-15.272716,68.25477,27.888426
16,187.62988,54.345478,4.4803376,-38.78353,62.516724,63.627613,52.827316,113.06726,102.368805,38.469147,115.835175,53.052338,105.69502,29.216904,78.22356,-66.61638,-43.530197,83.4681,65.4892,101.181244,-50.599777,48.114403,36.13988,-31.982925,19.486097,57.687008,27.884045,59.84872,127.902695,7.383728,64.826996,39.99248,8.371156,149.54782,217.5842,21.722204,-9.385442,103.19655,61.56861,11.035624,74.09002,65.97945,7.3621764,101.121925,35.28104,114.51032,137.11626,-119.4845,88.535515,46.19744,55.276386,-36.331177,5.562041,-1.8840665,76.19887,98.300835,92.532936,21.348368,89.880005,-1.3582785,64.38565,28.539673,24.633646,-58.900703,56.356125,119.889244,111.63304,101.29191,78.06818,23.34629,170.76671,250.36807,8.610203,45.0309,14.932558,13.265234,81.56809,75.897896,38.344265,11.413507,31.640709,-2.4703712,59.503006,131.49684,21.696316,18.655117,66.113106,5.6813407
17,-8.330902,14.606492,26.619259,-5.4514346,45.23483,34.073772,-37.838436,-8.851273,24.225458,161.66788,5.802718,19.932655,33.336605,-3.4603336,60.190453,-36.816242,-24.366402,143.8842,40.798996,10.26713,15.192371,-5.8460126,-22.98031,84.74188,32.00432,-33.373184,-88.00258,-22.823692,73.48595,27.367676,4.4888606,34.571312,31.55804,-91.199844,-36.10241,-22.995562,128.11705,-56.871574,47.375427,33.38055,42.58467,72.37608,12.330735,21.876019,33.289944,0.29551154,41.47533,40.04251,93.636475,11.137835,17.329575,22.204174,36.85274,4.0679803,65.03133,58.062035,35.05705,11.102444,-15.805793,1.5698647,-31.557947,15.430519,10.0375,-0.35002577,19.812086,116.46436,164.11075,26.229206,38.840496,41.47549,18.937706,7.3622255,27.372179,24.969599,39.607674,7.9209013,25.266829,-26.494015,13.100899,-10.806933,-11.3134165,118.0964,-0.872413,-61.286945,3.1664233,7.3657794,-43.784515,44.89673
18,-232.51639,-50.0057,-19.210657,-173.24608,-14.213663,-69.520134,-6.034382,-118.34322,-102.27159,7.41546,32.474407,-73.668526,-77.25561,-72.94827,-44.05223,40.33673,-133.8525,-25.71631,23.323805,-98.69665,-191.54448,4.4940166,-88.98164,-14.57386,-18.48541,-7.2709775,-189.331,-58.429806,-92.71471,-9.621969,-91.202194,-60.08755,-28.32216,62.382717,-78.12308,-118.701485,-80.30675,-93.0586,-31.117386,-20.42217,72.54812,-3.669879,1.6874913,24.99118,-64.31355,-16.966549,-138.16434,-131.9658,1.8675758,-71.83736,-64.63205,-43.852413,-28.65274,-3.2329395,55.96158,-92.775085,-109.068596,-15.156494,40.72445,-0.08064667,-53.055717,-16.740932,-31.912989,-62.70916,-1.571947,-39.997486,-42.282566,-133.1194,-18.031385,-11.1841545,-85.65419,-8.913691,-30.812988,-72.20064,-13.245723,-11.558737,-84.916756,-70.32973,-25.729317,-29.567411,-44.564724,14.837506,97.88237,-50.10247,-0.74164146,-21.627022,22.284203,2.7485595
19,-63.54495,9.944421,-4.0231175,-116.76084,-13.201256,97.39823,-27.264885,138.4724,145.66081,28.391207,-33.031963,12.7998295,55.773586,-82.953606,137.90027,-77.40556,-123.45191,29.84629,-82.9261,39.08234,-61.406124,-26.427975,-8.087752,118.01745,2.4579139,-67.49199,-61.13717,-22.096632,-88.35007,14.266254,121.72061,11.936673,-12.529026,-46.430363,-75.76286,-1.0741568,17.455397,-71.70381,-4.386471,1.5243872,-44.465427,54.21627,18.043537,9.494127,-27.765099,77.79047,35.55497,-74.375305,-24.724026,6.0127106,20.044699,-72.41416,-3.063307,2.217343,-88.32881,6.1132383,28.820595,8.200132,-66.06468,3.0745037,-20.25159,11.4995165,8.039743,29.647148,-27.800121,118.284134,87.07319,50.055145,-58.024223,7.226003,-36.944153,50.54337,-12.671016,-34.286842,23.261578,-16.127731,29.131258,156.53552,12.121858,59.85645,106.59135,86.5072,-12.113232,-47.97675,0.82627547,-1.6035609,33.373726,57.390827
20,99.213585,13.214104,-68.90268,98.18526,30.507427,46.4608,-54.02961,74.8277,35.820053,41.691883,-75.90836,29.403814,-11.32421,-4.4517837,51.431633,-6.0291457,16.98775,-103.939606,-37.323708,-16.005482,91.02166,-52.902813,13.387344,-73.214165,-69.31145,-27.964905,37.498535,5.5643663,33.574562,-42.94061,-1.7395653,45.279842,-91.57616,-76.45543,186.10246,46.352814,108.80839,35.52628,-99.34002,-63.363403,97.47667,-25.102716,1.1465256,-54.826134,-0.26980585,29.545385,58.03515,-82.89604,-19.062263,28.475842,28.209946,62.14761,-78.10256,-1.8905714,-44.970123,64.23672,46.374996,0.76780796,-120.72891,1.0364047,6.891763,-7.476218,12.1233835,40.232685,47.613094,-75.61483,-67.03607,58.154915,-35.931522,-93.25819,26.869179,-15.672316,-86.64427,8.210658,-61.917442,95.20087,39.61535,53.23144,5.9463897,81.38851,34.55017,62.236847,3.0051677,-69.23974,-6.2131395,-3.0811818,90.69313,0.4490792
21,-114.85579,0.13668922,-18.447557,22.211823,6.9631076,31.937033,-56.83726,-28.762468,81.53398,119.13067,32.305737,7.507504,59.574146,-47.979233,115.66436,0.14522094,71.06573,39.806522,-54.2524,63.396244,-74.16012,-55.76577,17.444729,205.35799,-23.197021,-149.61563,69.0531,-10.839122,-30.923212,-7.460297,-38.861282,-66.108925,-56.93969,45.284027,47.151993,94.21037,88.58988,21.75774,-87.300766,-18.23981,-70.331955,24.65324,-26.297495,28.50494,55.342037,43.204594,-25.866356,-63.276093,-60.843636,6.086422,1.4356852,-4.2249064,-28.055021,-0.41507125,-50.88365,-26.049795,-8.155778,4.147963,-68.80623,1.2492553,-9.993,4.466528,0.41548312,-111.93099,-23.481436,60.081852,45.80559,26.946798,-45.0039,-39.412518,-3.0129569,9.307312,-34.14538,64.02635,-14.999557,-11.163435,9.7453375,-47.817127,5.78377,-63.05123,-7.5704546,-88.69499,11.149163,-4.4510307,5.678302,0.44091785,-117.247475,42.000626
22,-32.14293,-11.595703,-0.44082865,27.599812,12.395888,-1.8860377,-2.9980102,-37.90568,-96.250374,-16.104082,-78.08668,-14.654229,-12.872167,-0.9796861,-110.37888,53.890133,19.914717,18.084284,80.08142,4.509864,92.81881,12.581293,-17.708216,19.29338,-3.7629778,-52.53599,-31.988129,-15.025386,152.45378,-6.3895636,-6.378471,6.8875456,-12.585272,-49.392715,-34.82749,-113.580574,-47.25613,-135.98244,-38.983406,-6.310646,-28.105398,-3.1764143,9.602702,-51.813137,31.924969,36.064682,25.86208,50.92199,35.69872,-19.108555,-11.995171,63.49785,-7.357751,-3.2459288,11.586263,4.382075,13.843961,-5.1712933,-29.745806,0.9987831,-19.264149,-9.131136,-9.510347,-160.03214,-0.33194894,-37.921776,-4.9121456,3.3525739,41.267914,-7.2691507,107.84142,97.17948,-12.306954,45.58137,-9.96098,47.18462,-4.421971,81.46312,-8.443733,50.9859,-1.3531177,-38.163452,-3.0916293,16.187231,-5.061596,-9.745177,12.118065,8.476715
23,8.720223,-2.324061,78.505646,8.492938,27.832037,43.3665,33.425278,18.467169,117.47646,23.31905,44.512947,-8.561049,77.56741,46.487183,47.10845,135.56168,78.503716,49.93606,44.041298,91.2608,68.10953,-0.7938846,31.602982,93.234695,74.378654,47.74826,27.39566,29.247553,107.0889,41.349125,50.891773,-7.476046,92.37772,129.75026,-7.068278,-49.221737,-72.096886,-96.346756,112.03914,65.846565,41.81663,15.888931,28.73078,31.881725,125.321045,135.55878,-4.1865697,85.19091,90.50099,-5.5206842,-8.768823,24.171244,89.11039,3.2646022,59.65447,-10.909829,-22.01029,5.132642,64.354675,2.7162163,29.8801,7.363546,4.6706004,210.9349,18.347973,-97.83572,34.389217,-15.396972,127.92981,93.24255,79.552536,101.09508,83.4115,151.89005,59.197998,-18.467026,-11.024309,123.45901,6.6272817,-6.1564436,23.49785,94.150925,-32.413815,66.79517,15.558134,12.61674,22.720198,25.652355
24,-143.21428,30.306656,-16.520374,-15.330299,22.451605,-69.57204,37.188267,-196.56009,-55.310135,-46.171562,-52.801968,32.744007,-53.360653,43.499485,-26.088667,-1.6607844,11.269336,114.62451,16.29073,-76.86501,-3.3768556,31.42564,35.62703,148.1953,-22.13397,34.96214,86.62907,9.877374,-25.967922,-13.370031,88.50237,-41.823803,-49.98039,-16.167849,59.36293,125.65372,109.47603,-115.771225,-87.08291,-26.01268,24.058798,61.34455,3.6238186,-38.88561,118.36182,-34.346073,97.92302,-42.81897,-5.150248,27.256084,26.383377,64.245895,-25.343967,2.3831673,30.095402,91.44986,85.00321,4.1721525,-1.9602988,-0.7989049,12.639779,21.992504,12.17386,91.88839,-2.2463136,-16.755547,156.34738,59.16638,-11.531027,-36.239933,-48.103127,160.94827,-37.0306,154.90189,-16.31876,25.657028,58.277344,-65.31395,18.788197,40.692486,52.716446,-10.973304,97.773895,55.01048,-2.1786387,3.6231577,69.74173,33.232533
25,-10.044553,31.203762,30.393595,139.43938,55.79228,-27.03565,32.561726,-112.2522,25.569769,30.881237,0.2990624,37.69725,-2.5867128,13.516249,41.87407,55.28737,90.60036,87.343094,13.171964,-16.89728,126.8702,0.24875431,-21.313135,-14.622648,27.504694,14.0439625,4.1240683,23.608507,41.70033,19.400919,-17.524164,-29.295074,38.547318,56.58034,178.05994,-14.211299,43.320225,27.323484,67.18179,22.735489,78.40719,23.476475,21.265217,-5.04943,43.68689,13.461248,88.78287,67.04575,107.32892,36.811634,37.115772,20.563875,35.853466,2.5765648,108.2109,104.17069,68.11111,8.4009,54.923405,2.4691129,31.181652,9.022098,11.358457,-137.94298,47.78335,-0.72333246,87.841644,58.56625,75.17917,30.772146,60.565758,-9.106152,36.880234,61.91632,20.813538,110.11376,55.536835,-8.702634,18.982754,50.97773,57.7523,104.88367,83.066284,72.893394,1.6619507,2.8912115,-31.863726,13.188556
26,-0.98318744,36.4044,69.47505,77.378174,55.033524,4.2138634,0.3886617,173.46014,-102.749146,49.127117,205.4502,37.511868,-20.763845,79.57445,-111.96848,62.423008,23.815914,83.122025,54.427876,-42.672195,-14.488904,35.293324,-27.583668,10.747346,77.707756,29.043901,-36.89602,42.183853,7.0992923,41.024925,-44.750397,54.180347,108.4649,-12.975736,9.075523,-113.8489,-66.624626,43.31704,133.14174,86.01867,-18.317616,40.499264,34.375904,197.03076,190.26993,-50.345028,54.829998,-2.9175894,-4.271079,38.49095,41.371384,50.11268,94.23748,4.1423683,37.095337,44.13612,59.948013,17.704142,-45.05708,-3.178905,35.533913,16.184494,18.788382,11.597294,37.468166,129.27797,46.62456,46.027256,67.92131,98.94213,40.153137,-53.16178,94.71798,239.03711,70.46297,8.95919,44.92591,-32.2718,28.292305,69.07138,52.57477,5.722811,95.60301,-51.346405,1.4144607,14.470707,92.09656,9.325354
27,61.542233,-27.282557,-59.644936,28.974243,38.443855,-45.59268,-18.58994,-157.02522,51.79651,50.099815,47.125233,-17.556068,31.831154,20.880087,14.829503,5.067525,-40.98323,28.114948,54.266136,16.30975,-19.266823,2.828423,8.010678,-2.9386706,-62.025772,27.793964,-9.497597,-22.16716,-23.284054,-29.665852,41.155888,-33.82898,-81.126,39.152073,37.547222,-63.9162,-140.24637,138.80609,-79.89855,-56.623585,-55.744953,-1.836578,10.286473,22.966507,-33.769485,-22.866585,-97.03104,4.2126436,-108.79008,-26.548153,-25.426235,76.12911,-65.91196,-0.29410985,34.106766,-83.28816,-55.807877,1.5167189,17.609478,0.97369516,-13.281456,0.25458613,-4.455652,-5.2780643,15.28704,24.536333,-3.5911984,-53.656258,0.775781,-77.991714,-70.29374,-4.612273,-69.43178,-36.857994,-44.35805,71.37281,-34.166126,-9.572577,-5.8369236,-3.2446668,-20.18463,14.651825,97.32424,7.9401665,-0.1691483,-2.3273208,-7.388833,-0.7967782
28,57.49196,3.6623578,3.5176392,-111.35408,-24.338284,27.697813,-8.194571,-25.494251,140.49762,-44.662502,-87.618,7.6469874,24.638859,-40.582626,34.852158,-14.91338,67.62054,-81.05716,-72.94714,25.631678,-98.84087,-30.776882,-22.4292,-21.061785,0.89746,27.797396,-76.13843,-62.391808,-89.63416,4.232501,34.734962,-6.936399,-11.7256565,-186.34988,-14.411328,-46.87024,70.14628,-76.75195,-18.150227,-8.177568,-39.003548,-16.112461,11.139388,-58.717228,-63.449932,-28.077772,15.510646,122.80407,-65.76284,1.2262402,2.9455793,-194.0568,10.285095,-3.574533,-144.176,5.21377,33.589825,-4.926506,-27.91638,-0.22722325,-66.50207,-7.290991,0.76478976,141.80074,-41.08678,-71.44548,-32.308388,50.044632,-62.79053,-9.34051,-19.841644,-26.74945,-0.29402542,-89.12141,2.2480922,14.970541,16.138521,82.8029,3.4102588,-9.208425,92.68745,-65.556076,-11.793656,-17.1062,-13.415,-3.85954,-143.07893,25.249172
29,-52.68833,-43.68904,-69.01022,19.757416,40.51141,-22.667484,-28.09098,-2.1564972,-131.96667,7.673179,-68.65152,-52.367508,-67.37411,-2.3550785,-185.19524,-169.39505,2.7880378,10.794236,65.63428,-42.810856,78.68182,-26.291185,18.697557,31.094107,-71.04511,28.450117,67.661285,-28.485697,13.341759,-48.79195,137.39665,-31.41675,-87.43805,-133.66367,120.79487,-12.3126335,-19.329872,-24.150337,-71.23258,-64.50442,61.409664,-24.782984,-19.689466,-52.559322,-93.74395,-42.509087,-50.593662,-109.29118,80.91656,-56.514137,-52.453197,109.12601,-78.1218,1.8458318,119.28491,-15.781885,-67.68448,-25.478436,-84.21278,0.15075207,-29.172262,-20.795725,-26.785099,-77.42438,43.035336,-178.9368,14.613718,-53.555225,64.864746,-87.446686,77.32214,-93.35313,-83.215485,-83.22801,-62.88698,13.456479,-62.864048,78.54545,-33.487816,20.631514,10.71986,-16.697435,4.3323793,51.37099,-31.615067,-19.188492,-42.950527,-35.330307
