9.742715358734130859e-01,4.858172684907913208e-02,9.941458702087402344e-02,2.066768705844879150e-01,1.301731020212173462e-01,3.763227760791778564e-01,6.238815188407897949e-01,4.525888860225677490e-01,9.737631678581237793e-01,6.034101247787475586e-01,3.710407614707946777e-01,8.821727633476257324e-01,3.760813772678375244e-01,7.926979660987854004e-01,2.199039459228515625e-01,6.927742362022399902e-01,-1.685275882482528687e-02,6.435487270355224609e-01,4.650573804974555969e-02,1.796958446502685547e-01,2.878083884716033936e-01,3.773752748966217041e-01,1.935217678546905518e-01,7.634939551353454590e-01,4.770733416080474854e-01,9.065759181976318359e-01,5.296090841293334961e-01,8.533202409744262695e-01,6.842029094696044922e-01,5.859986543655395508e-01
1.975686699151992798e-01,7.679252624511718750e-01,3.955150246620178223e-01,9.681618213653564453e-01,6.621996164321899414e-01,3.372338116168975830e-01,4.317067563533782959e-01,8.410462737083435059e-01,5.093303918838500977e-01,2.509858608245849609e-01,3.520973026752471924e-01,4.840365648269653320e-01,4.695819020271301270e-01,5.429741740226745605e-01,5.336691737174987793e-01,6.101028919219970703e-01,8.098410964012145996e-01,9.753387570381164551e-01,3.710100352764129639e-01,5.934565663337707520e-01,1.385076940059661865e-01,9.589058756828308105e-01,3.302611708641052246e-01,1.665388494729995728e-01,5.608747601509094238e-01,4.491206109523773193e-01,8.904608488082885742e-01,6.628105044364929199e-01,8.546940088272094727e-01,8.745611906051635742e-01
8.788638114929199219e-01,7.360442280769348145e-01,9.747608900070190430e-01,3.464267551898956299e-01,8.947590738534927368e-02,3.907764852046966553e-01,9.788834452629089355e-01,9.609944224357604980e-01,-1.637366563081741333e-01,3.487756550312042236e-01,7.410461902618408203e-01,2.808558642864227295e-01,1.198282092809677124e-01,5.093903839588165283e-02,7.308019995689392090e-01,6.405843496322631836e-01,1.039560794830322266e+00,9.794760495424270630e-02,5.987158417701721191e-01,7.925604581832885742e-01,6.782414913177490234e-01,5.220659375190734863e-01,8.583819270133972168e-01,5.504897832870483398e-01,5.045016407966613770e-01,8.578785657882690430e-01,2.767987251281738281e-01,5.311076641082763672e-01,7.311892509460449219e-01,6.525075435638427734e-01
5.048955790698528290e-03,4.608334004878997803e-01,4.957631528377532959e-01,5.569176077842712402e-01,6.709840893745422363e-01,9.286285191774368286e-02,7.833056449890136719e-01,5.801875591278076172e-01,7.777783870697021484e-01,2.302509248256683350e-01,4.802737832069396973e-01,1.191074699163436890e-01,5.409005284309387207e-01,1.802680790424346924e-01,6.155751943588256836e-01,2.110952883958816528e-02,9.934462904930114746e-01,7.041345536708831787e-02,9.352571964263916016e-01,3.319128975272178650e-02,4.307279586791992188e-01,7.908061146736145020e-01,7.187657356262207031e-01,7.502469420433044434e-02,7.939141988754272461e-02,1.003930687904357910e+00,8.880954384803771973e-01,7.377701997756958008e-01,3.264502435922622681e-02,4.412640333175659180e-01
5.701730847358703613e-01,4.944390952587127686e-01,4.118415713310241699e-01,4.110714495182037354e-01,4.317931532859802246e-01,3.429096937179565430e-01,4.707473516464233398e-01,1.555202007293701172e-01,3.372328281402587891e-01,8.982412219047546387e-01,9.292144775390625000e-01,8.187353610992431641e-01,4.417047202587127686e-01,6.726980209350585938e-02,6.795552968978881836e-01,5.586640834808349609e-01,7.172107100486755371e-01,6.170400381088256836e-01,6.493217498064041138e-02,6.818918585777282715e-01,6.080363988876342773e-01,3.605910241603851318e-01,8.911555409431457520e-01,1.284366399049758911e-01,9.604673981666564941e-01,3.756379187107086182e-01,5.187118649482727051e-01,2.918873429298400879e-01,2.993669807910919189e-01,5.142222642898559570e-01
4.593982398509979248e-01,9.717491865158081055e-01,3.628858923912048340e-02,1.022042408585548401e-01,9.684203267097473145e-01,6.591755151748657227e-02,9.756550192832946777e-01,4.578036367893218994e-01,8.603228926658630371e-01,4.844777658581733704e-02,5.237631797790527344e-01,6.314394474029541016e-01,7.757551670074462891e-01,8.116083145141601562e-01,5.076093673706054688e-01,7.830362319946289062e-01,8.585034012794494629e-01,7.235344648361206055e-01,8.944438099861145020e-01,7.725008726119995117e-01,3.125364333391189575e-02,8.752512931823730469e-01,1.299193650484085083e-01,9.791365265846252441e-01,3.764510154724121094e-01,7.130284309387207031e-01,5.759317278861999512e-01,2.664293646812438965e-01,1.554931253194808960e-01,8.873525857925415039e-01
2.347948253154754639e-01,5.815404653549194336e-01,6.367744803428649902e-01,1.448213160037994385e-01,2.205591946840286255e-01,7.894915342330932617e-01,5.135030150413513184e-01,5.297896862030029297e-01,8.185322284698486328e-01,2.961368560791015625e-01,1.013185501098632812e+00,1.651584357023239136e-02,8.311234712600708008e-01,7.347878217697143555e-01,2.959571182727813721e-01,7.592537403106689453e-01,1.107441410422325134e-01,7.726788520812988281e-01,9.831257462501525879e-01,6.879695653915405273e-01,1.924587190151214600e-01,4.371241927146911621e-01,6.751109361648559570e-01,2.450971119105815887e-02,6.286374926567077637e-01,3.890253603458404541e-01,4.310442209243774414e-01,2.807771861553192139e-01,2.211059182882308960e-01,6.402148604393005371e-01
7.935820817947387695e-01,2.510497272014617920e-01,3.786141276359558105e-01,1.664468646049499512e-01,7.435020208358764648e-01,5.142170786857604980e-01,3.356736600399017334e-01,1.988601237535476685e-01,5.018385648727416992e-01,7.282591462135314941e-01,1.677947193384170532e-01,6.285556554794311523e-01,6.879737973213195801e-01,6.531974077224731445e-01,7.610088586807250977e-01,4.894822239875793457e-01,5.061854124069213867e-01,6.039243340492248535e-01,1.719338595867156982e-01,9.777297973632812500e-01,8.878681063652038574e-01,3.699023127555847168e-01,9.531234204769134521e-02,2.650452256202697754e-01,9.061617851257324219e-01,9.149312973022460938e-01,1.469013988971710205e-01,7.471398115158081055e-01,1.037593960762023926e+00,1.054956555366516113e+00
3.887274563312530518e-01,6.852554082870483398e-01,4.326680898666381836e-01,5.455366969108581543e-01,6.994440406560897827e-02,1.847692579030990601e-01,9.610595703125000000e-01,9.593060016632080078e-01,6.914970278739929199e-01,5.498013496398925781e-01,5.091943144798278809e-01,5.062471628189086914e-01,4.421056509017944336e-01,5.080578923225402832e-01,6.714059114456176758e-01,3.465694785118103027e-01,5.206417441368103027e-01,3.670586645603179932e-01,2.699924111366271973e-01,5.058998465538024902e-01,6.319721043109893799e-02,2.553012669086456299e-01,3.972822725772857666e-01,6.796605885028839111e-02,7.300623059272766113e-01,4.734629392623901367e-01,5.280257463455200195e-01,7.513164877891540527e-01,8.947812914848327637e-01,1.395224928855895996e-01
3.407319486141204834e-01,2.084539532661437988e-01,6.763162612915039062e-01,3.926922678947448730e-01,5.226795077323913574e-01,7.561013102531433105e-01,4.865180552005767822e-01,1.399196833372116089e-01,1.033559679985046387e+00,3.485800623893737793e-01,6.998510360717773438e-01,6.543640494346618652e-01,8.378707170486450195e-01,4.392988085746765137e-01,1.245178878307342529e-01,3.339154124259948730e-01,6.330945491790771484e-01,6.942415833473205566e-01,1.044268086552619934e-01,7.291636466979980469e-01,7.763570547103881836e-01,6.674516797065734863e-01,3.444042205810546875e-01,3.860901296138763428e-01,6.316089630126953125e-01,8.455923199653625488e-01,7.432668209075927734e-01,1.792339682579040527e-01,9.104791283607482910e-01,2.731727957725524902e-01
1.221772283315658569e-01,5.820279121398925781e-01,6.785051822662353516e-01,2.140241302549839020e-02,9.915894269943237305e-01,8.108413219451904297e-01,2.713964581489562988e-01,2.228639721870422363e-01,6.330622732639312744e-02,3.668744564056396484e-01,3.245434463024139404e-01,9.776312112808227539e-01,5.982657521963119507e-02,6.995311379432678223e-01,4.478150308132171631e-01,3.235020637512207031e-01,1.152393743395805359e-01,9.551424980163574219e-01,3.077740669250488281e-01,6.828978061676025391e-01,3.119625747203826904e-01,8.530170917510986328e-01,5.600799918174743652e-01,4.931479990482330322e-01,9.243257641792297363e-01,8.834632039070129395e-01,2.256630957126617432e-01,5.134562253952026367e-01,2.176078855991363525e-01,2.713521718978881836e-01
8.299813270568847656e-01,8.431636095046997070e-01,3.349048793315887451e-01,1.649086624383926392e-01,8.946672081947326660e-01,4.867364764213562012e-01,3.096450865268707275e-02,8.338909745216369629e-01,7.414435744285583496e-01,4.761584401130676270e-01,6.210064888000488281e-01,1.434550732374191284e-01,4.603823721408843994e-01,4.688524603843688965e-01,2.005293816328048706e-01,5.263383984565734863e-01,8.044380545616149902e-01,1.204721853137016296e-01,1.272753477096557617e-01,4.237355291843414307e-01,9.083372354507446289e-01,5.823042392730712891e-01,7.504237890243530273e-01,8.937225937843322754e-01,7.623791098594665527e-01,5.663767457008361816e-01,8.608068525791168213e-02,5.961779952049255371e-01,5.486397743225097656e-01,6.632946133613586426e-01
4.004117250442504883e-01,3.342303931713104248e-01,2.063861489295959473e-01,5.321241617202758789e-01,1.428927034139633179e-01,7.550737857818603516e-01,-2.297847531735897064e-03,9.326642751693725586e-01,8.968406915664672852e-01,5.892990231513977051e-01,7.801888585090637207e-01,6.988503932952880859e-01,9.158263802528381348e-01,1.411298662424087524e-01,1.182859838008880615e-01,6.559429168701171875e-01,1.487561166286468506e-01,2.358901202678680420e-01,4.992956668138504028e-02,5.110128596425056458e-02,6.978301405906677246e-01,2.232331186532974243e-01,3.711632788181304932e-01,7.964300513267517090e-01,4.627434313297271729e-01,2.974317781627178192e-02,-1.836765557527542114e-02,5.118826627731323242e-01,3.190858960151672363e-01,4.927645027637481689e-01
5.191935300827026367e-01,2.345858663320541382e-01,1.049379825592041016e+00,3.711523115634918213e-02,6.866914033889770508e-01,5.667105913162231445e-01,7.129361629486083984e-01,4.794565737247467041e-01,3.359311819076538086e-02,6.861086487770080566e-01,2.548984885215759277e-01,1.891485601663589478e-01,3.165070712566375732e-01,4.386711716651916504e-01,1.127241551876068115e-02,3.459861576557159424e-01,1.087056636810302734e+00,7.670828700065612793e-01,-4.805459082126617432e-02,5.462149381637573242e-01,2.819945216178894043e-01,2.111166417598724365e-01,3.423784971237182617e-01,4.390504062175750732e-01,6.522070169448852539e-01,6.182330846786499023e-01,4.314593076705932617e-01,6.468816995620727539e-01,8.309904932975769043e-01,6.604245901107788086e-01
8.185966312885284424e-02,8.183512091636657715e-01,5.158337354660034180e-01,1.362192630767822266e-01,1.807837784290313721e-01,1.367022544145584106e-01,3.138148486614227295e-01,8.922640085220336914e-01,-8.361533284187316895e-02,1.454006731510162354e-01,5.800983905792236328e-01,2.964694499969482422e-01,8.817560076713562012e-01,7.391539812088012695e-01,5.191648602485656738e-01,8.794584274291992188e-01,2.538281679153442383e-01,9.833015203475952148e-01,5.249686241149902344e-01,1.010566055774688721e-01,6.565135121345520020e-01,4.140372201800346375e-02,8.959195017814636230e-01,6.855672597885131836e-01,2.127999067306518555e-01,8.951924443244934082e-01,6.074075102806091309e-01,4.340380430221557617e-01,8.450695276260375977e-01,-1.334428489208221436e-01
1.180105749517679214e-02,2.559344172477722168e-01,1.095802545547485352e+00,2.264051735401153564e-01,9.801749587059020996e-01,8.990304470062255859e-01,4.281071424484252930e-01,2.358633577823638916e-01,3.452965617179870605e-01,1.948159635066986084e-01,6.825411319732666016e-01,4.229173362255096436e-01,8.519647121429443359e-01,2.844960391521453857e-01,-5.304288119077682495e-03,9.237697720527648926e-01,2.359182983636856079e-01,8.318449258804321289e-01,2.235334515571594238e-01,1.939326524734497070e-01,6.088802814483642578e-01,3.389324843883514404e-01,7.267984747886657715e-01,3.219365775585174561e-01,1.041962742805480957e+00,2.353729307651519775e-01,9.480516910552978516e-01,5.652218461036682129e-01,5.831274390220642090e-01,-1.774898171424865723e-02
8.596727252006530762e-02,1.043312847614288330e-01,8.912134170532226562e-02,1.308116316795349121e-01,4.274223148822784424e-01,1.181002482771873474e-01,8.418073505163192749e-02,1.987093687057495117e-02,8.438703417778015137e-01,8.425146937370300293e-01,7.130221128463745117e-01,2.615756094455718994e-01,3.919693529605865479e-01,2.101328670978546143e-01,4.289729595184326172e-01,6.442874670028686523e-01,-1.968130767345428467e-01,8.326896429061889648e-01,6.546015739440917969e-01,1.741611808538436890e-01,6.621785163879394531e-01,6.195328235626220703e-01,4.300598204135894775e-01,3.893510103225708008e-01,-2.402037382125854492e-02,3.093563914299011230e-01,3.116446137428283691e-01,3.279437422752380371e-01,1.330243796110153198e-01,4.998593330383300781e-01
9.146995544433593750e-01,6.777352094650268555e-01,3.286593556404113770e-01,8.019226789474487305e-01,7.716171145439147949e-01,8.453593254089355469e-01,1.793668866157531738e-01,4.184266626834869385e-01,3.534207046031951904e-01,7.407670021057128906e-01,3.419719040393829346e-01,4.158993065357208252e-01,5.218336731195449829e-02,3.182182908058166504e-01,7.547124624252319336e-01,6.197897791862487793e-01,5.835648775100708008e-01,5.135791897773742676e-01,3.457635641098022461e-01,5.344791412353515625e-01,1.809331029653549194e-01,2.461046874523162842e-01,7.394444942474365234e-01,7.573859691619873047e-01,2.802019119262695312e-01,6.420053839683532715e-01,8.949260711669921875e-01,2.490397393703460693e-01,6.947914361953735352e-01,2.486649751663208008e-01
2.051147073507308960e-02,8.983795046806335449e-01,1.045495942234992981e-01,7.182522416114807129e-01,7.633522152900695801e-01,9.058085083961486816e-01,4.312192499637603760e-01,9.561799168586730957e-01,6.956936419010162354e-02,5.833762884140014648e-01,8.377728462219238281e-01,1.918451935052871704e-01,7.441058754920959473e-01,2.337711453437805176e-01,8.840681314468383789e-01,4.612293094396591187e-02,1.925851702690124512e-01,5.125542357563972473e-02,7.028526663780212402e-01,6.633135676383972168e-02,6.818774342536926270e-01,7.643160223960876465e-01,2.400860488414764404e-01,8.280612230300903320e-01,1.765699684619903564e-01,7.278487682342529297e-01,1.005607008934020996e+00,4.827308356761932373e-01,3.487374186515808105e-01,5.290403366088867188e-01
9.046460986137390137e-01,6.301132440567016602e-01,5.751639604568481445e-01,6.160392165184020996e-01,5.099000334739685059e-01,6.391121745109558105e-01,-1.113556325435638428e-02,8.919668793678283691e-01,9.738389253616333008e-01,2.489356994628906250e-01,-1.316089183092117310e-01,2.234972268342971802e-01,8.829298019409179688e-01,6.836495399475097656e-01,8.549714088439941406e-01,4.531825780868530273e-01,6.325216889381408691e-01,6.070100665092468262e-01,1.006398081779479980e+00,3.117431700229644775e-01,-5.670954287052154541e-02,1.017520070075988770e+00,9.011160135269165039e-01,2.210105359554290771e-01,-6.408579647541046143e-03,8.472182154655456543e-01,3.903307318687438965e-01,3.444168567657470703e-01,4.687359333038330078e-01,1.267677545547485352e+00
1.496080756187438965e-01,5.613309796899557114e-03,7.375258207321166992e-01,3.298248648643493652e-01,5.337319970130920410e-01,5.485458374023437500e-01,2.610021829605102539e-01,1.972502768039703369e-01,5.225182771682739258e-01,2.834470868110656738e-01,2.057092487812042236e-01,7.626675963401794434e-01,5.081732869148254395e-01,5.391752123832702637e-01,3.160981237888336182e-01,1.268792599439620972e-01,5.947511196136474609e-01,3.034583330154418945e-01,8.101682066917419434e-01,8.123891949653625488e-01,8.783069252967834473e-02,4.616868495941162109e-01,8.520127534866333008e-01,9.375472664833068848e-01,8.006467819213867188e-01,9.591554850339889526e-02,9.938602447509765625e-01,5.628331899642944336e-01,9.890713691711425781e-01,9.196764230728149414e-01
6.014746427536010742e-01,3.789331912994384766e-01,8.862558603286743164e-01,3.400978446006774902e-01,7.150294780731201172e-01,1.021707773208618164e+00,3.569456040859222412e-01,6.071904301643371582e-01,1.759620904922485352e-01,7.772326469421386719e-01,1.003550171852111816e+00,2.033535838127136230e-01,4.778652787208557129e-01,3.782098889350891113e-01,2.727378904819488525e-01,5.050021409988403320e-01,4.537387490272521973e-01,6.269072294235229492e-01,6.262455582618713379e-01,7.268283963203430176e-01,2.815651297569274902e-01,6.597005128860473633e-01,6.493084132671356201e-02,6.675273776054382324e-01,7.552936673164367676e-01,7.623334527015686035e-01,3.627833425998687744e-01,6.372945010662078857e-02,9.605642557144165039e-01,5.611332058906555176e-01
5.238364338874816895e-01,4.947924315929412842e-01,1.154730319976806641e+00,1.275698095560073853e-02,7.079676389694213867e-01,4.061674177646636963e-01,2.701316475868225098e-01,1.692020744085311890e-01,2.592591643333435059e-01,7.674064636230468750e-01,1.018836736679077148e+00,3.184221684932708740e-03,6.825063228607177734e-01,1.103530600666999817e-01,7.311532497406005859e-01,4.510655105113983154e-01,2.359714955091476440e-01,7.846221923828125000e-01,8.533397316932678223e-01,1.278394907712936401e-01,3.629245162010192871e-01,-3.234637528657913208e-02,-4.048723354935646057e-02,5.474750325083732605e-02,2.318758517503738403e-01,1.036439299583435059e+00,9.097102880477905273e-01,6.460534334182739258e-01,5.395234227180480957e-01,-1.727277636528015137e-01
3.828847110271453857e-01,9.546282291412353516e-01,6.340742111206054688e-01,8.967213630676269531e-01,5.583629608154296875e-01,3.536431789398193359e-01,8.297472000122070312e-01,5.082985162734985352e-01,6.271763145923614502e-02,7.316865921020507812e-01,8.037703633308410645e-01,9.074205905199050903e-02,7.384548187255859375e-01,4.315910339355468750e-01,5.104120373725891113e-01,1.279457658529281616e-02,2.756589651107788086e-01,8.079815506935119629e-01,1.883248686790466309e-01,8.845877051353454590e-01,2.397605925798416138e-01,2.895755767822265625e-01,9.505667090415954590e-01,5.959075093269348145e-01,8.822104334831237793e-01,2.589288949966430664e-01,1.943113803863525391e-01,6.634157896041870117e-01,4.636149406433105469e-01,2.825914323329925537e-01
1.715312004089355469e-01,6.886799335479736328e-01,5.383101701736450195e-01,6.958971619606018066e-01,6.106755733489990234e-01,4.005456566810607910e-01,3.528630733489990234e-02,3.232255578041076660e-01,9.440621137619018555e-01,1.606112718582153320e-01,2.191724777221679688e-01,5.582322478294372559e-01,7.286787033081054688e-02,9.237421751022338867e-01,1.573454737663269043e-01,8.546321392059326172e-01,5.939241051673889160e-01,6.911299228668212891e-01,3.946334123611450195e-01,9.421339035034179688e-01,6.168279647827148438e-01,3.346678018569946289e-01,7.014139294624328613e-01,2.473290562629699707e-01,3.307954072952270508e-01,3.760992884635925293e-01,6.665448546409606934e-01,8.834302425384521484e-02,2.283155918121337891e-01,9.100533723831176758e-01
6.736896187067031860e-02,4.189475476741790771e-01,1.655424833297729492e-01,6.255308389663696289e-01,1.970610022544860840e-02,2.334724366664886475e-01,5.555920600891113281e-01,6.175459027290344238e-01,3.047228157520294189e-01,9.621946811676025391e-01,7.921128869056701660e-01,3.031292371451854706e-02,7.086461186408996582e-01,6.663460135459899902e-01,7.827699929475784302e-02,8.792293667793273926e-01,9.469439387321472168e-01,3.902501761913299561e-01,7.608830928802490234e-01,7.714070081710815430e-01,3.009715974330902100e-01,9.264029264450073242e-01,7.271136641502380371e-01,5.469798445701599121e-01,8.260127305984497070e-01,8.861250877380371094e-01,2.313134670257568359e-01,7.739052176475524902e-01,3.921214044094085693e-01,2.656754851341247559e-01
3.555771708488464355e-01,1.173757612705230713e-01,1.128706216812133789e+00,3.713484108448028564e-02,2.677983939647674561e-01,6.962246894836425781e-01,7.939813137054443359e-01,8.587557077407836914e-01,4.956252872943878174e-01,6.484199166297912598e-01,3.309080004692077637e-01,4.073942601680755615e-01,3.464666903018951416e-01,5.133961886167526245e-02,8.765658736228942871e-01,2.249829769134521484e-01,6.977743506431579590e-01,8.156234622001647949e-01,3.311995267868041992e-01,4.065891802310943604e-01,1.623598933219909668e-01,6.895083189010620117e-02,6.500903964042663574e-01,1.320773959159851074e-01,8.717163801193237305e-01,2.616364359855651855e-01,5.515742301940917969e-01,3.967602550983428955e-01,9.421846866607666016e-01,8.193206787109375000e-01
3.290018439292907715e-01,2.430161237716674805e-01,1.139920353889465332e-01,6.545335054397583008e-01,2.144068479537963867e-01,1.454235315322875977e-01,5.806365609169006348e-01,4.619558453559875488e-01,8.615018725395202637e-01,7.153872847557067871e-01,9.022393226623535156e-01,5.611526370048522949e-01,7.753269076347351074e-01,5.162395834922790527e-01,9.572984576225280762e-01,7.253738641738891602e-01,7.058551311492919922e-01,6.893905401229858398e-01,9.192374944686889648e-01,4.679645299911499023e-01,8.287608623504638672e-01,7.838634848594665527e-01,3.128948807716369629e-01,4.742657542228698730e-01,2.501749396324157715e-01,1.772245168685913086e-01,4.167815446853637695e-01,1.090553402900695801e-01,2.621793150901794434e-01,5.780223608016967773e-01
3.183335661888122559e-01,9.568546414375305176e-01,6.455578804016113281e-01,4.532095193862915039e-01,3.265792727470397949e-01,5.293595790863037109e-01,-2.167825400829315186e-02,6.929117441177368164e-01,7.726846337318420410e-01,7.755016088485717773e-01,5.005583763122558594e-01,5.604550242424011230e-01,8.732551336288452148e-01,7.652658224105834961e-01,6.933592557907104492e-01,9.839664697647094727e-01,8.275936841964721680e-01,3.401813209056854248e-01,9.872835874557495117e-02,5.059853196144104004e-01,4.631699323654174805e-01,9.126402139663696289e-01,9.713259935379028320e-01,2.088585123419761658e-02,5.703288912773132324e-01,4.886795878410339355e-01,-1.121133565902709961e-03,5.505831837654113770e-01,8.480140566825866699e-01,6.941008567810058594e-01
4.896688461303710938e-01,5.390752553939819336e-01,3.344085812568664551e-01,3.981702029705047607e-01,2.368770986795425415e-01,6.362497210502624512e-01,8.419919013977050781e-01,-4.103045910596847534e-03,6.280954480171203613e-01,5.529217720031738281e-01,2.487890124320983887e-01,8.275326490402221680e-01,4.703838825225830078e-01,9.966952800750732422e-01,3.244979977607727051e-01,8.723412156105041504e-01,6.180199384689331055e-01,3.281320333480834961e-01,1.000720500946044922e+00,5.926218032836914062e-01,7.973692417144775391e-01,3.570985794067382812e-02,3.832116350531578064e-02,8.635067343711853027e-01,7.663946151733398438e-01,1.327185034751892090e-01,8.398898839950561523e-01,3.433203697204589844e-01,1.434021741151809692e-01,6.863596439361572266e-01
6.504059433937072754e-01,8.998309969902038574e-01,4.788126349449157715e-01,1.075731515884399414e-01,1.537018269300460815e-01,1.761504858732223511e-01,4.895278066396713257e-02,7.090179324150085449e-01,7.273649573326110840e-01,1.028362751007080078e+00,7.742251753807067871e-01,6.065670847892761230e-01,8.677506446838378906e-02,9.401879310607910156e-01,5.110210180282592773e-01,4.430391490459442139e-01,2.015160322189331055e-01,1.416257917881011963e-01,5.099887400865554810e-02,4.621538817882537842e-01,2.073875814676284790e-02,1.066922321915626526e-01,7.477904111146926880e-02,7.813079655170440674e-02,1.605951040983200073e-01,5.415084958076477051e-01,4.659131765365600586e-01,-5.212983861565589905e-02,1.836069822311401367e-01,8.149386644363403320e-01
7.150129675865173340e-01,9.994416236877441406e-01,2.084294855594635010e-01,5.063426494598388672e-02,9.056834876537322998e-02,2.108044177293777466e-02,2.728478610515594482e-01,7.988041639328002930e-01,1.732027828693389893e-01,8.516595959663391113e-01,6.597099304199218750e-01,3.637072741985321045e-01,8.763937354087829590e-01,6.830146312713623047e-01,2.798447944223880768e-02,3.903743922710418701e-01,7.558614015579223633e-01,4.230563342571258545e-01,4.953249096870422363e-01,6.381671130657196045e-02,8.218819499015808105e-01,6.334364414215087891e-01,7.557374238967895508e-01,7.710403800010681152e-01,7.159125804901123047e-01,1.059267371892929077e-01,4.144056439399719238e-01,1.710001081228256226e-01,1.114097982645034790e-01,3.536251187324523926e-01
7.305663228034973145e-01,8.866282105445861816e-01,6.038265228271484375e-01,6.866165995597839355e-01,8.778918981552124023e-01,4.274668395519256592e-01,5.889119505882263184e-01,2.683182060718536377e-01,9.262664318084716797e-01,3.176975846290588379e-01,2.718641757965087891e-01,1.651819497346878052e-01,8.749908804893493652e-01,5.847047567367553711e-01,9.567364454269409180e-01,4.128265678882598877e-01,7.078003883361816406e-01,5.130869746208190918e-01,7.761911153793334961e-01,6.635783910751342773e-01,2.382449992001056671e-02,4.322406947612762451e-01,8.378506898880004883e-01,2.833703756332397461e-01,1.257666647434234619e-01,1.984232366085052490e-01,6.926617026329040527e-01,7.581003308296203613e-01,1.005906105041503906e+00,4.020390510559082031e-01
3.011307716369628906e-01,6.168631911277770996e-01,-1.413940638303756714e-02,4.183456301689147949e-01,1.001452565193176270e+00,6.956368684768676758e-02,6.487557291984558105e-01,1.587534844875335693e-01,1.281431019306182861e-01,3.393092751502990723e-01,8.628841042518615723e-01,6.129798889160156250e-01,2.736689746379852295e-01,2.588407993316650391e-01,3.594669997692108154e-01,1.767824292182922363e-01,1.986353248357772827e-01,9.841416031122207642e-02,3.735775947570800781e-01,1.233589053153991699e-01,2.967163175344467163e-02,1.607337445020675659e-01,9.259834885597229004e-01,3.872882425785064697e-01,7.003797590732574463e-02,6.550258398056030273e-01,2.816641330718994141e-01,7.691620588302612305e-01,4.323151707649230957e-01,4.976189434528350830e-01
5.147023797035217285e-01,2.573466300964355469e-01,5.862764120101928711e-01,9.568747282028198242e-01,7.960184216499328613e-01,7.900001406669616699e-01,5.975545048713684082e-01,3.538793325424194336e-02,9.547941684722900391e-01,1.031691312789916992e+00,-6.837075948715209961e-02,8.034309744834899902e-01,5.338521599769592285e-01,1.303976774215698242e-01,8.825730085372924805e-01,5.500491857528686523e-01,1.680481284856796265e-01,7.634822726249694824e-01,3.240509331226348877e-01,9.795411229133605957e-01,8.556314110755920410e-01,7.370381355285644531e-01,5.278636813163757324e-01,4.904642701148986816e-01,6.416530609130859375e-01,6.398627161979675293e-01,7.448052763938903809e-01,1.605779826641082764e-01,2.842833101749420166e-01,7.338737249374389648e-01
5.848741531372070312e-01,5.477826595306396484e-01,-1.350562870502471924e-01,7.503061890602111816e-01,6.686079502105712891e-01,8.509710431098937988e-01,8.606114387512207031e-01,4.359872341156005859e-01,3.131774067878723145e-01,3.225486874580383301e-01,2.990688681602478027e-01,1.001623943448066711e-01,-1.973496377468109131e-02,7.965861260890960693e-02,9.506570100784301758e-01,6.955008506774902344e-01,6.561740040779113770e-01,4.119678437709808350e-01,8.795889616012573242e-01,6.156947612762451172e-01,1.669665426015853882e-01,2.353317588567733765e-01,6.903474926948547363e-01,8.757446408271789551e-01,8.694027662277221680e-01,1.911239027976989746e-01,2.412242144346237183e-01,2.952952086925506592e-01,1.010504245758056641e+00,6.773071289062500000e-01
3.557113111019134521e-01,4.912917912006378174e-01,9.652584791183471680e-01,5.209904313087463379e-01,7.093554735183715820e-01,9.447036385536193848e-01,8.084766864776611328e-01,2.134011536836624146e-01,2.212975919246673584e-01,8.911623358726501465e-01,6.184995174407958984e-01,4.130002558231353760e-01,6.793994903564453125e-01,7.655194997787475586e-01,9.469057917594909668e-01,9.648047387599945068e-02,9.628813266754150391e-01,1.946025937795639038e-01,7.663024663925170898e-01,7.398129254579544067e-02,2.333785295486450195e-01,4.504495486617088318e-02,8.847039937973022461e-01,5.410167574882507324e-01,5.496428608894348145e-01,7.547357082366943359e-01,5.504574775695800781e-01,9.991528987884521484e-01,9.826402068138122559e-01,1.766977012157440186e-01
2.699021399021148682e-01,1.003571510314941406e+00,6.519868373870849609e-01,5.063819512724876404e-02,3.823480904102325439e-01,9.255355000495910645e-01,8.154238462448120117e-01,3.044576644897460938e-01,1.644017398357391357e-01,4.299921691417694092e-01,5.860854387283325195e-01,6.039804220199584961e-01,2.632318437099456787e-01,5.425122380256652832e-01,7.753055095672607422e-01,2.832091152667999268e-01,1.428466439247131348e-01,1.354189217090606689e-01,7.899128794670104980e-01,8.017135858535766602e-01,7.137238979339599609e-01,8.199266791343688965e-01,2.289559543132781982e-01,6.850386857986450195e-01,5.011304020881652832e-01,2.957265377044677734e-01,2.611565291881561279e-01,8.463448286056518555e-01,2.818122804164886475e-01,3.920944035053253174e-01
7.560554742813110352e-01,3.177907764911651611e-01,1.356799602508544922e-01,5.399001240730285645e-01,2.148045152425765991e-01,6.861212849617004395e-01,3.986342847347259521e-01,4.428473114967346191e-01,1.055325627326965332e+00,6.354241967201232910e-01,2.054349631071090698e-01,8.116283416748046875e-01,6.121453046798706055e-01,8.362743258476257324e-01,3.125649988651275635e-01,8.079224228858947754e-01,4.470507204532623291e-01,3.565014600753784180e-01,2.195140719413757324e-01,4.339338243007659912e-01,7.892490029335021973e-01,6.095435619354248047e-01,9.621663093566894531e-01,7.708780765533447266e-01,5.236887335777282715e-01,3.666335940361022949e-01,1.755777448415756226e-01,8.283936381340026855e-01,3.150794506072998047e-01,9.671533107757568359e-01
1.891915053129196167e-01,2.413633316755294800e-01,4.366244077682495117e-01,7.538726329803466797e-01,8.161771111190319061e-03,5.576888322830200195e-01,3.481993377208709717e-01,5.322396159172058105e-01,-1.529140472412109375e-01,3.364046812057495117e-01,1.312889605760574341e-01,2.563898861408233643e-01,9.484127163887023926e-01,9.471421837806701660e-01,5.972645282745361328e-01,1.342062503099441528e-01,5.011415481567382812e-01,3.744573295116424561e-01,5.129746198654174805e-01,7.184798121452331543e-01,3.311576843261718750e-01,5.806044340133666992e-01,6.336843371391296387e-01,1.579354852437973022e-01,9.286995977163314819e-02,3.911317586898803711e-01,7.191256880760192871e-01,1.543564498424530029e-01,9.362331032752990723e-01,1.914867907762527466e-01
5.708333253860473633e-01,7.341960668563842773e-01,5.439351797103881836e-01,4.366463720798492432e-01,3.880181610584259033e-01,4.589197412133216858e-02,7.557811141014099121e-01,1.537833809852600098e-01,6.400101780891418457e-01,6.601449847221374512e-01,7.639715671539306641e-01,5.857597589492797852e-01,5.174999833106994629e-01,1.384589076042175293e-01,3.594539463520050049e-01,2.703028917312622070e-01,7.203612923622131348e-01,5.498756766319274902e-01,3.905510604381561279e-01,5.413039922714233398e-01,8.446379899978637695e-01,4.394430220127105713e-01,7.353050708770751953e-01,5.248885154724121094e-01,2.008866667747497559e-01,4.699372947216033936e-01,8.729569911956787109e-01,5.921604037284851074e-01,4.531906545162200928e-01,-1.413846611976623535e-01
7.274259328842163086e-01,8.840360641479492188e-01,5.999768972396850586e-01,7.164924740791320801e-01,7.785234600305557251e-02,3.539578020572662354e-01,-4.699427634477615356e-02,9.104758501052856445e-01,3.979602754116058350e-01,3.451465964317321777e-01,-2.169532477855682373e-01,7.550261020660400391e-01,7.192686796188354492e-01,6.063725352287292480e-01,3.980542719364166260e-01,6.991093158721923828e-01,2.516126632690429688e-02,1.262444816529750824e-02,6.018764376640319824e-01,2.998667061328887939e-01,6.131345629692077637e-01,1.010788679122924805e+00,6.503307819366455078e-01,1.389128565788269043e-01,-1.047396659851074219e-01,-3.384745121002197266e-02,-1.317663788795471191e-01,-1.328513026237487793e-03,8.487031459808349609e-01,1.219871282577514648e+00
6.520245671272277832e-01,5.425443053245544434e-01,4.983177185058593750e-01,6.292753219604492188e-01,1.714341640472412109e-01,7.138360142707824707e-01,4.511215686798095703e-01,8.623445034027099609e-01,7.636644840240478516e-01,2.206756472587585449e-01,1.347542405128479004e-01,3.792062997817993164e-01,1.429599523544311523e-02,1.092550754547119141e-01,2.816361188888549805e-02,1.981415152549743652e-01,5.597395896911621094e-01,3.979445099830627441e-01,6.423307657241821289e-01,2.377073168754577637e-01,1.727610826492309570e-02,4.611302614212036133e-01,3.934687376022338867e-01,8.074723482131958008e-01,5.476474761962890625e-03,8.337703943252563477e-01,2.893149852752685547e-03,5.314494371414184570e-01,3.116618990898132324e-01,9.700717926025390625e-01
3.719869852066040039e-01,4.119095802307128906e-01,2.436950802803039551e-01,9.010266661643981934e-01,5.178339481353759766e-01,8.663563728332519531e-01,6.826941967010498047e-01,9.994342327117919922e-01,9.645074605941772461e-01,1.105572581291198730e-01,2.127161622047424316e-01,7.426556348800659180e-01,7.908846735954284668e-01,9.462050199508666992e-01,1.398081779479980469e-01,1.938693523406982422e-01,3.081200122833251953e-01,2.593851089477539062e-01,2.977700233459472656e-01,9.592664241790771484e-02,1.450354456901550293e-01,6.887379288673400879e-01,9.122371673583984375e-03,1.198986172676086426e-01,1.449708938598632812e-01,8.282711505889892578e-01,9.010720252990722656e-02,1.743389368057250977e-01,4.830129742622375488e-01,5.125079154968261719e-01
3.998082280158996582e-01,2.593454122543334961e-01,-2.212050557136535645e-02,8.073122501373291016e-01,1.000120520591735840e+00,1.379910856485366821e-03,3.071033358573913574e-01,5.229961127042770386e-03,4.575935900211334229e-01,3.139320015907287598e-01,5.173575878143310547e-01,4.452142417430877686e-01,6.588993668556213379e-01,5.462247133255004883e-01,9.836407899856567383e-01,4.286641776561737061e-01,6.351706981658935547e-01,3.631610870361328125e-01,8.043056130409240723e-01,6.399868130683898926e-01,-5.885545909404754639e-02,5.622031688690185547e-01,4.894428551197052002e-01,4.783635735511779785e-01,-4.369992017745971680e-02,6.507786512374877930e-01,-3.358028829097747803e-02,4.137582182884216309e-01,1.496595740318298340e-01,5.778220891952514648e-01
2.149394154548645020e-01,3.710709214210510254e-01,3.154056072235107422e-01,4.124737381935119629e-01,9.793479442596435547e-01,3.604369759559631348e-01,2.049114704132080078e-01,9.368926882743835449e-01,9.415990710258483887e-01,1.208651661872863770e-01,4.795317053794860840e-01,8.850508928298950195e-01,1.211639046669006348e-01,4.903004169464111328e-01,5.894537568092346191e-01,2.241674065589904785e-01,6.400944590568542480e-01,5.548738241195678711e-01,9.074178934097290039e-01,2.011222243309020996e-01,6.015235185623168945e-02,9.973156452178955078e-01,4.262908697128295898e-01,4.386402368545532227e-01,3.284337520599365234e-01,2.370281219482421875e-01,4.585603475570678711e-01,5.256758332252502441e-01,7.058282494544982910e-01,3.524943590164184570e-01
8.219851255416870117e-01,1.285983324050903320e-01,7.311834096908569336e-01,1.833711266517639160e-01,2.424937635660171509e-01,8.968223333358764648e-01,6.017539501190185547e-01,1.547358632087707520e-01,8.220153450965881348e-01,2.388532161712646484e-01,4.717154502868652344e-01,7.482818365097045898e-01,3.605039715766906738e-01,2.857890129089355469e-01,3.046823441982269287e-01,3.276204764842987061e-01,4.179479181766510010e-01,1.272135376930236816e-01,3.332711756229400635e-01,2.728767395019531250e-01,7.615252137184143066e-01,9.727213382720947266e-01,8.318186402320861816e-01,3.678940534591674805e-01,9.249219298362731934e-01,6.545111536979675293e-01,4.374076426029205322e-01,6.858635544776916504e-01,1.792796105146408081e-01,-4.072447121143341064e-02
4.517898261547088623e-01,6.178813576698303223e-01,1.009627819061279297e+00,8.931868672370910645e-01,9.164546728134155273e-01,2.548243999481201172e-01,8.171807527542114258e-01,4.851331710815429688e-01,-1.266047358512878418e-01,9.132367372512817383e-02,2.268465161323547363e-01,1.599681079387664795e-01,6.238351464271545410e-01,-3.473871946334838867e-02,-1.308520510792732239e-02,5.150480270385742188e-01,3.357957601547241211e-01,8.495146632194519043e-01,6.697936654090881348e-01,3.659472465515136719e-01,1.811743378639221191e-01,2.236740142107009888e-01,4.565046131610870361e-01,1.000237226486206055e+00,1.143647879362106323e-01,6.944790482521057129e-01,7.584373354911804199e-01,3.857606053352355957e-01,3.885082900524139404e-01,5.154749751091003418e-01
1.603904068470001221e-01,5.472475290298461914e-01,4.219356477260589600e-01,7.410101294517517090e-01,3.968924582004547119e-01,4.485362768173217773e-01,6.204790472984313965e-01,9.085106849670410156e-01,4.934247136116027832e-01,6.640108823776245117e-01,9.728810787200927734e-01,9.265558123588562012e-01,5.636415481567382812e-01,5.092000961303710938e-01,6.531012654304504395e-01,7.782005667686462402e-01,7.958417534828186035e-01,3.159101307392120361e-01,8.441286683082580566e-01,9.026892185211181641e-01,8.438880443572998047e-01,9.606041908264160156e-01,4.403419196605682373e-01,1.937938481569290161e-01,4.798399209976196289e-01,2.912306785583496094e-01,5.978899598121643066e-01,9.700481891632080078e-01,6.879361271858215332e-01,6.369877457618713379e-01
3.777172788977622986e-02,5.976617336273193359e-01,6.555839776992797852e-01,4.436916708946228027e-01,5.259424448013305664e-01,7.596274018287658691e-01,4.374652504920959473e-01,4.060324132442474365e-01,4.593541026115417480e-01,8.774800300598144531e-01,6.657011508941650391e-01,3.995186984539031982e-01,8.387038707733154297e-01,1.264828443527221680e-01,2.316474765539169312e-01,2.892909944057464600e-01,1.072533845901489258e+00,3.265812098979949951e-01,8.115649819374084473e-01,7.025615572929382324e-01,8.932209014892578125e-01,6.822525262832641602e-01,6.505610346794128418e-01,1.159963905811309814e-01,5.171922445297241211e-01,4.482828676700592041e-01,4.739335477352142334e-01,8.143931031227111816e-01,6.279130578041076660e-01,4.632204771041870117e-02
7.184094190597534180e-01,5.819042921066284180e-01,8.861505389213562012e-01,9.535413384437561035e-01,1.464071869850158691e-01,3.800456225872039795e-02,2.269077003002166748e-01,6.265490651130676270e-01,3.436118960380554199e-01,2.832252681255340576e-01,4.673437178134918213e-01,8.908687829971313477e-01,7.797714471817016602e-01,2.947426140308380127e-01,3.301562964916229248e-01,4.714022278785705566e-01,1.086781024932861328e-01,4.860012829303741455e-01,8.151893019676208496e-01,6.959971785545349121e-01,4.911577403545379639e-01,8.719288706779479980e-01,6.340456753969192505e-02,7.835974693298339844e-01,7.435397505760192871e-01,6.970868706703186035e-01,2.593789100646972656e-01,6.695987582206726074e-01,1.045901104807853699e-01,-4.323928803205490112e-02
4.806811809539794922e-01,6.616315841674804688e-01,1.595326215028762817e-01,3.974880874156951904e-01,4.740919768810272217e-01,7.520816922187805176e-01,5.597637295722961426e-01,8.795548081398010254e-01,1.592982411384582520e-01,1.009809851646423340e+00,8.677752614021301270e-01,3.150950670242309570e-01,2.951001226902008057e-01,9.110628366470336914e-01,4.103336930274963379e-01,5.836822390556335449e-01,2.879480719566345215e-01,2.181630581617355347e-01,5.805023312568664551e-01,2.274914234876632690e-01,4.084258973598480225e-01,5.909866094589233398e-01,6.741154789924621582e-01,4.853812158107757568e-01,6.691334247589111328e-01,8.752618432044982910e-01,4.983126521110534668e-01,6.031153202056884766e-01,6.346617937088012695e-01,1.034729003906250000e+00
8.513483405113220215e-01,4.513145983219146729e-01,1.098886609077453613e+00,8.459009528160095215e-01,2.708330154418945312e-01,6.242505311965942383e-01,7.390922904014587402e-01,8.033278584480285645e-01,-1.272926181554794312e-01,6.455150246620178223e-01,1.080042600631713867e+00,5.100928544998168945e-01,9.643023014068603516e-01,7.157438993453979492e-01,7.672000527381896973e-01,4.644841253757476807e-01,1.019911408424377441e+00,7.711409777402877808e-02,7.841822504997253418e-01,6.780424118041992188e-01,8.507430553436279297e-01,3.456672430038452148e-01,1.830551028251647949e-01,3.469513654708862305e-01,8.738167285919189453e-01,4.995395541191101074e-01,7.992317676544189453e-01,1.008813858032226562e+00,7.746568918228149414e-01,4.469335973262786865e-01
4.726015329360961914e-01,4.647100865840911865e-01,1.014176979660987854e-01,7.360326647758483887e-01,4.627939462661743164e-01,6.409336924552917480e-01,2.742445170879364014e-01,9.573378562927246094e-01,3.649384677410125732e-01,4.157009422779083252e-01,8.544288873672485352e-01,9.700828790664672852e-01,2.083041667938232422e-01,3.930655717849731445e-01,8.183541893959045410e-01,9.793739914894104004e-01,8.241044878959655762e-01,5.316141247749328613e-01,6.669225096702575684e-01,4.272318780422210693e-01,2.206827253103256226e-01,1.883003413677215576e-01,6.259154081344604492e-01,6.098219156265258789e-01,8.978005647659301758e-01,6.327666342258453369e-04,6.070793271064758301e-01,2.676032185554504395e-01,4.858796596527099609e-01,8.196929097175598145e-01
3.362377882003784180e-01,8.440946340560913086e-01,4.608162641525268555e-01,6.284327507019042969e-01,8.622192144393920898e-01,6.380450725555419922e-01,1.793398857116699219e-01,8.663938641548156738e-01,6.831916570663452148e-01,9.687739610671997070e-01,1.760323047637939453e-01,5.570481419563293457e-01,3.979623317718505859e-01,2.202295660972595215e-01,4.998888969421386719e-01,3.057297468185424805e-01,9.229252934455871582e-01,2.537974715232849121e-01,5.355197787284851074e-01,1.870751380920410156e-03,1.827713251113891602e-01,6.908242702484130859e-01,8.045977354049682617e-02,9.935321211814880371e-01,1.936863064765930176e-01,7.968643903732299805e-01,3.936409354209899902e-01,2.288402318954467773e-01,9.536369442939758301e-01,6.606304049491882324e-01
4.478949680924415588e-02,1.595748066902160645e-01,4.481737315654754639e-02,7.686196565628051758e-01,7.281147241592407227e-01,7.577058672904968262e-01,8.205029368400573730e-01,1.469309777021408081e-01,2.713968157768249512e-01,6.154087781906127930e-01,-2.949967980384826660e-03,9.006040543317794800e-02,8.777984976768493652e-01,8.347237110137939453e-01,1.012066125869750977e+00,1.949630677700042725e-01,4.889048635959625244e-02,1.750655621290206909e-01,9.012951254844665527e-01,5.856205821037292480e-01,7.404708862304687500e-01,6.540486812591552734e-01,2.605052888393402100e-01,3.254015147686004639e-01,-2.081125229597091675e-02,6.107228398323059082e-01,8.020792007446289062e-01,4.585190713405609131e-01,3.334254920482635498e-01,2.205054759979248047e-01
3.168150782585144043e-01,8.674111962318420410e-01,-8.058246970176696777e-02,8.444744348526000977e-01,3.145341277122497559e-01,7.357254624366760254e-01,3.876467049121856689e-01,8.550570011138916016e-01,1.116606116294860840e+00,9.524490237236022949e-01,4.841876029968261719e-01,3.198742270469665527e-01,4.455191493034362793e-01,6.833673715591430664e-01,2.045901119709014893e-01,2.518113851547241211e-01,7.347977161407470703e-01,5.891545414924621582e-01,9.957193136215209961e-01,1.999286711215972900e-01,2.471843510866165161e-01,5.076861381530761719e-01,8.318796157836914062e-01,7.654938697814941406e-01,8.753520250320434570e-01,-7.355596125125885010e-02,-1.298586577177047729e-01,6.129522919654846191e-01,3.990608155727386475e-01,7.628287076950073242e-01
9.032264351844787598e-01,6.760751008987426758e-01,5.136312246322631836e-01,1.135633215308189392e-01,5.407564043998718262e-01,5.808172225952148438e-01,5.911208391189575195e-01,7.534921169281005859e-01,-1.667420268058776855e-01,6.558482646942138672e-01,4.768326580524444580e-01,3.699713945388793945e-01,9.327672421932220459e-02,5.067904591560363770e-01,2.667368054389953613e-01,3.973635435104370117e-01,9.833511114120483398e-01,9.632956385612487793e-01,8.106816411018371582e-01,1.688441634178161621e-01,1.063181996345520020e+00,4.488085210323333740e-02,2.519509792327880859e-01,9.459889531135559082e-01,9.829463362693786621e-01,7.615385055541992188e-01,8.282297849655151367e-01,8.173767328262329102e-01,-1.636232063174247742e-02,1.131336688995361328e-01
7.569049596786499023e-01,7.321435809135437012e-01,4.446406364440917969e-01,8.586960434913635254e-01,9.064634144306182861e-02,8.384804129600524902e-01,6.302859783172607422e-01,4.627020359039306641e-01,6.372435092926025391e-01,6.795765757560729980e-01,1.076041817665100098e+00,3.498606383800506592e-01,1.093518733978271484e-01,8.702939748764038086e-01,1.642743647098541260e-01,6.874442100524902344e-01,5.754125118255615234e-01,8.046902418136596680e-01,4.565266072750091553e-01,8.165768384933471680e-01,5.317733883857727051e-01,5.250552892684936523e-01,5.173832774162292480e-01,1.388495862483978271e-01,9.084398150444030762e-01,2.530848383903503418e-01,6.335638761520385742e-01,7.620745897293090820e-01,7.131043076515197754e-01,5.852995514869689941e-01
1.987916976213455200e-01,9.664025902748107910e-01,8.150510787963867188e-01,3.918665051460266113e-01,8.146786093711853027e-01,3.476229608058929443e-01,4.971554875373840332e-01,7.981889247894287109e-01,6.703245639801025391e-01,9.003427624702453613e-01,9.917098879814147949e-01,2.183171510696411133e-01,9.476125240325927734e-01,5.226852744817733765e-02,4.329697787761688232e-01,6.860067844390869141e-01,7.455083131790161133e-01,6.729729771614074707e-01,7.536163926124572754e-02,7.755430936813354492e-01,6.348598599433898926e-01,1.144085526466369629e-01,2.846055328845977783e-01,9.778360724449157715e-01,3.887268900871276855e-01,9.661952257156372070e-01,2.281503975391387939e-01,9.985848069190979004e-01,2.746936678886413574e-02,9.529137611389160156e-01
5.712581872940063477e-01,1.319955587387084961e-01,9.947223067283630371e-01,6.089820861816406250e-01,3.052861690521240234e-01,6.475106477737426758e-01,4.970761537551879883e-01,5.726264119148254395e-01,2.175182849168777466e-02,1.534222215414047241e-01,8.612275123596191406e-02,9.121894240379333496e-01,3.151544630527496338e-01,3.064829111099243164e-01,5.051166415214538574e-01,4.201537966728210449e-01,5.080860257148742676e-01,7.942759990692138672e-02,7.740455865859985352e-01,4.653726220130920410e-01,7.064940333366394043e-01,1.414287537336349487e-01,8.740668296813964844e-01,6.775594502687454224e-02,9.237170219421386719e-01,2.173800393939018250e-02,1.634566485881805420e-01,8.726695179939270020e-02,7.783010005950927734e-01,8.550295233726501465e-01
7.175525277853012085e-02,4.893427491188049316e-01,7.328969836235046387e-01,1.001314401626586914e+00,9.455047845840454102e-01,7.242878675460815430e-01,8.375216126441955566e-01,2.190622538328170776e-01,4.103057086467742920e-01,1.920100301504135132e-01,2.678871750831604004e-01,4.856870472431182861e-01,9.589752554893493652e-01,7.940967082977294922e-01,2.032855451107025146e-01,1.240304037928581238e-01,8.807956576347351074e-01,4.343775808811187744e-01,3.306921124458312988e-01,6.022618412971496582e-01,2.531723976135253906e-01,5.343111231923103333e-02,7.753370404243469238e-01,8.437694311141967773e-01,8.089383244514465332e-01,7.671394348144531250e-01,-2.764337509870529175e-02,8.572077751159667969e-01,2.061611562967300415e-01,7.824487686157226562e-01
8.114852905273437500e-01,7.320731282234191895e-01,-5.562233924865722656e-02,6.423235535621643066e-01,8.529495000839233398e-01,1.342908293008804321e-02,8.198709487915039062e-01,5.470297336578369141e-01,8.982490897178649902e-01,8.323652744293212891e-01,1.806291341781616211e-01,2.657481133937835693e-01,6.154071092605590820e-01,2.425605952739715576e-01,1.020316004753112793e+00,4.446324110031127930e-01,7.191071510314941406e-01,9.217016696929931641e-01,6.329519152641296387e-01,4.006823599338531494e-01,-4.016873240470886230e-02,6.673531532287597656e-01,5.267720222473144531e-01,-1.034442335367202759e-03,3.336381018161773682e-01,7.273006439208984375e-01,7.626025676727294922e-01,1.758086979389190674e-01,4.139058291912078857e-01,1.271483421325683594e+00
3.554619848728179932e-01,7.846554517745971680e-01,4.619588553905487061e-01,2.978984117507934570e-01,8.241708874702453613e-01,1.534331440925598145e-01,6.945537328720092773e-01,8.582466095685958862e-02,1.130531668663024902e+00,8.026521205902099609e-01,7.338210940361022949e-02,3.380620777606964111e-01,1.380836963653564453e-01,5.006603002548217773e-01,4.310521185398101807e-01,7.458238601684570312e-01,9.106142818927764893e-02,2.966111004352569580e-01,9.801473617553710938e-01,5.029853582382202148e-01,2.574021816253662109e-01,8.319473862648010254e-01,1.001711249351501465e+00,8.828727602958679199e-01,-3.207442164421081543e-02,-9.950220584869384766e-03,1.558573991060256958e-01,7.582140564918518066e-01,1.263312548398971558e-01,4.363945424556732178e-01
6.066485047340393066e-01,7.976257801055908203e-02,7.639099359512329102e-01,8.265409469604492188e-01,4.663338065147399902e-01,1.192453131079673767e-01,7.595434784889221191e-01,8.398787975311279297e-01,5.950471162796020508e-01,7.273510843515396118e-02,1.155750751495361328e+00,-2.206246554851531982e-02,6.347197294235229492e-01,2.673639059066772461e-01,6.879309415817260742e-01,8.939213156700134277e-01,2.474839389324188232e-01,4.143504798412322998e-01,5.217734575271606445e-01,6.122606620192527771e-02,1.429192125797271729e-01,8.063768148422241211e-01,9.091691970825195312e-01,2.113707065582275391e-01,3.631353378295898438e-01,5.841019749641418457e-01,1.126380681991577148e+00,3.040440678596496582e-01,4.677551388740539551e-01,3.135414123535156250e-01
9.403387308120727539e-01,1.812595874071121216e-01,2.656739950180053711e-02,7.804647088050842285e-01,8.883647322654724121e-01,5.733540058135986328e-01,-5.114421993494033813e-02,6.459254622459411621e-01,5.455975532531738281e-01,7.423630952835083008e-01,-7.246375083923339844e-03,8.660029768943786621e-01,1.989685148000717163e-01,9.657868146896362305e-01,2.053716182708740234e-01,2.409441322088241577e-01,6.415498256683349609e-01,2.674773633480072021e-01,7.945519089698791504e-01,6.131907701492309570e-01,5.265465378761291504e-02,5.817196369171142578e-01,3.126024603843688965e-01,5.077692866325378418e-01,4.539556801319122314e-01,2.254877388477325439e-01,2.395673096179962158e-01,5.672879219055175781e-01,1.503146290779113770e-01,4.075312912464141846e-01
4.323389381170272827e-02,1.202614232897758484e-01,3.521302938461303711e-01,4.231217801570892334e-01,9.712329506874084473e-01,9.817407131195068359e-01,5.746657401323318481e-02,2.338390052318572998e-01,7.910211682319641113e-01,1.190066486597061157e-01,1.006219506263732910e+00,3.737274557352066040e-02,3.006099760532379150e-01,3.673581480979919434e-01,-2.386854961514472961e-03,6.585573554039001465e-01,2.308742403984069824e-01,6.870824098587036133e-01,7.054263353347778320e-01,6.758603453636169434e-02,6.955974102020263672e-01,7.044438719749450684e-01,4.229412376880645752e-01,9.516947269439697266e-01,8.391444683074951172e-01,8.226362466812133789e-01,5.253685116767883301e-01,1.551465690135955811e-01,2.195508629083633423e-01,6.219433248043060303e-02
5.970265865325927734e-01,6.828186511993408203e-01,2.284024953842163086e-01,6.005849838256835938e-01,1.069537773728370667e-01,1.141208335757255554e-01,4.246634840965270996e-01,7.940346598625183105e-01,4.608741998672485352e-01,3.269263803958892822e-01,8.536877036094665527e-01,9.254036545753479004e-01,6.549671292304992676e-02,3.397192060947418213e-01,9.049197435379028320e-01,5.895120501518249512e-01,1.988493502140045166e-01,6.043279767036437988e-01,4.453170597553253174e-01,1.105009168386459351e-01,7.096729874610900879e-01,5.757311582565307617e-01,2.955048903822898865e-02,7.942153215408325195e-01,7.575161457061767578e-01,5.907884836196899414e-01,2.607860565185546875e-01,9.266310930252075195e-01,6.768486499786376953e-01,8.486698865890502930e-01
2.643878459930419922e-01,4.248467087745666504e-01,2.280662953853607178e-01,4.673033058643341064e-01,2.512290179729461670e-01,8.322196602821350098e-01,-2.308584749698638916e-02,7.604401707649230957e-01,7.157560586929321289e-01,8.147831261157989502e-02,3.950814008712768555e-01,8.823204636573791504e-01,2.033358365297317505e-01,4.618244469165802002e-01,5.094071626663208008e-01,8.709766864776611328e-01,-3.707103431224822998e-02,2.824167609214782715e-01,1.002854824066162109e+00,9.772660732269287109e-01,5.069966614246368408e-02,4.000419676303863525e-01,6.281110644340515137e-01,8.831469416618347168e-01,8.591105937957763672e-01,-7.726915180683135986e-03,3.678886890411376953e-01,1.499070227146148682e-01,3.418650925159454346e-01,6.948581933975219727e-01
9.285519123077392578e-01,9.628877639770507812e-01,4.140616357326507568e-01,3.431645929813385010e-01,3.179231286048889160e-01,5.056881308555603027e-01,8.085858225822448730e-01,1.038352772593498230e-02,5.059696435928344727e-01,6.354655623435974121e-01,-1.067721843719482422e-02,6.297731399536132812e-01,5.102416872978210449e-01,7.930193543434143066e-01,5.783599615097045898e-02,6.243399381637573242e-01,1.478990167379379272e-01,4.490644633769989014e-01,1.415615230798721313e-01,9.263435006141662598e-01,7.033160924911499023e-01,3.969100713729858398e-01,1.103421896696090698e-01,2.291940599679946899e-01,3.311367630958557129e-01,8.924698829650878906e-02,7.801148891448974609e-01,5.872648358345031738e-01,2.420030236244201660e-01,9.300953149795532227e-01
4.239566326141357422e-01,9.475539922714233398e-01,7.306880950927734375e-01,9.545936584472656250e-01,7.381409406661987305e-01,6.619688123464584351e-02,8.504380583763122559e-01,2.738513350486755371e-01,4.871455430984497070e-01,7.902995347976684570e-01,1.436236649751663208e-01,1.689654439687728882e-01,7.481374144554138184e-01,6.735844016075134277e-01,1.677437573671340942e-01,6.147372722625732422e-01,7.779146730899810791e-02,7.854514718055725098e-01,8.152663111686706543e-01,8.320958614349365234e-01,7.914028167724609375e-01,5.297319293022155762e-01,5.776920914649963379e-01,2.353553324937820435e-01,3.052119612693786621e-01,3.153279721736907959e-01,2.706313133239746094e-01,6.209290027618408203e-01,5.296089053153991699e-01,9.784996509552001953e-01
7.903033494949340820e-01,9.691256880760192871e-01,6.667008996009826660e-01,6.041330099105834961e-01,7.238940000534057617e-01,4.358464479446411133e-01,6.630162596702575684e-01,5.960854515433311462e-02,1.082449406385421753e-01,6.800889372825622559e-01,9.621705114841461182e-02,9.338058829307556152e-01,9.399188309907913208e-02,8.965734839439392090e-01,7.196671962738037109e-01,2.915352284908294678e-01,5.859983563423156738e-01,5.819666981697082520e-01,9.538068771362304688e-01,2.083426527678966522e-02,9.453792572021484375e-01,1.330897957086563110e-01,4.073014557361602783e-01,5.301030278205871582e-01,8.809646368026733398e-01,3.921558558940887451e-01,2.754467427730560303e-01,5.016506314277648926e-01,8.181627094745635986e-02,8.179754614830017090e-01
1.719787418842315674e-01,9.454119205474853516e-01,9.049273729324340820e-01,4.809148907661437988e-01,4.218316674232482910e-01,2.765133976936340332e-01,6.338347792625427246e-01,8.564364314079284668e-01,4.972859323024749756e-01,9.337517023086547852e-01,4.064983129501342773e-01,8.547127842903137207e-01,1.480255648493766785e-02,7.390776276588439941e-01,2.289152890443801880e-01,4.535846114158630371e-01,5.144037604331970215e-01,7.920492291450500488e-01,5.753200054168701172e-01,7.078230977058410645e-01,3.748770356178283691e-01,6.685105562210083008e-01,4.542345106601715088e-01,6.195884943008422852e-01,1.018735915422439575e-01,6.246252655982971191e-01,8.332219123840332031e-01,5.568905472755432129e-01,8.959456682205200195e-01,7.687296867370605469e-01
3.228006362915039062e-01,5.784314274787902832e-01,3.724737167358398438e-01,8.236122131347656250e-01,1.602314561605453491e-01,7.898924872279167175e-03,4.709157943725585938e-01,7.538702487945556641e-01,9.828427433967590332e-01,4.954716861248016357e-01,4.182173013687133789e-01,6.516443490982055664e-01,9.259877800941467285e-01,6.434713006019592285e-01,9.288865923881530762e-01,9.218060970306396484e-01,1.550018787384033203e-03,6.747766863554716110e-03,9.994966983795166016e-01,3.263636678457260132e-02,-5.739989131689071655e-02,6.147179752588272095e-02,8.775389790534973145e-01,7.761729955673217773e-01,7.813073396682739258e-01,5.984608530998229980e-01,6.271636486053466797e-01,5.101027488708496094e-01,5.809229984879493713e-02,8.073319792747497559e-01
8.598998188972473145e-01,4.438729882240295410e-01,1.164919137954711914e-01,8.075944185256958008e-01,6.816678643226623535e-01,9.817179441452026367e-01,2.408385276794433594e-01,1.326054334640502930e-02,8.547745347023010254e-01,7.895610928535461426e-01,3.559408783912658691e-01,3.723799586296081543e-01,6.904268264770507812e-02,2.968842983245849609e-01,4.411291480064392090e-01,2.028935551643371582e-01,8.611202239990234375e-03,8.533072471618652344e-02,3.613203763961791992e-01,7.479847669601440430e-01,5.095641613006591797e-01,6.257002353668212891e-01,2.425267696380615234e-01,1.714968681335449219e-02,7.120907306671142578e-02,7.059593200683593750e-01,5.641505718231201172e-01,8.105981349945068359e-02,7.211641669273376465e-01,3.365608453750610352e-01
8.720342516899108887e-01,4.964033365249633789e-01,7.520763874053955078e-01,5.228121578693389893e-02,-8.536864072084426880e-03,3.215823769569396973e-01,3.456297814846038818e-01,8.686572909355163574e-01,3.457098603248596191e-01,8.967892825603485107e-02,8.917137384414672852e-01,5.922517180442810059e-02,1.043281435966491699e+00,2.402072548866271973e-01,1.609237790107727051e-01,7.883027791976928711e-01,7.890682220458984375e-01,4.806688725948333740e-01,9.966347366571426392e-02,6.189802885055541992e-01,5.363711714744567871e-01,9.273237586021423340e-01,4.589878916740417480e-01,8.352527022361755371e-02,7.416039109230041504e-01,1.009021520614624023e+00,4.824233055114746094e-01,1.012913703918457031e+00,-5.105751752853393555e-02,4.519165158271789551e-01
1.275966763496398926e-01,4.063699543476104736e-01,4.156540036201477051e-01,3.654073476791381836e-01,1.276096552610397339e-01,7.509903907775878906e-01,5.232679843902587891e-02,3.687111437320709229e-01,1.216425374150276184e-01,9.133758544921875000e-01,4.093574881553649902e-01,6.319703459739685059e-01,6.809485554695129395e-01,9.079272747039794922e-01,7.142884731292724609e-01,1.005572080612182617e-01,-2.406880259513854980e-02,8.907188177108764648e-01,1.657055020332336426e-01,4.585830867290496826e-01,5.597501993179321289e-01,1.384082883596420288e-01,5.925847291946411133e-01,9.671505093574523926e-01,5.483855605125427246e-01,4.543507993221282959e-01,9.169601202011108398e-01,-3.928409889340400696e-02,4.710201919078826904e-01,2.665878534317016602e-01
1.365339607000350952e-01,6.892080903053283691e-01,5.809536576271057129e-01,-3.871925920248031616e-02,1.902581155300140381e-01,9.733149409294128418e-01,3.670533895492553711e-01,5.202014446258544922e-01,2.289319932460784912e-01,4.252111017704010010e-01,7.083575129508972168e-01,2.710402011871337891e-02,2.864820659160614014e-01,1.964145600795745850e-01,6.391437053680419922e-01,5.226133465766906738e-01,2.027063071727752686e-01,7.612505555152893066e-01,9.234820008277893066e-01,1.175073981285095215e-01,1.057079911231994629e+00,3.460067212581634521e-01,8.138819336891174316e-01,8.490676879882812500e-01,3.582671880722045898e-01,5.627108216285705566e-01,9.983830451965332031e-01,4.040658175945281982e-01,7.248857617378234863e-01,4.885790050029754639e-01
5.401926636695861816e-01,6.405393481254577637e-01,6.352921128273010254e-01,3.098793923854827881e-01,5.656518936157226562e-01,8.748344779014587402e-01,7.236769795417785645e-01,1.242558658123016357e-01,9.567533135414123535e-01,5.456966757774353027e-01,4.017246961593627930e-01,1.175536811351776123e-01,6.004035472869873047e-01,8.684238791465759277e-01,4.358336031436920166e-01,1.311693936586380005e-01,4.657481908798217773e-01,1.488287895917892456e-01,2.427726536989212036e-01,8.020554780960083008e-01,9.002380967140197754e-01,7.100980877876281738e-01,8.233289122581481934e-01,3.999041914939880371e-01,9.110203981399536133e-01,2.184783853590488434e-02,7.908354401588439941e-01,9.644655585289001465e-01,5.884554237127304077e-03,9.878010153770446777e-01
5.898112654685974121e-01,2.200661003589630127e-01,-2.178020179271697998e-01,5.613373517990112305e-01,9.324553608894348145e-01,8.251913189888000488e-01,8.114830255508422852e-01,1.004088595509529114e-01,6.039758920669555664e-01,4.946066141128540039e-01,-1.051539331674575806e-01,9.375826120376586914e-01,6.122827529907226562e-01,2.572754919528961182e-01,4.101677536964416504e-01,4.067012071609497070e-01,-1.136173754930496216e-01,8.205001950263977051e-01,6.574444770812988281e-01,5.974309518933296204e-02,7.794761657714843750e-01,7.084329426288604736e-02,4.151018261909484863e-01,4.961178302764892578e-01,3.542788922786712646e-01,1.012383550405502319e-01,6.028636693954467773e-01,-1.180107891559600830e-01,2.121264785528182983e-01,5.206431150436401367e-01
4.299890398979187012e-01,8.222224712371826172e-01,5.867815613746643066e-01,8.300328254699707031e-01,1.281398087739944458e-01,3.108985126018524170e-01,1.532911323010921478e-02,1.533466428518295288e-01,5.031797885894775391e-01,5.664947628974914551e-01,8.961408138275146484e-01,6.921105980873107910e-01,7.018255591392517090e-01,7.443965673446655273e-01,5.599085688591003418e-01,2.940722405910491943e-01,7.568647265434265137e-01,5.820882320404052734e-01,8.458862900733947754e-01,5.123170018196105957e-01,1.428648382425308228e-01,9.316645562648773193e-02,7.070173621177673340e-01,4.878184795379638672e-01,8.295070379972457886e-02,3.205367326736450195e-01,3.223620355129241943e-02,3.598538413643836975e-02,9.155986309051513672e-01,3.837447464466094971e-01
7.161271572113037109e-01,8.641321063041687012e-01,2.609113752841949463e-01,8.695179224014282227e-01,2.863941788673400879e-01,4.641684889793395996e-01,9.735800325870513916e-03,-1.374387741088867188e-02,6.822034716606140137e-01,3.029910624027252197e-01,2.651152610778808594e-01,2.173083126544952393e-01,1.635412871837615967e-01,9.554578661918640137e-01,4.758242666721343994e-01,5.447912812232971191e-01,5.845583081245422363e-01,7.284916043281555176e-01,8.716953396797180176e-01,4.289617538452148438e-01,8.874883651733398438e-01,2.813441455364227295e-01,3.321503996849060059e-01,4.203100204467773438e-01,2.415523827075958252e-01,-6.471745669841766357e-03,3.552660048007965088e-01,7.924710512161254883e-01,3.965401649475097656e-01,9.893624186515808105e-01
7.249485850334167480e-01,2.252902090549468994e-02,6.285166740417480469e-01,1.659508794546127319e-02,1.506690122187137604e-02,4.952073842287063599e-02,5.906239151954650879e-01,1.000212907791137695e+00,-2.363128960132598877e-01,4.525003135204315186e-01,9.846519231796264648e-01,4.028855264186859131e-01,5.045133829116821289e-01,3.985061347484588623e-01,7.411384582519531250e-01,-3.059464693069458008e-02,9.895398020744323730e-01,9.538434743881225586e-01,7.031468749046325684e-01,3.842546641826629639e-01,4.517928063869476318e-01,4.959726035594940186e-01,-2.729468792676925659e-02,6.712468862533569336e-01,1.609265357255935669e-01,6.811471581459045410e-01,5.650112032890319824e-01,5.464895367622375488e-01,7.398191690444946289e-01,4.457569718360900879e-01
6.251558661460876465e-01,7.858358621597290039e-01,1.418783068656921387e-01,8.651043474674224854e-02,4.290857613086700439e-01,3.591855466365814209e-01,4.452562332153320312e-01,3.071391209959983826e-02,4.940780103206634521e-01,3.129285573959350586e-01,4.160280525684356689e-02,3.913066983222961426e-01,4.701206684112548828e-01,9.652547240257263184e-01,6.542266011238098145e-01,1.041093915700912476e-01,9.671095013618469238e-02,4.600911587476730347e-02,8.552217483520507812e-01,9.723715782165527344e-01,9.005334973335266113e-01,3.613049387931823730e-01,4.875893890857696533e-01,7.149959802627563477e-01,2.627471387386322021e-01,7.958583235740661621e-01,5.041337013244628906e-02,6.526353359222412109e-01,4.644352197647094727e-01,1.243586689233779907e-01
2.955102324485778809e-01,8.387225270271301270e-01,6.266442537307739258e-01,3.658693432807922363e-01,7.817202210426330566e-01,8.262014985084533691e-01,8.575345277786254883e-01,3.887632489204406738e-01,9.973235726356506348e-01,6.272343993186950684e-01,3.878480195999145508e-01,4.438739717006683350e-01,7.964829802513122559e-01,9.697789549827575684e-01,8.461309075355529785e-01,8.584064245223999023e-01,1.206403970718383789e-01,9.632691740989685059e-02,4.701875448226928711e-01,6.318798661231994629e-01,7.641839385032653809e-01,7.821031659841537476e-02,6.303815841674804688e-01,2.812590897083282471e-01,5.646254420280456543e-01,4.699583649635314941e-01,8.991388082504272461e-01,8.829457163810729980e-01,3.967733308672904968e-02,4.290490746498107910e-01
5.054555535316467285e-01,5.602582693099975586e-01,-1.918192803859710693e-01,1.062173247337341309e+00,2.385100424289703369e-01,3.750938922166824341e-03,8.268396258354187012e-01,5.091331154108047485e-02,7.428839206695556641e-01,6.009235382080078125e-01,-2.162271738052368164e-02,4.722594022750854492e-01,6.911796331405639648e-01,1.054133534431457520e+00,2.604401409626007080e-01,7.330011725425720215e-01,6.134032011032104492e-01,4.493068456649780273e-01,1.705104708671569824e-01,3.196796178817749023e-01,7.020167112350463867e-01,1.014082431793212891e+00,5.700736045837402344e-01,8.257263302803039551e-01,2.217946648597717285e-01,3.338572382926940918e-01,-1.314798742532730103e-01,2.313443124294281006e-01,3.348287343978881836e-01,7.366865873336791992e-01
4.613646864891052246e-01,3.582512140274047852e-01,9.964200258255004883e-01,1.833406686782836914e-01,6.619062423706054688e-01,8.406553864479064941e-01,2.023786604404449463e-01,5.180664658546447754e-01,2.396405637264251709e-01,4.738960266113281250e-01,8.676929473876953125e-01,8.907506465911865234e-01,9.848695993423461914e-01,9.010869860649108887e-01,9.272124171257019043e-01,6.830233335494995117e-01,6.695966720581054688e-01,8.711018562316894531e-01,4.872075617313385010e-01,5.354101657867431641e-01,6.841667294502258301e-01,3.609271943569183350e-01,9.212207794189453125e-01,8.140718340873718262e-01,8.234382420778274536e-02,4.027254879474639893e-01,4.382939338684082031e-01,6.809563040733337402e-01,6.612796187400817871e-01,2.132098674774169922e-01
1.374006718397140503e-01,4.367234110832214355e-01,6.281324028968811035e-01,2.527779936790466309e-01,3.278977870941162109e-01,3.023732006549835205e-01,4.495609998703002930e-01,5.239975824952125549e-02,4.119197130203247070e-01,8.155069351196289062e-01,9.760628938674926758e-01,2.825861424207687378e-02,2.907369434833526611e-01,6.954931616783142090e-01,4.708098769187927246e-01,5.839852690696716309e-01,1.027801156044006348e+00,5.790070891380310059e-01,5.257987380027770996e-01,5.687303543090820312e-01,8.605757355690002441e-01,6.325640082359313965e-01,7.475653290748596191e-01,6.740921139717102051e-01,8.566733598709106445e-01,7.482177615165710449e-01,9.549099206924438477e-01,7.880508899688720703e-01,2.052420079708099365e-01,-3.520767390727996826e-02
5.322698354721069336e-01,7.220149785280227661e-02,3.080751001834869385e-01,6.211636662483215332e-01,1.944396831095218658e-02,2.056742608547210693e-01,7.754070162773132324e-01,8.523462414741516113e-01,-5.186434835195541382e-03,1.156114339828491211e-01,7.980650663375854492e-01,3.178193569183349609e-01,9.113578200340270996e-01,2.241330295801162720e-01,5.549243688583374023e-01,9.108971357345581055e-01,5.240980386734008789e-01,4.906645715236663818e-01,1.493917405605316162e-01,2.582865655422210693e-01,1.005191802978515625e+00,7.714517116546630859e-01,8.716932684183120728e-02,3.107045590877532959e-01,8.994053006172180176e-01,8.821710944175720215e-02,7.686160802841186523e-01,4.365139305591583252e-01,5.108165144920349121e-01,5.647134780883789062e-01
7.168251276016235352e-01,4.028851985931396484e-01,6.518249511718750000e-01,3.860912024974822998e-01,4.207841679453849792e-02,3.429403007030487061e-01,4.708506762981414795e-01,2.736414782702922821e-03,8.836902379989624023e-01,2.445427030324935913e-01,8.645780086517333984e-01,3.203736841678619385e-01,5.308538079261779785e-01,2.371291816234588623e-01,6.613779067993164062e-01,5.943725705146789551e-01,7.682576775550842285e-01,4.532302021980285645e-01,9.532235264778137207e-01,3.426566123962402344e-01,3.561793565750122070e-01,8.831269741058349609e-01,3.210962116718292236e-01,9.199082851409912109e-01,5.516429543495178223e-01,7.487231492996215820e-01,2.054774612188339233e-01,5.266186594963073730e-01,7.661418616771697998e-02,7.286740541458129883e-01
4.512712955474853516e-01,5.610820651054382324e-01,5.618672370910644531e-01,2.626239061355590820e-01,5.561400055885314941e-01,2.225546240806579590e-01,2.028797268867492676e-01,8.521661162376403809e-01,1.013653516769409180e+00,1.006361365318298340e+00,-1.937717795372009277e-01,8.427163362503051758e-01,2.113344967365264893e-01,8.875907659530639648e-01,1.056775808334350586e+00,4.091650843620300293e-01,4.991372525691986084e-01,4.127089679241180420e-01,7.996954321861267090e-01,2.209210693836212158e-01,8.226191401481628418e-01,9.162201285362243652e-01,4.807115793228149414e-01,7.543126344680786133e-01,2.470510303974151611e-01,6.821826100349426270e-01,3.809772133827209473e-01,7.244133949279785156e-01,4.629276990890502930e-01,6.295480728149414062e-01
3.535080850124359131e-01,9.298506379127502441e-01,9.936917424201965332e-01,9.641465544700622559e-02,3.183774352073669434e-01,6.652730703353881836e-01,1.004325389862060547e+00,4.448717087507247925e-02,2.372106760740280151e-01,2.036380916833877563e-01,1.757549047470092773e-01,-4.616784676909446716e-02,5.468919873237609863e-02,9.060956239700317383e-01,-3.259569406509399414e-03,7.357398271560668945e-01,9.002500772476196289e-01,5.373546481132507324e-01,-3.635389730334281921e-02,8.349643349647521973e-01,1.014881491661071777e+00,8.364506810903549194e-02,5.704728364944458008e-01,3.097274303436279297e-01,4.241055250167846680e-01,1.047479212284088135e-01,8.975812196731567383e-01,7.507896423339843750e-01,1.960849165916442871e-01,7.042873501777648926e-01
6.218699812889099121e-01,8.255218863487243652e-01,8.691424727439880371e-01,5.704128742218017578e-01,4.372491240501403809e-01,5.440384745597839355e-01,9.908001422882080078e-01,1.816140487790107727e-02,1.704314053058624268e-01,6.989440321922302246e-01,4.490117132663726807e-01,8.732053637504577637e-01,2.100521475076675415e-01,8.801639080047607422e-01,3.302247822284698486e-01,8.676329851150512695e-01,3.838850259780883789e-01,8.949248492717742920e-02,3.429963886737823486e-01,1.970242410898208618e-01,8.451007008552551270e-01,5.442017912864685059e-01,2.511318027973175049e-01,8.621099591255187988e-01,3.214771151542663574e-01,4.495788812637329102e-01,1.034512281417846680e+00,3.943386077880859375e-01,7.320491671562194824e-01,1.088924705982208252e-02
1.890791952610015869e-01,9.264755249023437500e-01,6.947795152664184570e-01,4.430132731795310974e-02,3.528615832328796387e-01,4.942955672740936279e-01,6.530159711837768555e-02,4.343575984239578247e-02,4.421437978744506836e-01,8.237627744674682617e-01,8.305171132087707520e-01,1.499683260917663574e-01,1.664101779460906982e-01,4.094154536724090576e-01,9.973738193511962891e-01,4.581936895847320557e-01,1.562929302453994751e-01,1.947997510433197021e-01,5.003813505172729492e-01,8.073201179504394531e-01,2.504875361919403076e-01,8.391461968421936035e-01,1.665108799934387207e-01,2.159246355295181274e-01,3.543834090232849121e-01,7.200751453638076782e-02,5.160385966300964355e-01,1.373452991247177124e-01,9.450302720069885254e-01,9.421245455741882324e-01
4.473596513271331787e-01,1.455979645252227783e-01,4.419575631618499756e-01,7.191529124975204468e-02,4.103328287601470947e-01,3.883683085441589355e-01,3.843940496444702148e-01,6.982131004333496094e-01,7.502813339233398438e-01,5.670445561408996582e-01,4.501104652881622314e-01,9.615103602409362793e-01,1.495743691921234131e-01,8.209087252616882324e-01,9.024088978767395020e-01,1.950268894433975220e-01,3.255620002746582031e-01,9.203069210052490234e-01,8.509910702705383301e-01,7.477325201034545898e-01,8.447179198265075684e-01,1.652217060327529907e-01,5.352028608322143555e-01,3.920271396636962891e-01,7.235485911369323730e-01,7.023001313209533691e-01,2.321651279926300049e-01,8.756334781646728516e-01,3.222688436508178711e-01,8.081996440887451172e-02
7.999804019927978516e-01,5.431605577468872070e-01,2.310540080070495605e-01,6.527299284934997559e-01,2.441346645355224609e-01,2.062180638313293457e-01,8.438548445701599121e-01,5.817219614982604980e-01,6.413397789001464844e-01,3.560078740119934082e-01,2.365813255310058594e-01,8.140574097633361816e-01,3.187162876129150391e-01,1.004983186721801758e-01,3.260139822959899902e-01,4.102356433868408203e-01,1.014810204505920410e-01,9.903686642646789551e-01,9.102178215980529785e-01,7.733947038650512695e-02,8.551554679870605469e-01,9.459032416343688965e-01,4.322866201400756836e-01,3.389364480972290039e-01,2.629994750022888184e-01,2.424001693725585938e-02,8.581718206405639648e-01,3.844311237335205078e-01,7.844538092613220215e-01,3.459551930427551270e-01
7.881088852882385254e-01,2.939670979976654053e-01,1.325646787881851196e-02,7.177307009696960449e-01,7.536132335662841797e-01,9.086810946464538574e-01,2.832942903041839600e-01,5.597502589225769043e-01,2.255424410104751587e-01,3.494980931282043457e-01,2.571248263120651245e-02,8.574607968330383301e-01,4.376958906650543213e-01,1.774286776781082153e-01,2.840717136859893799e-02,7.374971508979797363e-01,8.683735728263854980e-01,7.984775900840759277e-01,6.793817281723022461e-01,1.725637465715408325e-01,7.602177262306213379e-01,6.068181991577148438e-01,8.516672849655151367e-01,4.722930788993835449e-01,3.381155729293823242e-01,5.914928317070007324e-01,8.349146842956542969e-01,7.673511654138565063e-02,7.045894861221313477e-01,7.412800192832946777e-01
1.217114180326461792e-01,4.890318512916564941e-01,-1.163478791713714600e-01,9.002707004547119141e-01,2.543562948703765869e-01,2.508900463581085205e-01,7.401351332664489746e-01,8.901106715202331543e-01,6.581651568412780762e-01,9.067778587341308594e-01,1.402943581342697144e-01,4.650030732154846191e-01,6.101453900337219238e-01,6.569201946258544922e-01,5.036808252334594727e-01,6.319167017936706543e-01,1.174863725900650024e-01,4.559073746204376221e-01,4.223184585571289062e-01,5.595008134841918945e-01,1.277925968170166016e-01,6.122465133666992188e-01,6.494644284248352051e-01,2.685248479247093201e-02,1.379718035459518433e-01,3.645179271697998047e-01,5.037657618522644043e-01,4.007674157619476318e-01,4.586988687515258789e-01,5.429585576057434082e-01
9.160355925559997559e-01,6.707245111465454102e-01,7.697632908821105957e-01,8.580225110054016113e-01,9.074026346206665039e-01,6.812890172004699707e-01,9.591643214225769043e-01,7.719728946685791016e-01,2.402514815330505371e-01,7.383757829666137695e-02,1.568656265735626221e-01,7.039846777915954590e-01,5.151812434196472168e-01,3.237528204917907715e-01,7.461006641387939453e-01,4.006954133510589600e-01,1.344898939132690430e-01,7.632182836532592773e-01,1.026221275329589844e+00,9.944610595703125000e-01,7.011803984642028809e-01,4.308367371559143066e-01,6.314645409584045410e-01,9.488201737403869629e-01,8.546615242958068848e-01,9.298435449600219727e-01,7.104229331016540527e-01,4.180092215538024902e-01,2.414749264717102051e-01,4.952517449855804443e-01
4.142746925354003906e-01,7.216781973838806152e-01,1.872558593750000000e-01,3.459143638610839844e-01,9.730028510093688965e-01,6.827328205108642578e-01,3.482924699783325195e-01,2.440838217735290527e-01,8.679720163345336914e-01,3.710121512413024902e-01,9.313897490501403809e-01,3.575369715690612793e-01,3.388918638229370117e-01,6.371744871139526367e-01,6.731293201446533203e-01,6.823047995567321777e-01,4.409950375556945801e-01,6.055113673210144043e-01,8.683799505233764648e-01,3.158843517303466797e-01,1.234152317047119141e-01,2.053380012512207031e-01,4.877805113792419434e-01,2.182137966156005859e-01,2.153434157371520996e-01,9.489944577217102051e-01,1.627058386802673340e-01,2.516325116157531738e-01,5.956144928932189941e-01,4.556392431259155273e-01
