-9.123737812042236328e-01,-2.712421678006649017e-02,9.992318749427795410e-01,2.325817197561264038e-01,-9.520114660263061523e-01,-6.798751950263977051e-01,1.112093031406402588e-01,1.080245301127433777e-01,7.942008376121520996e-01,-8.587623238563537598e-01,-7.030997276306152344e-01,-2.029261589050292969e-01,5.860534906387329102e-01,-5.176262855529785156e-01,-3.062855005264282227e-01,-1.141265779733657837e-01,-8.507058024406433105e-03,7.386813163757324219e-01,-5.293466448783874512e-01,6.025516986846923828e-01,-9.807355403900146484e-01,8.746660351753234863e-01,5.727614164352416992e-01,2.828936278820037842e-01,-1.184754595160484314e-01,5.764678120613098145e-01,9.057757258415222168e-01,-5.662704110145568848e-01,9.580650925636291504e-01,7.050349712371826172e-01
4.190315306186676025e-01,-8.296539634466171265e-02,8.483725786209106445e-02,-4.425574541091918945e-01,1.170885860919952393e-01,2.406382374465465546e-02,5.043739676475524902e-01,-4.062466323375701904e-01,6.774122714996337891e-01,-2.783564329147338867e-01,6.618385910987854004e-01,-4.738824442028999329e-02,4.350472614169120789e-02,-8.224840164184570312e-01,8.622047305107116699e-01,9.348566532135009766e-01,7.039663940668106079e-02,3.920100927352905273e-01,-9.498077034950256348e-01,-1.500681489706039429e-01,9.745816141366958618e-02,-5.240399390459060669e-02,-5.274532437324523926e-01,8.095192909240722656e-01,-3.579233288764953613e-01,-2.245925366878509521e-01,-2.762410342693328857e-01,6.242729425430297852e-01,-1.430928111076354980e-01,-9.027082920074462891e-01
-1.583357900381088257e-01,5.889428853988647461e-01,1.845990121364593506e-01,1.099065691232681274e-02,-6.512347459793090820e-01,9.095903038978576660e-01,9.041245281696319580e-02,8.945527672767639160e-01,3.743703365325927734e-01,-5.306633710861206055e-01,6.408488750457763672e-01,-9.239756464958190918e-01,-1.410988718271255493e-01,-7.821595072746276855e-01,-8.512629866600036621e-01,-2.391818016767501831e-01,2.444876581430435181e-01,8.540248274803161621e-01,-3.965465128421783447e-01,4.310133457183837891e-01,-4.130912423133850098e-01,-3.923499584197998047e-02,6.793200373649597168e-01,4.127181470394134521e-01,8.948310017585754395e-01,6.449599266052246094e-01,9.269162416458129883e-01,-1.031827032566070557e-01,-4.410207569599151611e-01,-6.168992519378662109e-01
9.348803758621215820e-01,7.396175265312194824e-01,-8.179253339767456055e-01,-7.183816432952880859e-01,2.770459055900573730e-01,-9.402087330818176270e-01,-8.939750194549560547e-01,-5.842768549919128418e-01,-1.923632025718688965e-01,3.985755145549774170e-02,2.554441094398498535e-01,4.137464165687561035e-01,8.124494552612304688e-02,-7.698571085929870605e-01,-3.977821767330169678e-01,9.406391382217407227e-01,-6.420523524284362793e-01,2.922783195972442627e-01,7.441936135292053223e-01,-8.762518763542175293e-01,7.591958045959472656e-01,-6.741079688072204590e-01,-4.493525922298431396e-01,4.633735120296478271e-01,4.521794617176055908e-01,-7.594410181045532227e-01,3.142707049846649170e-02,7.586439251899719238e-01,2.199631631374359131e-01,7.924439311027526855e-01
7.248835563659667969e-01,7.167132496833801270e-01,2.846274077892303467e-01,9.176917076110839844e-01,8.060117065906524658e-02,-5.955905467271804810e-02,-6.905385851860046387e-01,3.368028402328491211e-01,-8.559096455574035645e-01,3.116824328899383545e-01,-2.476234734058380127e-02,-5.783846974372863770e-01,-8.064412474632263184e-01,-5.462631583213806152e-01,6.077144742012023926e-01,-8.825754523277282715e-01,8.098062872886657715e-01,2.132663428783416748e-01,4.258111715316772461e-01,8.573834896087646484e-01,-8.771138638257980347e-02,8.306885957717895508e-01,-4.429199174046516418e-02,7.978364229202270508e-01,-2.797956764698028564e-01,-9.252746701240539551e-01,4.471069574356079102e-01,-6.815121173858642578e-01,3.824405074119567871e-01,-3.855201601982116699e-01
3.429350256919860840e-01,1.107051596045494080e-01,4.000551402568817139e-01,-2.297946810722351074e-01,9.305197000503540039e-01,9.781084060668945312e-01,-9.076015949249267578e-01,8.127635121345520020e-01,2.312685400247573853e-01,-5.599178075790405273e-01,-6.944657862186431885e-02,1.054501056671142578e+00,7.378714084625244141e-01,8.392572402954101562e-03,-9.158445596694946289e-01,1.088667750358581543e+00,3.505015969276428223e-01,2.597534358501434326e-01,1.013913393020629883e+00,7.697486281394958496e-01,1.240406036376953125e-01,-5.734972357749938965e-01,-2.578897476196289062e-01,-7.800536155700683594e-01,-1.115190982818603516e+00,-4.373942613601684570e-01,-2.581286430358886719e-01,-4.183338284492492676e-01,7.636500597000122070e-01,3.324708342552185059e-02
1.579174548387527466e-01,-3.368720114231109619e-01,6.976932287216186523e-01,8.374862670898437500e-01,-3.179345428943634033e-01,6.871055364608764648e-01,-8.174964040517807007e-02,-3.010879456996917725e-01,-5.413000583648681641e-01,1.533304303884506226e-01,4.296604394912719727e-01,2.113510817289352417e-01,-6.011599302291870117e-01,7.407891750335693359e-01,-7.988737225532531738e-01,7.397612929344177246e-01,4.948569834232330322e-01,5.165001749992370605e-01,-4.664191305637359619e-01,-3.032381832599639893e-01,-5.268599838018417358e-03,4.044403433799743652e-01,-7.690992355346679688e-01,9.537127017974853516e-01,5.787697434425354004e-01,-5.617265701293945312e-01,-9.918782711029052734e-01,6.543881297111511230e-01,-8.084983825683593750e-01,5.704941749572753906e-01
-8.352062106132507324e-01,-9.596333503723144531e-01,5.731120705604553223e-01,-6.109805703163146973e-01,9.143183827400207520e-01,1.282838433980941772e-01,9.068593978881835938e-01,5.388659611344337463e-02,4.319581389427185059e-01,-3.935900032520294189e-01,-2.134623527526855469e-01,-7.368834018707275391e-01,-5.991152524948120117e-01,-2.083626240491867065e-01,-8.693484663963317871e-01,-8.445342183113098145e-01,-6.100790500640869141e-01,4.555196464061737061e-01,7.701723575592041016e-01,2.969264388084411621e-01,-2.556214034557342529e-01,2.354632467031478882e-01,5.863514915108680725e-02,-8.375862836837768555e-01,4.129552245140075684e-01,7.724851369857788086e-02,2.195178121328353882e-01,3.513100147247314453e-01,3.680477738380432129e-01,2.726458907127380371e-01
-2.826739847660064697e-02,-4.727526903152465820e-01,6.883859634399414062e-01,1.198625266551971436e-01,-9.611243009567260742e-01,-4.940209686756134033e-01,8.652078509330749512e-01,6.335536241531372070e-01,-4.355028867721557617e-01,-4.815070927143096924e-01,-1.765683144330978394e-01,-4.809961020946502686e-01,3.794492781162261963e-01,-4.348194599151611328e-01,-1.161826029419898987e-01,8.970621973276138306e-02,7.217508554458618164e-02,-9.864925593137741089e-02,-1.045756042003631592e-03,9.476050734519958496e-01,-4.374808669090270996e-01,8.320710808038711548e-02,-1.263956427574157715e-01,-4.107528328895568848e-01,-9.612839818000793457e-01,8.855783939361572266e-01,-1.107156038284301758e+00,-1.384727954864501953e-01,-8.685531616210937500e-01,2.882044911384582520e-01
4.134999811649322510e-01,7.363314628601074219e-01,-4.051108360290527344e-01,-6.718160510063171387e-01,4.511252343654632568e-01,-5.924401283264160156e-01,-2.486784160137176514e-01,8.356231451034545898e-01,5.093625187873840332e-01,-7.242084741592407227e-01,3.698262572288513184e-01,-5.132368206977844238e-01,-6.349246501922607422e-01,8.030907511711120605e-01,9.812176227569580078e-02,-9.205113649368286133e-01,5.450879931449890137e-01,6.621754169464111328e-01,4.532417356967926025e-01,-8.598470687866210938e-01,8.663372993469238281e-01,-9.607034325599670410e-01,5.582908913493156433e-02,5.944419503211975098e-01,-8.423385024070739746e-01,3.266309946775436401e-02,-7.844492793083190918e-02,2.160502225160598755e-01,-1.241256576031446457e-02,3.158063888549804688e-01
5.606725215911865234e-01,7.996276617050170898e-01,2.837402224540710449e-01,8.419327139854431152e-01,3.409021496772766113e-01,-5.448459386825561523e-01,-2.266143262386322021e-01,-5.085405707359313965e-01,-6.590846776962280273e-01,1.070926308631896973e+00,1.951954960823059082e-01,-7.294885516166687012e-01,-5.651190876960754395e-04,4.737457036972045898e-01,4.943321347236633301e-01,9.101953506469726562e-01,-3.648944497108459473e-01,1.131531782448291779e-03,-4.248362183570861816e-01,1.078787073493003845e-01,3.118710517883300781e-01,7.389308810234069824e-01,7.780489325523376465e-01,-9.429508447647094727e-01,8.573000878095626831e-02,4.773477017879486084e-01,3.270529508590698242e-01,-3.484956324100494385e-01,-8.076077103614807129e-01,-1.698408871889114380e-01
-5.906323194503784180e-01,-4.980999529361724854e-01,-1.737738847732543945e-01,-4.139098227024078369e-01,1.074657067656517029e-01,-9.780471920967102051e-01,-4.458063244819641113e-01,-8.646226525306701660e-01,-1.717656850814819336e-01,8.250283449888229370e-02,-9.511448740959167480e-01,-7.101658582687377930e-01,5.524425506591796875e-01,5.611184611916542053e-02,-5.462837815284729004e-01,-4.242763817310333252e-01,-2.870740890502929688e-01,-6.031695008277893066e-01,6.848820447921752930e-01,9.709285497665405273e-01,-8.556303381919860840e-01,4.793248176574707031e-01,-5.911942720413208008e-01,-5.180736184120178223e-01,4.321466982364654541e-01,-6.202616095542907715e-01,-1.078960075974464417e-01,-7.672773790545761585e-04,-7.126337885856628418e-01,-4.613017197698354721e-03
-4.690800011157989502e-01,-9.128535389900207520e-01,-5.342648625373840332e-01,-4.498573541641235352e-01,-6.934956312179565430e-01,-6.177686452865600586e-01,-1.746327280998229980e-01,-7.146874666213989258e-01,4.344293475151062012e-02,-7.111434936523437500e-01,8.797842860221862793e-01,8.608562350273132324e-01,-8.294451236724853516e-01,-8.122316598892211914e-01,6.915162801742553711e-01,-8.708714246749877930e-01,-6.040095090866088867e-01,-9.180179834365844727e-01,-1.322098076343536377e-01,6.312079429626464844e-01,4.174226224422454834e-01,-7.385849952697753906e-01,-1.567880958318710327e-01,-7.705951929092407227e-01,5.220933556556701660e-01,-6.373206377029418945e-01,7.628346085548400879e-01,-6.769388318061828613e-01,-7.591440081596374512e-01,-9.625046849250793457e-01
-4.258726909756660461e-02,5.681454539299011230e-01,2.500686049461364746e-01,-8.920685052871704102e-01,6.746377348899841309e-01,7.660295367240905762e-01,-4.931233823299407959e-02,7.997271418571472168e-01,7.055089473724365234e-01,1.388009786605834961e-01,7.660669088363647461e-01,-1.306343674659729004e-01,-8.329068422317504883e-01,7.571479678153991699e-01,-6.819234043359756470e-02,-2.125667780637741089e-02,2.938882112503051758e-01,-6.297103762626647949e-01,-8.130058646202087402e-01,-2.065249234437942505e-01,-1.411140263080596924e-01,-8.814526796340942383e-01,7.197385430335998535e-01,8.193817138671875000e-01,3.129401206970214844e-01,-1.020151853561401367e+00,-1.547081023454666138e-02,-4.561401158571243286e-02,-4.618358910083770752e-01,1.652035564184188843e-01
4.571422040462493896e-01,-1.359587609767913818e-01,2.398656904697418213e-01,1.996300816535949707e-01,6.524682044982910156e-01,5.500716567039489746e-01,-7.394325733184814453e-01,3.419451415538787842e-01,-2.210473120212554932e-01,-7.138600349426269531e-01,1.185436606407165527e+00,-8.759704828262329102e-01,1.281736791133880615e-01,3.477160632610321045e-01,-1.094840914011001587e-01,4.407882392406463623e-01,-7.846301794052124023e-01,-5.200992822647094727e-01,4.801267981529235840e-01,3.238274157047271729e-02,5.318864583969116211e-01,8.119108080863952637e-01,2.130380570888519287e-01,-7.251000404357910156e-01,1.825770735740661621e-01,7.950155735015869141e-01,8.133691549301147461e-01,4.503412544727325439e-01,-1.809046566486358643e-01,-1.166856050491333008e+00
-5.935044288635253906e-01,3.473827540874481201e-01,6.031324863433837891e-01,-5.003571510314941406e-01,-2.587222754955291748e-01,7.078509926795959473e-01,8.000670671463012695e-01,2.364487946033477783e-01,-4.060453176498413086e-01,-1.126558110117912292e-01,-7.580103278160095215e-01,7.424814105033874512e-01,6.502215862274169922e-01,8.542055487632751465e-01,6.928887963294982910e-01,-7.049370408058166504e-01,2.419885993003845215e-02,1.400033831596374512e-01,5.187341570854187012e-01,5.997766852378845215e-01,9.725461006164550781e-01,-9.099092483520507812e-01,7.274254560470581055e-01,-2.462147325277328491e-01,-4.297165572643280029e-01,1.946263015270233154e-03,-2.152077257633209229e-01,2.955301403999328613e-01,8.703398704528808594e-01,-1.163055896759033203e-01
-8.856077194213867188e-01,-4.527864158153533936e-01,1.270043015480041504e+00,6.683630943298339844e-01,-8.877633139491081238e-03,6.306517720222473145e-01,-8.842196464538574219e-01,-4.096729159355163574e-01,3.700895309448242188e-01,3.018645048141479492e-01,4.517645835876464844e-01,-9.718613326549530029e-02,2.676324546337127686e-01,-3.908529877662658691e-03,7.042065858840942383e-01,-4.859682917594909668e-02,9.257011413574218750e-01,-4.445137679576873779e-01,-7.109450697898864746e-01,-2.192006856203079224e-01,1.022118449211120605e+00,-2.242927104234695435e-01,-2.929532527923583984e-02,7.956971526145935059e-01,2.780079841613769531e-02,8.740025162696838379e-01,-6.541668176651000977e-01,9.021252393722534180e-02,-1.047712922096252441e+00,2.778773605823516846e-01
1.051929686218500137e-02,-8.537603616714477539e-01,-9.306953549385070801e-01,-3.977397084236145020e-02,7.008368372917175293e-01,3.503699004650115967e-01,7.646995037794113159e-02,-6.830177307128906250e-01,3.555791974067687988e-01,-7.874379158020019531e-01,1.234946772456169128e-01,4.098587036132812500e-01,-7.678276859223842621e-03,-5.038261413574218750e-01,-4.680842161178588867e-01,-6.759154796600341797e-01,-5.319449305534362793e-01,9.354358315467834473e-01,5.362046882510185242e-02,5.993981957435607910e-01,-7.727376818656921387e-01,9.404163807630538940e-02,-8.009991049766540527e-01,5.197854638099670410e-01,-3.991284593939781189e-02,2.266513109207153320e-01,-7.608644664287567139e-02,6.632613539695739746e-01,3.308521211147308350e-01,-7.259271740913391113e-01
-2.769920229911804199e-01,-3.630318939685821533e-01,-4.072680175304412842e-01,-5.231225490570068359e-01,-7.023714780807495117e-01,4.162282943725585938e-01,-9.276776313781738281e-01,-2.570661306381225586e-01,-7.598496675491333008e-01,-3.045073747634887695e-01,-1.148847103118896484e+00,-3.525385260581970215e-01,-1.033505439758300781e+00,4.414236843585968018e-01,8.270411491394042969e-01,-1.884324252605438232e-01,-9.578768014907836914e-01,-1.372893601655960083e-01,-7.358510494232177734e-01,8.299810886383056641e-01,-1.414275467395782471e-01,-2.370447367429733276e-01,-4.210633337497711182e-01,3.703557848930358887e-01,1.784200072288513184e-01,-5.234004855155944824e-01,1.260058581829071045e-01,-4.392853081226348877e-01,8.933787345886230469e-01,-1.181629300117492676e-01
9.310901761054992676e-01,7.874773144721984863e-01,-7.044136524200439453e-01,3.079918771982192993e-02,9.349927902221679688e-01,-2.043428122997283936e-01,-1.969598084688186646e-01,-3.639498054981231689e-01,-8.898783326148986816e-01,3.721213042736053467e-01,-3.146426081657409668e-01,-5.756486654281616211e-01,-9.036517143249511719e-02,3.196372985839843750e-01,-3.240022435784339905e-02,-8.257989287376403809e-01,3.894270062446594238e-01,1.964917629957199097e-01,-3.090058267116546631e-01,1.326537579298019409e-01,2.187642008066177368e-01,-6.718655228614807129e-01,2.570132613182067871e-01,3.194189071655273438e-02,5.099541544914245605e-01,6.396141052246093750e-01,-1.459481865167617798e-01,-9.143519401550292969e-01,-8.558572530746459961e-01,-7.526233792304992676e-01
2.611485719680786133e-01,-8.128362894058227539e-01,7.244387865066528320e-01,-8.447848558425903320e-01,-8.139121532440185547e-01,5.456292629241943359e-01,-3.098849058151245117e-01,2.559200525283813477e-01,-4.795193672180175781e-02,8.420252799987792969e-01,-9.213920831680297852e-01,-3.323161602020263672e-01,-8.973672389984130859e-01,8.802912235260009766e-01,-4.667263031005859375e-01,-8.077801465988159180e-01,3.979206085205078125e-04,-9.693133831024169922e-01,8.241558074951171875e-01,9.268532991409301758e-01,-1.419680118560791016e-01,7.159593105316162109e-01,-2.352821826934814453e-02,-8.931744098663330078e-02,4.185307025909423828e-01,-8.373749256134033203e-02,2.392450571060180664e-01,-9.986860752105712891e-01,3.571130037307739258e-01,9.383447170257568359e-01
-7.085175514221191406e-01,-3.074351549148559570e-01,-9.741684198379516602e-01,-8.782988190650939941e-01,7.650090754032135010e-02,2.913341112434864044e-02,-7.833972573280334473e-01,-4.884565621614456177e-02,9.727299809455871582e-01,1.889035552740097046e-01,2.826466858386993408e-01,-8.233789801597595215e-01,-7.338474988937377930e-01,-8.899502158164978027e-01,-3.026343882083892822e-01,8.557653427124023438e-01,5.856865644454956055e-01,-8.304063081741333008e-01,1.478623002767562866e-01,-9.894522428512573242e-01,2.911835014820098877e-01,-3.435258567333221436e-02,6.772234439849853516e-01,-5.684741139411926270e-01,2.299465537071228027e-01,-6.576248407363891602e-01,-7.775237560272216797e-01,-7.312549352645874023e-01,-7.557094693183898926e-01,2.822181880474090576e-01
4.887139201164245605e-01,2.069835662841796875e-01,-5.354617536067962646e-02,6.320099830627441406e-01,3.109926581382751465e-01,5.008265376091003418e-01,9.065093398094177246e-01,-1.817451715469360352e-01,7.656305432319641113e-01,-9.832457304000854492e-01,4.253631532192230225e-01,1.207279264926910400e-01,5.306535363197326660e-01,-7.626235485076904297e-01,-7.099180221557617188e-01,-2.540829479694366455e-01,-6.585656106472015381e-02,9.541723877191543579e-02,-3.574617505073547363e-01,9.111669659614562988e-01,5.682401061058044434e-01,4.032441675662994385e-01,-8.920866250991821289e-01,3.689974546432495117e-01,-4.422099590301513672e-01,1.075701594352722168e+00,7.416193485260009766e-01,5.912980437278747559e-01,-1.389647722244262695e-01,2.291016578674316406e-01
-7.678246498107910156e-01,-8.615500330924987793e-01,-1.443561613559722900e-01,-5.731045603752136230e-01,4.590001106262207031e-01,7.650526762008666992e-01,8.790895938873291016e-01,-7.116317152976989746e-01,2.179587781429290771e-01,7.477624416351318359e-01,6.439369320869445801e-01,-6.232680678367614746e-01,-8.791838884353637695e-01,3.138941526412963867e-01,1.617655158042907715e-01,1.260493993759155273e-01,-7.906775474548339844e-01,-4.977485537528991699e-01,-4.842118024826049805e-01,6.154885888099670410e-01,6.561514139175415039e-01,-7.761394977569580078e-01,5.797240734100341797e-01,-4.338472187519073486e-01,-5.413127541542053223e-01,8.375039100646972656e-01,8.332788944244384766e-02,-5.333344340324401855e-01,-2.711978852748870850e-01,6.526346206665039062e-01
-8.555332422256469727e-01,-8.141441345214843750e-01,2.033448219299316406e-01,-9.488768577575683594e-01,-3.145906925201416016e-01,9.387540817260742188e-01,9.006245136260986328e-01,9.996418952941894531e-01,9.352093935012817383e-01,8.506321907043457031e-01,-8.060784339904785156e-01,-9.304714202880859375e-01,-5.250668525695800781e-02,-2.463701963424682617e-01,-6.372426748275756836e-01,-9.236519336700439453e-01,-1.181113719940185547e-02,7.795453071594238281e-02,2.450166940689086914e-01,-7.905275821685791016e-01,2.543046474456787109e-01,-4.165799617767333984e-01,4.663811922073364258e-01,-3.621997833251953125e-01,-5.133993625640869141e-01,7.604670524597167969e-02,9.401584863662719727e-01,-4.370363950729370117e-01,-4.366265535354614258e-01,9.192961454391479492e-01
6.725769042968750000e-01,-7.949433922767639160e-01,7.881572246551513672e-01,-6.864849328994750977e-01,-5.359311103820800781e-01,6.423423886299133301e-01,3.655731081962585449e-01,-6.606719493865966797e-01,-1.061387300491333008e+00,-5.708607435226440430e-01,9.852107763290405273e-01,7.658026367425918579e-02,6.662362813949584961e-01,3.265695571899414062e-01,-2.644399702548980713e-01,1.106574088335037231e-01,1.209556579589843750e+00,-7.650183439254760742e-01,-3.885281383991241455e-01,6.222181320190429688e-01,3.677129149436950684e-01,-1.600637733936309814e-01,-5.154654383659362793e-01,4.265655279159545898e-01,9.844259023666381836e-01,-5.043435692787170410e-01,1.207339644432067871e+00,8.548390269279479980e-01,-4.505069255828857422e-01,-5.889946818351745605e-01
-1.423299312591552734e-01,-9.878779649734497070e-01,-1.319361925125122070e-01,-3.850146532058715820e-01,-8.076294660568237305e-01,9.966400861740112305e-01,-9.403785467147827148e-01,7.032865285873413086e-01,2.189278602600097656e-02,-1.475385427474975586e-01,7.461313009262084961e-01,8.707886934280395508e-01,7.089531421661376953e-02,8.085621595382690430e-01,8.559231758117675781e-01,3.235188722610473633e-01,8.925254344940185547e-01,-2.547491788864135742e-01,-7.223132848739624023e-01,2.301759719848632812e-01,7.815845012664794922e-01,3.474962711334228516e-01,3.738435506820678711e-01,-5.335454940795898438e-01,4.881811141967773438e-02,-2.973914146423339844e-02,2.298427820205688477e-01,3.188402652740478516e-01,-6.512341499328613281e-01,5.604766607284545898e-01
8.004891872406005859e-01,-5.145675539970397949e-01,1.132725328207015991e-01,6.350530385971069336e-01,5.383690595626831055e-01,8.867274522781372070e-01,4.119757115840911865e-01,9.592755436897277832e-01,1.337678581476211548e-01,-6.863599270582199097e-02,-5.760465264320373535e-01,8.405058085918426514e-02,6.200976371765136719e-01,6.880559921264648438e-01,9.300454854965209961e-01,-5.578257441520690918e-01,7.201939821243286133e-01,-4.744008183479309082e-02,9.853755831718444824e-01,9.891893267631530762e-01,-1.422019153833389282e-01,-7.031043767929077148e-01,1.179604455828666687e-01,3.099209070205688477e-01,9.036042690277099609e-01,3.670534491539001465e-01,-7.223521173000335693e-02,7.267497181892395020e-01,2.866741716861724854e-01,2.320365458726882935e-01
-5.549805164337158203e-01,-6.936116218566894531e-01,-4.999153614044189453e-01,-7.200180292129516602e-01,5.858759880065917969e-01,6.981326341629028320e-01,1.207685470581054688e-01,-2.342586517333984375e-01,4.824174642562866211e-01,-8.637306690216064453e-01,2.791619300842285156e-02,2.499722242355346680e-01,-8.408380746841430664e-01,7.820153236389160156e-02,2.494271993637084961e-01,6.605923175811767578e-02,-1.484427452087402344e-01,4.023483991622924805e-01,9.749454259872436523e-01,-3.589973449707031250e-01,-3.794831037521362305e-01,-6.366155147552490234e-01,-8.371204137802124023e-01,7.953884601593017578e-01,4.032906293869018555e-01,-9.158020019531250000e-01,4.271023273468017578e-01,5.467468500137329102e-01,3.408894538879394531e-01,-7.268416881561279297e-02
7.854510545730590820e-01,6.837445497512817383e-01,2.229264974594116211e-01,1.237555742263793945e-01,5.971182584762573242e-01,-7.205511331558227539e-01,-6.087511777877807617e-01,4.788399934768676758e-01,8.389029502868652344e-01,4.297184944152832031e-01,-3.496813774108886719e-02,2.209488153457641602e-01,-9.488344192504882812e-01,-6.954514980316162109e-01,8.330321311950683594e-02,5.114367008209228516e-01,-7.823909521102905273e-01,8.410358428955078125e-01,-5.293871164321899414e-01,-8.951745033264160156e-01,-2.410985231399536133e-01,1.938012838363647461e-01,-5.237348079681396484e-01,-3.081070184707641602e-01,8.193833827972412109e-01,7.371596097946166992e-01,-4.014574289321899414e-01,5.320922136306762695e-01,2.729474306106567383e-01,8.297276496887207031e-02
-7.577626705169677734e-01,2.784332036972045898e-01,1.168953180313110352e-01,-5.558438301086425781e-01,5.384773015975952148e-01,5.587419271469116211e-01,7.056175470352172852e-01,-9.674475193023681641e-01,-5.179704427719116211e-01,8.780336380004882812e-02,-4.928499460220336914e-01,6.176450252532958984e-01,5.276347398757934570e-01,8.397581577301025391e-01,8.489563465118408203e-01,-5.044836997985839844e-01,1.828975677490234375e-01,-7.847864627838134766e-01,1.756470203399658203e-01,7.273197174072265625e-01,-1.438038349151611328e-01,7.775874137878417969e-01,4.360426664352416992e-01,-4.116712808609008789e-01,6.462635993957519531e-01,-4.590649604797363281e-01,-9.634717702865600586e-01,-2.614651918411254883e-01,-3.365299701690673828e-01,-5.008482933044433594e-01
-9.220358133316040039e-01,9.155870676040649414e-01,1.202137470245361328e-01,8.183894157409667969e-01,-3.778233528137207031e-01,-6.283800601959228516e-01,3.932964801788330078e-01,-1.596767902374267578e-01,8.226169347763061523e-01,-1.463748216629028320e-01,-2.679706811904907227e-01,-3.071211576461791992e-01,-6.191674470901489258e-01,-9.507999420166015625e-01,-6.053404808044433594e-01,4.370845556259155273e-01,-3.700801134109497070e-01,6.929119825363159180e-01,4.463932514190673828e-01,8.982052803039550781e-01,-9.422287940979003906e-01,-8.166182041168212891e-02,2.242546081542968750e-01,7.752854824066162109e-01,-1.939352750778198242e-01,5.075011253356933594e-01,-1.683597564697265625e-01,-5.490994453430175781e-01,-9.677054882049560547e-01,-5.189599990844726562e-01
4.271477758884429932e-01,-7.875394225120544434e-01,4.634174406528472900e-01,2.523036599159240723e-01,3.781999945640563965e-01,3.666589260101318359e-01,2.409663796424865723e-01,6.068941354751586914e-01,5.470026731491088867e-01,3.469116091728210449e-01,-9.080072641372680664e-01,-9.342353940010070801e-01,-6.763156056404113770e-01,4.567958116531372070e-01,2.574518322944641113e-01,-2.237589210271835327e-01,7.416700720787048340e-01,2.206449359655380249e-01,-8.785148859024047852e-01,-4.718317687511444092e-01,7.691664695739746094e-01,-6.064068078994750977e-01,-7.224183082580566406e-01,-3.469987809658050537e-01,8.402361869812011719e-01,9.056065678596496582e-01,9.553807973861694336e-02,3.991811871528625488e-01,-7.403503060340881348e-01,-3.807737231254577637e-01
8.045680522918701172e-01,6.679402589797973633e-01,-4.703488349914550781e-01,-2.454018592834472656e-01,9.456086158752441406e-02,-1.508044004440307617e-01,1.923739910125732422e-01,2.075695991516113281e-01,7.605704069137573242e-01,3.584735393524169922e-01,1.183938980102539062e-01,-2.676217555999755859e-01,2.525858879089355469e-01,-5.855897665023803711e-01,-6.470688581466674805e-01,2.207677364349365234e-01,-9.624474048614501953e-01,6.782931089401245117e-01,-6.110063791275024414e-01,-9.257483482360839844e-02,6.024007797241210938e-01,3.579427003860473633e-01,2.143764495849609375e-01,2.477831840515136719e-01,-6.961972713470458984e-01,-7.086429595947265625e-01,8.667067289352416992e-01,-5.709762573242187500e-01,-2.916486263275146484e-01,5.839259624481201172e-01
9.276249408721923828e-01,-1.733182668685913086e-01,6.768621802330017090e-01,3.072938919067382812e-01,-5.559904575347900391e-01,9.235646128654479980e-01,-7.826356291770935059e-01,4.344247579574584961e-01,4.258826076984405518e-01,7.798864245414733887e-01,2.697224020957946777e-01,-9.868786931037902832e-01,-3.889669477939605713e-01,3.865160346031188965e-01,-4.633151292800903320e-01,2.579889893531799316e-01,-1.406435072422027588e-01,4.119974076747894287e-01,6.227196753025054932e-02,-3.492589592933654785e-01,-7.920601367950439453e-01,-7.671195268630981445e-01,7.637109160423278809e-01,-2.998792529106140137e-01,-5.419619083404541016e-01,7.733613997697830200e-02,8.994215130805969238e-01,-6.516209840774536133e-01,-6.333872675895690918e-01,8.659045100212097168e-01
1.807574033737182617e-01,-9.158003926277160645e-01,-4.625772535800933838e-01,-2.210861742496490479e-01,2.380080223083496094e-01,-8.822697401046752930e-01,8.504959344863891602e-01,7.294833064079284668e-01,-8.076523542404174805e-01,-3.424229323863983154e-01,-5.527876019477844238e-01,2.753941118717193604e-01,-2.335150726139545441e-02,-4.889769554138183594e-01,2.444835007190704346e-01,-6.294283270835876465e-01,-4.946627020835876465e-01,9.090657234191894531e-01,5.558999776840209961e-01,7.704131603240966797e-01,4.292011559009552002e-01,3.277899920940399170e-01,9.945000410079956055e-01,4.206520617008209229e-01,5.025007724761962891e-01,-6.250011920928955078e-01,2.810544967651367188e-01,-7.194682955741882324e-01,3.130047321319580078e-01,-7.812302112579345703e-01
8.225444555282592773e-01,-6.559816598892211914e-01,-1.148777008056640625e-01,4.295290708541870117e-01,6.621909141540527344e-02,9.998620748519897461e-01,-6.104253530502319336e-01,-1.291370391845703125e-02,7.399648427963256836e-01,2.618616819381713867e-01,9.125362634658813477e-01,-8.069133758544921875e-01,3.786685466766357422e-01,9.922255277633666992e-01,-4.056066274642944336e-01,-6.489026546478271484e-02,-1.693829298019409180e-01,-3.288578987121582031e-01,8.651362657546997070e-01,-6.477351188659667969e-01,-3.908040523529052734e-01,-2.334010601043701172e-02,-3.754764795303344727e-01,6.623249053955078125e-01,5.057623386383056641e-01,-2.607611417770385742e-01,-6.928046941757202148e-01,1.471416950225830078e-01,-4.421218633651733398e-01,9.182966947555541992e-01
-3.115139007568359375e-01,-8.620450496673583984e-01,-1.130949258804321289e-01,2.783281803131103516e-01,2.657291889190673828e-01,4.244792461395263672e-01,-9.165574312210083008e-01,-7.858608961105346680e-01,3.917270898818969727e-01,3.113591670989990234e-01,2.496787309646606445e-01,2.295176982879638672e-01,2.916266918182373047e-01,7.488497495651245117e-01,3.741627931594848633e-01,-7.685884237289428711e-01,7.517259120941162109e-01,1.853276491165161133e-01,9.814230203628540039e-01,-3.104354143142700195e-01,-4.255914688110351562e-02,8.025922775268554688e-01,-4.049903154373168945e-01,2.537136077880859375e-01,-1.530758142471313477e-01,-8.431317806243896484e-01,5.220727920532226562e-01,5.532026290893554688e-02,2.309895753860473633e-01,5.299675464630126953e-02
-4.535488784313201904e-03,-9.094286561012268066e-01,-1.069724112749099731e-01,5.744955968111753464e-03,8.345588445663452148e-01,9.600305557250976562e-02,-7.803317904472351074e-01,-3.538156747817993164e-01,-3.394787013530731201e-01,7.119280844926834106e-02,-2.618685364723205566e-01,9.886066913604736328e-01,3.147793114185333252e-01,2.633206248283386230e-01,6.396520733833312988e-01,-8.443623781204223633e-01,8.687365651130676270e-01,-5.812157988548278809e-01,2.792095541954040527e-01,2.653650045394897461e-01,5.279550552368164062e-01,-1.761506199836730957e-01,6.697442531585693359e-01,-2.569729685783386230e-01,2.169156074523925781e-01,5.605911016464233398e-01,1.830679178237915039e-01,4.309855699539184570e-01,6.913887262344360352e-01,4.569631218910217285e-01
1.844235658645629883e-01,2.785339355468750000e-01,-2.473522424697875977e-01,-4.633313417434692383e-01,5.308886766433715820e-01,-4.521203041076660156e-01,4.888287782669067383e-01,-9.892106056213378906e-03,9.606629610061645508e-01,-7.151410579681396484e-01,-9.703822135925292969e-01,1.557710170745849609e-01,6.901558637619018555e-01,-1.236920356750488281e-01,4.395564794540405273e-01,-6.579756736755371094e-03,-9.900120496749877930e-01,3.619210720062255859e-01,9.984725713729858398e-01,8.541918992996215820e-01,6.702522039413452148e-01,2.448529005050659180e-01,-7.422372102737426758e-01,-6.637843847274780273e-01,9.586724042892456055e-01,1.422388553619384766e-01,-2.114177942276000977e-01,7.463133335113525391e-02,-5.184998512268066406e-01,5.576007366180419922e-01
3.865256905555725098e-01,1.145629510283470154e-01,4.209597408771514893e-01,1.206457465887069702e-01,8.932554721832275391e-01,-3.588024377822875977e-01,6.164722442626953125e-01,1.036421179771423340e+00,2.935018241405487061e-01,6.024337410926818848e-01,-6.983974575996398926e-02,4.008236527442932129e-01,-4.461736381053924561e-01,1.018093824386596680e-01,2.379211038351058960e-01,-5.866975784301757812e-01,5.259220302104949951e-02,1.719868779182434082e-01,-8.489228487014770508e-01,-6.582721471786499023e-01,2.889421880245208740e-01,-3.019960522651672363e-01,4.241331219673156738e-01,6.710622906684875488e-01,-9.307414293289184570e-02,-2.080262303352355957e-01,1.000084519386291504e+00,7.106173038482666016e-01,6.928067803382873535e-01,4.315358698368072510e-01
-5.284944772720336914e-01,-9.362736344337463379e-01,6.927543282508850098e-01,-6.600909233093261719e-01,4.417965412139892578e-01,-6.797261238098144531e-01,-4.296191036701202393e-01,9.318184852600097656e-01,7.637718915939331055e-01,2.388891279697418213e-01,8.606375455856323242e-01,-9.851706624031066895e-01,-1.697880327701568604e-01,-4.953255057334899902e-01,-2.570751309394836426e-01,5.031365752220153809e-01,-4.570107460021972656e-01,-1.454814970493316650e-01,-8.911448717117309570e-01,5.941316485404968262e-01,-1.637139022350311279e-01,-7.531420588493347168e-01,2.981963753700256348e-01,-1.987136006355285645e-01,6.018036603927612305e-01,9.640808701515197754e-01,-5.561535358428955078e-01,7.328017950057983398e-01,-1.479811668395996094e-01,-7.564644813537597656e-01
2.513122558593750000e-01,-6.142264604568481445e-01,-4.766894578933715820e-01,-9.140465259552001953e-01,2.050161361694335938e-01,2.849014997482299805e-01,-5.185810327529907227e-01,7.899025678634643555e-01,-2.572213411331176758e-01,3.172439336776733398e-01,4.179912805557250977e-01,7.895109653472900391e-01,-1.414526700973510742e-01,8.078025579452514648e-01,2.383987903594970703e-01,-8.382785320281982422e-01,4.617035388946533203e-01,-9.791409969329833984e-01,-4.502317905426025391e-01,8.327609300613403320e-01,-5.397982597351074219e-01,8.283455371856689453e-01,8.053495883941650391e-01,9.523178339004516602e-01,-5.448342561721801758e-01,-4.464476108551025391e-01,-9.429333209991455078e-01,8.184869289398193359e-01,-6.676554679870605469e-03,2.057434320449829102e-01
-4.183771312236785889e-01,-1.486063748598098755e-01,8.950870037078857422e-01,-3.491852581501007080e-01,-3.060526251792907715e-01,-2.504460513591766357e-01,6.249856352806091309e-01,1.038478016853332520e+00,-4.055173695087432861e-01,2.838410437107086182e-02,-2.293702960014343262e-02,-2.355814129114151001e-01,-1.613267064094543457e-01,-5.830310583114624023e-01,-6.894412636756896973e-02,4.920592904090881348e-01,-4.254176914691925049e-01,2.916243076324462891e-01,-8.530017137527465820e-01,-1.763304471969604492e-01,2.742635011672973633e-01,8.804193139076232910e-01,4.985223710536956787e-01,4.360802173614501953e-01,-5.759581923484802246e-02,-8.083522319793701172e-01,-7.168910503387451172e-01,8.465968966484069824e-01,-7.587277293205261230e-01,-1.052922487258911133e+00
1.534084081649780273e-01,-9.212670326232910156e-01,5.533130168914794922e-01,1.248764991760253906e-01,-4.061300754547119141e-01,-7.729804515838623047e-02,-7.723381519317626953e-01,2.752971649169921875e-01,-6.757446527481079102e-01,3.519359827041625977e-01,-6.563661098480224609e-01,8.485660552978515625e-01,-4.913353919982910156e-01,6.554727554321289062e-01,4.839406013488769531e-01,6.493449211120605469e-02,-7.442480325698852539e-01,-3.796132802963256836e-01,3.720184564590454102e-01,4.636034965515136719e-01,1.928434371948242188e-01,-5.418100357055664062e-01,1.450268030166625977e-01,-1.927759647369384766e-01,4.024220705032348633e-01,3.643372058868408203e-01,-7.829004526138305664e-01,6.378810405731201172e-01,4.351699352264404297e-01,2.838826179504394531e-01
-1.593639850616455078e-01,6.036776304244995117e-01,4.128017425537109375e-01,-5.335993766784667969e-01,8.747832775115966797e-01,-3.851065635681152344e-01,-4.392780065536499023e-01,3.523443937301635742e-01,6.500614881515502930e-01,-9.401723146438598633e-01,6.602412462234497070e-01,6.267943382263183594e-01,2.913458347320556641e-01,-3.252160549163818359e-02,-7.983176708221435547e-01,2.254866361618041992e-01,1.026889085769653320e-01,-3.670313358306884766e-01,-2.863919734954833984e-02,5.294514894485473633e-01,-9.073052406311035156e-01,-2.041872739791870117e-01,7.211208343505859375e-02,1.386967897415161133e-01,6.047893762588500977e-01,1.423239707946777344e-02,-5.175819396972656250e-01,3.742504119873046875e-01,-4.333798885345458984e-01,9.504128694534301758e-01
-2.093816101551055908e-01,1.823579370975494385e-01,4.991223216056823730e-01,-3.688149154186248779e-01,-4.969096481800079346e-01,8.360032923519611359e-03,-7.065865397453308105e-01,4.875057339668273926e-01,-3.926967382431030273e-01,-2.531045377254486084e-01,9.766331315040588379e-01,-8.605029582977294922e-01,-7.345356047153472900e-02,-8.190177679061889648e-01,-8.988912105560302734e-01,2.117813527584075928e-01,9.699910879135131836e-01,4.170796573162078857e-01,-2.942107319831848145e-01,-3.742215335369110107e-01,9.777709841728210449e-01,4.559099078178405762e-01,-6.524209976196289062e-01,-6.221494674682617188e-01,-5.080067515373229980e-01,-2.962596416473388672e-01,6.175973415374755859e-01,-1.467885524034500122e-01,5.130662322044372559e-01,-5.506695508956909180e-01
1.079320907592773438e-03,-8.393020629882812500e-01,2.035677433013916016e-02,-6.620955467224121094e-02,-9.392212629318237305e-01,-1.462199687957763672e-01,6.907818317413330078e-01,-1.532685756683349609e-01,2.679572105407714844e-01,4.413658380508422852e-01,-2.972483634948730469e-02,9.671196937561035156e-01,3.771100044250488281e-01,-2.473893165588378906e-01,-1.905620098114013672e-01,-4.722440242767333984e-01,-9.220306873321533203e-01,8.905413150787353516e-01,2.860507965087890625e-01,1.350084543228149414e-01,6.117571592330932617e-01,2.524347305297851562e-01,8.262664079666137695e-01,3.517400026321411133e-01,-7.786960601806640625e-01,4.563689231872558594e-01,6.424669027328491211e-01,2.165338993072509766e-01,-6.180980205535888672e-01,2.013976573944091797e-01
-4.331886768341064453e-01,-2.770968675613403320e-01,-8.394302129745483398e-01,8.948930501937866211e-01,1.500346660614013672e-01,-9.592225551605224609e-01,-3.508085012435913086e-01,6.159226894378662109e-01,-1.426349878311157227e-01,8.599625825881958008e-01,-5.930849313735961914e-01,7.930753231048583984e-01,-4.370115995407104492e-01,9.474896192550659180e-01,2.076271772384643555e-01,1.124219894409179688e-01,-8.183795213699340820e-01,5.611258745193481445e-01,-7.493057250976562500e-01,4.058860540390014648e-01,-5.768263339996337891e-01,-5.224795341491699219e-01,-6.613067388534545898e-01,-2.917944192886352539e-01,-7.625520229339599609e-02,2.053462266921997070e-01,-4.745398759841918945e-01,-2.517615556716918945e-01,-9.506787061691284180e-01,8.792064189910888672e-01
-5.968299135565757751e-02,-5.269913077354431152e-01,2.465994358062744141e-01,3.645976185798645020e-01,-5.663236379623413086e-01,5.528113245964050293e-01,-7.223725318908691406e-01,3.267666399478912354e-01,1.682728677988052368e-01,-2.404720634222030640e-01,8.598939180374145508e-01,3.107107281684875488e-01,7.197781801223754883e-01,6.180680990219116211e-01,-1.195644810795783997e-01,-2.624454200267791748e-01,-6.223130226135253906e-01,-5.502544641494750977e-01,7.009451389312744141e-01,8.326416611671447754e-01,9.456952214241027832e-01,7.375282794237136841e-02,2.938911914825439453e-01,6.105225682258605957e-01,8.124161511659622192e-02,-8.868758082389831543e-01,2.580932974815368652e-01,-4.300324916839599609e-01,-6.832417845726013184e-01,-1.513104792684316635e-02
-1.821517795324325562e-01,-8.855460882186889648e-01,-4.830192625522613525e-01,-8.902637958526611328e-01,9.172590449452400208e-03,-3.819758445024490356e-02,8.180850744247436523e-02,-3.210033476352691650e-01,-1.416507512331008911e-01,-8.689858913421630859e-01,-1.961625963449478149e-01,1.823749579489231110e-02,2.624818682670593262e-02,5.384855270385742188e-01,-5.501196384429931641e-01,5.731179118156433105e-01,-8.732107877731323242e-01,-6.432444453239440918e-01,-7.875131964683532715e-01,-3.269583284854888916e-01,4.089811444282531738e-01,-7.751641869544982910e-01,-8.680891394615173340e-01,-1.955706477165222168e-01,-1.726899743080139160e-01,-2.385978400707244873e-02,9.313790798187255859e-01,-4.479227960109710693e-01,5.791305303573608398e-01,-2.020936459302902222e-01
4.916814565658569336e-01,2.106616497039794922e-01,-2.016011476516723633e-01,6.101880073547363281e-01,5.118612051010131836e-01,8.145748376846313477e-01,-9.734883308410644531e-01,8.602988719940185547e-01,4.435969591140747070e-01,1.304378509521484375e-01,-7.246689796447753906e-01,-3.788733482360839844e-01,-7.810889482498168945e-01,4.658659696578979492e-01,2.786269187927246094e-01,3.521506786346435547e-01,4.272158145904541016e-01,-1.013171672821044922e-01,1.740078926086425781e-01,-9.080779552459716797e-02,-5.878307819366455078e-01,-8.902512788772583008e-01,-5.176556110382080078e-01,-8.105485439300537109e-01,-3.884003162384033203e-01,-3.249425888061523438e-01,1.086729764938354492e-01,-1.970100402832031250e-02,-2.975752353668212891e-01,-1.978913545608520508e-01
8.812299370765686035e-01,-1.943348348140716553e-01,-7.838822007179260254e-01,-6.358032226562500000e-01,-6.491636633872985840e-01,8.620504736900329590e-01,-8.962060809135437012e-01,-1.974632963538169861e-02,-4.014644026756286621e-01,-1.640345752239227295e-01,-7.472119927406311035e-01,1.019992947578430176e+00,7.790457010269165039e-01,-6.495344042778015137e-01,-7.564333677291870117e-01,-6.951695680618286133e-01,-1.012881636619567871e+00,8.314377069473266602e-01,-7.309270501136779785e-01,9.495311379432678223e-01,-2.290193289518356323e-01,-7.607853412628173828e-01,3.556555509567260742e-01,1.549720317125320435e-01,-1.754736304283142090e-01,-9.158317446708679199e-01,-8.678181171417236328e-01,6.792361736297607422e-01,-6.490322351455688477e-01,-1.995947808027267456e-01
9.970935583114624023e-01,-2.784835919737815857e-02,-1.195014715194702148e-01,-2.637806236743927002e-01,-3.212514221668243408e-01,-7.198494672775268555e-01,9.912598729133605957e-01,4.455536603927612305e-02,7.264614105224609375e-01,-5.229266285896301270e-01,-7.327305078506469727e-01,-1.525958031415939331e-01,-7.465180754661560059e-01,7.264931797981262207e-01,-1.164705604314804077e-01,4.345695078372955322e-01,1.242753192782402039e-01,-3.927124142646789551e-01,6.518663167953491211e-01,-8.582151681184768677e-02,4.201047122478485107e-01,5.770477652549743652e-01,-5.491139292716979980e-01,-6.986603140830993652e-01,-1.077279597520828247e-01,5.773268342018127441e-01,-2.052558213472366333e-02,3.665200769901275635e-01,-3.600974380970001221e-01,-8.666334748268127441e-01
4.496017098426818848e-02,1.121058389544487000e-01,1.423105597496032715e-02,9.442036151885986328e-01,9.071714431047439575e-02,3.949850201606750488e-01,8.636724352836608887e-01,-6.704759597778320312e-01,-3.812882900238037109e-01,-1.064323782920837402e-01,2.712257206439971924e-01,6.563333868980407715e-01,-9.391570687294006348e-01,-5.716542601585388184e-01,-2.973403930664062500e-01,6.831228733062744141e-01,-2.327724248170852661e-01,-5.025240033864974976e-02,-6.219509840011596680e-01,-2.841514647006988525e-01,6.603327989578247070e-01,-5.074120759963989258e-01,1.878296434879302979e-01,7.826002836227416992e-01,4.870811700820922852e-01,2.087987661361694336e-01,4.153118133544921875e-01,7.817440032958984375e-01,-2.228287160396575928e-01,8.430738449096679688e-01
8.184155225753784180e-01,1.693138927221298218e-01,5.557943582534790039e-01,1.665094941854476929e-01,-1.195842102169990540e-01,9.015046954154968262e-01,1.751970946788787842e-01,-9.468184113502502441e-01,9.057210683822631836e-01,-7.135471105575561523e-01,5.370457172393798828e-01,1.033029556274414062e+00,2.623009085655212402e-01,3.922919034957885742e-01,-7.018700838088989258e-01,-6.452037692070007324e-01,-6.984436511993408203e-01,2.194529175758361816e-01,-8.442443609237670898e-02,-2.593654990196228027e-01,7.287571430206298828e-01,-6.185525655746459961e-01,-2.138348072767257690e-01,2.230625450611114502e-01,8.270376920700073242e-01,-8.505408763885498047e-01,3.974505662918090820e-01,-9.492157399654388428e-02,-6.252156496047973633e-01,6.429631710052490234e-01
-7.123179435729980469e-01,1.739186495542526245e-01,7.010037899017333984e-01,1.628793179988861084e-01,-4.717160761356353760e-02,3.750514388084411621e-01,-1.074487343430519104e-02,6.695057749748229980e-01,5.268542468547821045e-02,1.133249402046203613e-01,3.031591176986694336e-01,-5.636115670204162598e-01,-8.591340184211730957e-01,-6.928841769695281982e-02,-2.115969359874725342e-01,-6.666541099548339844e-01,-1.014228016138076782e-01,5.331416130065917969e-01,5.871367454528808594e-01,-5.636700242757797241e-02,-4.069001078605651855e-01,3.587402999401092529e-01,6.046786308288574219e-01,6.280171275138854980e-01,-8.712257146835327148e-01,1.399235576391220093e-01,4.857821166515350342e-01,1.540605574846267700e-01,9.723182320594787598e-01,1.381226181983947754e-01
8.651161193847656250e-02,-6.468833684921264648e-01,-1.873017549514770508e-01,-3.134591579437255859e-01,5.406816005706787109e-01,6.705125570297241211e-01,-9.768031835556030273e-01,-5.947965383529663086e-01,-8.366321325302124023e-01,-3.394888639450073242e-01,-1.167607307434082031e-02,5.342912673950195312e-02,9.521540403366088867e-01,-9.676852226257324219e-01,-7.438755035400390625e-01,4.476971626281738281e-01,2.556531429290771484e-01,9.946224689483642578e-01,-2.829797267913818359e-01,-2.530329227447509766e-01,-8.615764379501342773e-01,2.069395780563354492e-01,-2.224910259246826172e-01,9.450248479843139648e-01,-5.064697265625000000e-01,3.701192140579223633e-01,-8.811779022216796875e-01,5.411975383758544922e-01,3.751528263092041016e-01,3.848221302032470703e-01
-9.020862579345703125e-01,-4.012820124626159668e-01,6.137705445289611816e-01,-8.540962338447570801e-01,5.850802659988403320e-01,-6.412193775177001953e-01,-5.193119645118713379e-01,-5.064008235931396484e-01,-3.176113367080688477e-01,4.733090698719024658e-01,2.960154116153717041e-01,8.925769329071044922e-01,9.001370072364807129e-01,-8.107538819313049316e-01,3.341857492923736572e-01,7.889150977134704590e-01,-6.747170090675354004e-01,1.760025918483734131e-01,5.967331528663635254e-01,-9.140207171440124512e-01,-5.899059176445007324e-01,8.320302367210388184e-01,4.497641623020172119e-01,6.232369542121887207e-01,-4.327234923839569092e-01,-6.297729611396789551e-01,9.261298775672912598e-01,2.037303745746612549e-01,-4.310315847396850586e-01,9.476598501205444336e-01
-9.546288251876831055e-01,6.275415420532226562e-03,-6.761074066162109375e-03,8.508094549179077148e-01,-5.455136299133300781e-02,8.001869916915893555e-01,-6.019613742828369141e-01,-7.093499898910522461e-01,-5.250701904296875000e-01,8.265048265457153320e-01,-5.925226211547851562e-02,7.917453050613403320e-01,6.671954393386840820e-01,2.540979385375976562e-01,6.476700305938720703e-02,5.929597616195678711e-01,-1.467779874801635742e-01,-3.149863481521606445e-01,-7.520207166671752930e-01,3.044950962066650391e-01,5.370575189590454102e-01,-1.608434915542602539e-01,-7.159768342971801758e-01,-2.271242141723632812e-01,-3.417049646377563477e-01,-4.088622331619262695e-01,-9.402039051055908203e-01,-9.406566619873046875e-03,-4.562958478927612305e-01,6.551902294158935547e-01
1.470659077167510986e-01,5.291627719998359680e-02,-4.407596886157989502e-01,2.636798024177551270e-01,5.114532113075256348e-01,8.722119331359863281e-01,-4.574579000473022461e-01,3.941833972930908203e-01,8.179943561553955078e-01,4.638825953006744385e-01,2.558723092079162598e-01,5.457239151000976562e-01,3.485898077487945557e-01,5.655723810195922852e-01,5.121995210647583008e-01,-2.594289481639862061e-01,1.302972584962844849e-01,-8.256049156188964844e-01,-5.498518049716949463e-02,-9.251475930213928223e-01,4.639863669872283936e-01,-5.921618938446044922e-01,-4.460090994834899902e-01,9.759455919265747070e-02,2.299462705850601196e-01,-1.038035511970520020e+00,4.427296221256256104e-01,-7.146179080009460449e-01,-8.121590614318847656e-01,2.677766382694244385e-01
3.437854349613189697e-01,-3.859167098999023438e-01,2.801621556282043457e-01,-4.960958957672119141e-01,4.518379271030426025e-01,1.102887466549873352e-02,8.944042921066284180e-01,3.027766048908233643e-01,1.774122864007949829e-01,-7.990158796310424805e-01,4.677602052688598633e-01,1.151361539959907532e-01,-3.021633327007293701e-01,-1.044106841087341309e+00,-9.280884861946105957e-01,7.815955877304077148e-01,-6.712770462036132812e-02,1.935899853706359863e-01,2.439831942319869995e-02,-9.714432358741760254e-01,2.151126563549041748e-01,-8.946283459663391113e-01,-6.304016709327697754e-01,-5.209580659866333008e-01,7.896271944046020508e-01,8.202347755432128906e-01,4.393957257270812988e-01,8.330817222595214844e-01,-6.462438702583312988e-01,-1.624651849269866943e-01
3.887562453746795654e-01,1.062715947628021240e-01,1.142481565475463867e+00,-4.109537899494171143e-01,-9.137459397315979004e-01,-1.313718408346176147e-01,8.483545482158660889e-02,8.153572678565979004e-01,3.561097383499145508e-01,-7.395617365837097168e-01,8.657347559928894043e-01,-1.485916674137115479e-01,-6.012225747108459473e-01,-5.916157960891723633e-01,-4.817430377006530762e-01,-1.430724263191223145e-01,-6.857873201370239258e-01,6.647962331771850586e-01,1.802213340997695923e-01,7.764632105827331543e-01,-1.351239085197448730e-01,-8.404603004455566406e-01,-1.012555122375488281e+00,-1.095051616430282593e-01,1.031939625740051270e+00,1.302789449691772461e-01,-4.172347784042358398e-01,-7.351516187191009521e-02,5.737739205360412598e-01,-8.042744398117065430e-01
-1.024737119674682617e+00,-9.086714386940002441e-01,1.074147343635559082e+00,-3.413936793804168701e-01,-7.330742478370666504e-01,1.354573573917150497e-02,-1.864105835556983948e-02,2.384861931204795837e-02,-1.569708287715911865e-01,1.544110029935836792e-01,1.050979971885681152e+00,2.017708867788314819e-01,-7.541590929031372070e-01,2.975237369537353516e-01,4.912553429603576660e-01,-1.048739433288574219e+00,5.721420049667358398e-01,4.112179875373840332e-01,9.112526178359985352e-01,4.092044830322265625e-01,-3.435641527175903320e-02,-5.165395736694335938e-01,-9.079270958900451660e-01,-6.821944117546081543e-01,-8.412042856216430664e-01,6.871141195297241211e-01,6.206358075141906738e-01,6.933714747428894043e-01,-6.311179399490356445e-01,-7.713550925254821777e-01
-9.258286952972412109e-01,3.364223837852478027e-01,1.601523458957672119e-01,-4.471675455570220947e-01,5.429884791374206543e-01,8.978344798088073730e-01,-5.637238025665283203e-01,-4.572626650333404541e-01,-2.011325061321258545e-01,2.891339063644409180e-01,-6.359778642654418945e-01,6.398056149482727051e-01,4.953664243221282959e-01,-6.234316229820251465e-01,-7.440910339355468750e-01,-3.929867446422576904e-01,3.136813938617706299e-01,-7.446260452270507812e-01,6.661647558212280273e-01,-9.501269459724426270e-01,7.005518078804016113e-01,7.704200744628906250e-01,-9.728078246116638184e-01,1.460219733417034149e-02,-1.739547252655029297e-01,3.465646803379058838e-01,9.646750688552856445e-01,6.258032917976379395e-01,-5.057069659233093262e-01,7.499715089797973633e-01
5.949805974960327148e-01,3.570106029510498047e-01,-7.271298170089721680e-01,3.022511005401611328e-01,-3.207364082336425781e-01,5.483220815658569336e-01,1.614030599594116211e-01,-9.165259599685668945e-01,-1.990270614624023438e-02,4.995121955871582031e-01,-8.004950284957885742e-01,-7.785508632659912109e-01,-7.747263908386230469e-01,4.672521352767944336e-01,4.160977602005004883e-01,-1.834391355514526367e-01,8.443917036056518555e-01,8.532627820968627930e-01,2.480198144912719727e-01,-6.346595287322998047e-02,-5.058240890502929688e-01,-1.632199287414550781e-01,7.124334573745727539e-01,-9.619606733322143555e-01,5.483943223953247070e-01,4.140801429748535156e-01,7.634804248809814453e-01,-1.824634075164794922e-01,-8.309657573699951172e-01,8.360797166824340820e-01
-8.494081348180770874e-02,-7.807655930519104004e-01,-9.415464401245117188e-01,8.511887788772583008e-01,-4.165461957454681396e-01,6.787276864051818848e-01,9.552041292190551758e-01,2.024266421794891357e-01,-9.079957604408264160e-01,-9.892841577529907227e-01,-5.093501806259155273e-01,9.633079916238784790e-02,-4.249869287014007568e-02,-8.855667710304260254e-01,5.850866436958312988e-02,6.415889859199523926e-01,-6.331166625022888184e-01,-9.186900258064270020e-01,-8.690339326858520508e-01,1.259471774101257324e-01,-4.167422056198120117e-01,-1.364325433969497681e-01,-1.218404471874237061e-01,8.492583036422729492e-01,-2.963532805442810059e-01,-8.287872076034545898e-01,8.370118737220764160e-01,7.647938132286071777e-01,-6.979060769081115723e-01,2.227283418178558350e-01
9.591134786605834961e-01,-4.167307019233703613e-01,-3.810095787048339844e-01,-2.267434597015380859e-01,1.075088828802108765e-01,8.022900223731994629e-01,5.130116939544677734e-01,-5.276519060134887695e-01,-3.119030594825744629e-01,1.392204873263835907e-02,6.924822330474853516e-01,7.366514801979064941e-01,4.533258974552154541e-01,8.559323549270629883e-01,7.745006084442138672e-01,-3.200993537902832031e-01,-4.965638816356658936e-01,9.063829183578491211e-01,4.281031489372253418e-01,-9.688792824745178223e-01,7.951532602310180664e-01,-1.409597694873809814e-01,-9.122504591941833496e-01,6.813986897468566895e-01,8.757938444614410400e-02,3.635839223861694336e-01,-9.662282466888427734e-02,-4.812902510166168213e-01,3.855589330196380615e-01,-3.117608428001403809e-01
1.434862241148948669e-02,6.503567695617675781e-01,6.243798136711120605e-01,-7.280771732330322266e-01,-7.618488669395446777e-01,-8.451720476150512695e-01,6.729064881801605225e-02,3.808095157146453857e-01,-2.612105011940002441e-01,2.171269059181213379e-01,1.851756572723388672e-01,-2.512973248958587646e-01,5.926092267036437988e-01,-6.146514415740966797e-01,7.123554944992065430e-01,4.118697643280029297e-01,-3.487107753753662109e-01,-5.554467439651489258e-02,6.242989301681518555e-01,7.721736282110214233e-02,-5.543933510780334473e-01,-3.258774802088737488e-02,6.813749074935913086e-01,-3.980986475944519043e-01,-5.898885130882263184e-01,-6.001585125923156738e-01,3.467479944229125977e-01,4.293750822544097900e-01,8.410801291465759277e-01,-4.224138259887695312e-01
6.077402830123901367e-01,6.261026114225387573e-02,-1.885189563035964966e-01,1.277988683432340622e-02,-6.001361608505249023e-01,-2.682002186775207520e-01,-1.848421543836593628e-01,-4.807056188583374023e-01,-5.946474075317382812e-01,-4.937569797039031982e-01,7.590865492820739746e-01,-1.457623243331909180e-01,7.107313275337219238e-01,7.567299604415893555e-01,1.698230057954788208e-01,5.932490825653076172e-01,-5.679435133934020996e-01,1.810138374567031860e-01,1.202675029635429382e-01,1.468906402587890625e-01,-9.489139914512634277e-02,4.326878786087036133e-01,-2.192386612296104431e-02,-4.085356593132019043e-01,-6.827306747436523438e-01,2.708807289600372314e-01,-2.668867707252502441e-01,9.036818742752075195e-01,-8.205739855766296387e-01,-4.350680112838745117e-01
-7.968310713768005371e-01,-6.906694173812866211e-01,-1.479254961013793945e-01,4.022290110588073730e-01,1.444875299930572510e-01,-4.596531093120574951e-01,-5.883374214172363281e-01,-3.256960511207580566e-01,-1.113963499665260315e-01,9.385434985160827637e-01,8.179227709770202637e-01,-2.996529042720794678e-01,5.234231948852539062e-01,-4.985694885253906250e-01,1.681972295045852661e-01,4.733798503875732422e-01,8.844223022460937500e-01,8.796158432960510254e-01,7.174984812736511230e-01,1.914280280470848083e-02,-6.111736893653869629e-01,-3.573007881641387939e-01,1.727581620216369629e-01,-1.910611838102340698e-01,6.997150778770446777e-01,-9.896407723426818848e-01,-6.124509498476982117e-02,-3.072639405727386475e-01,-1.690872013568878174e-01,-8.452142477035522461e-01
3.498147726058959961e-01,8.688842505216598511e-02,-2.680449783802032471e-01,-1.833000481128692627e-01,8.966747671365737915e-02,1.798145174980163574e-01,6.343867182731628418e-01,3.346858620643615723e-01,6.217193603515625000e-01,1.126678884029388428e-01,-2.733880281448364258e-01,-1.475593745708465576e-01,2.353269457817077637e-01,-1.763308048248291016e-01,2.410778552293777466e-01,-9.724478721618652344e-01,-6.337780356407165527e-01,1.753633320331573486e-01,-7.060792446136474609e-01,-9.947840571403503418e-01,6.139479279518127441e-01,2.526094019412994385e-02,8.737190365791320801e-01,-4.675659835338592529e-01,-5.874186754226684570e-01,3.341799229383468628e-02,2.440658360719680786e-01,2.201746404170989990e-01,-3.248963654041290283e-01,4.869618117809295654e-01
-1.044688746333122253e-01,2.090066820383071899e-01,-6.084581017494201660e-01,3.440885841846466064e-01,6.990544795989990234e-01,5.563009977340698242e-01,8.865613341331481934e-01,-8.553311228752136230e-01,-1.125965356826782227e+00,-9.760568737983703613e-01,-2.281518578529357910e-01,-7.037409543991088867e-01,-4.960920810699462891e-01,2.975178360939025879e-01,6.126067638397216797e-01,-1.009823799133300781e+00,5.856732279062271118e-02,9.144527912139892578e-01,-8.164315819740295410e-01,-3.465488553047180176e-01,9.025711417198181152e-01,5.183247923851013184e-01,3.056953549385070801e-01,-4.864207506179809570e-01,5.876260995864868164e-01,5.705596208572387695e-01,-6.697920560836791992e-01,1.514694988727569580e-01,3.197413086891174316e-01,7.325043678283691406e-01
-8.726280927658081055e-01,3.221954405307769775e-02,-3.726121187210083008e-01,-5.080243945121765137e-01,-1.046367213129997253e-01,-4.071255922317504883e-01,2.598355114459991455e-01,6.314310431480407715e-02,8.021861314773559570e-01,4.008150100708007812e-01,-4.125409126281738281e-01,-6.327214241027832031e-01,7.013888359069824219e-01,-6.750570535659790039e-01,-4.060482233762741089e-02,6.587575674057006836e-01,-6.692513227462768555e-01,-4.089190959930419922e-01,-4.515210911631584167e-02,1.901375800371170044e-01,2.063748240470886230e-01,-5.052244067192077637e-01,-7.554554939270019531e-01,1.859090179204940796e-01,5.050123333930969238e-01,5.752232670783996582e-01,-3.114298880100250244e-01,-6.549496054649353027e-01,8.105540871620178223e-01,1.184851169586181641e+00
6.322913616895675659e-02,-8.818811774253845215e-01,1.232495978474617004e-01,-1.063140928745269775e-01,-8.120559453964233398e-01,-8.923534154891967773e-01,-1.779688745737075806e-01,6.532143950462341309e-01,-4.783577919006347656e-01,6.656447649002075195e-01,-5.630441308021545410e-01,2.347246184945106506e-02,2.116460949182510376e-01,1.106713786721229553e-01,5.592662692070007324e-01,-6.162653565406799316e-01,-5.660376697778701782e-02,-9.331060647964477539e-01,2.444697767496109009e-01,-5.874189734458923340e-01,9.445393085479736328e-01,6.473134160041809082e-01,2.122095525264739990e-01,-2.217760533094406128e-01,9.400680661201477051e-01,-5.140453577041625977e-01,1.440876126289367676e-01,1.690802350640296936e-02,8.162899613380432129e-01,-6.514279842376708984e-01
-2.400030568242073059e-02,3.448039293289184570e-01,-9.231734275817871094e-01,3.306879997253417969e-01,2.984013557434082031e-01,-2.295038290321826935e-02,-5.766102075576782227e-01,3.826618790626525879e-01,-9.370018839836120605e-01,-4.338040351867675781e-01,2.832059860229492188e-01,-8.718976378440856934e-01,-2.601123750209808350e-01,2.959658503532409668e-01,-9.353880286216735840e-01,3.328019380569458008e-01,7.427549958229064941e-01,-4.364395141601562500e-01,4.076704382896423340e-01,-6.829894185066223145e-01,9.915364384651184082e-01,-2.223168462514877319e-01,1.353077590465545654e-02,3.432888984680175781e-01,8.483006358146667480e-01,4.909497499465942383e-01,7.972130179405212402e-01,-5.964510887861251831e-02,-6.125624775886535645e-01,-3.599243164062500000e-01
1.757865846157073975e-01,-2.740112319588661194e-02,5.292652249336242676e-01,7.983568310737609863e-02,-3.421031832695007324e-01,4.566543102264404297e-01,-2.090771123766899109e-02,-5.702450871467590332e-01,-8.164941668510437012e-01,1.011638998985290527e+00,-9.719578623771667480e-01,4.451615810394287109e-01,3.012908697128295898e-01,-8.863313794136047363e-01,7.696158885955810547e-01,6.679140776395797729e-02,-8.743258118629455566e-01,-7.082284688949584961e-01,3.772573471069335938e-01,-1.848603785037994385e-01,5.483165979385375977e-01,2.304679006338119507e-01,5.026591420173645020e-01,7.194874435663223267e-02,-8.559278845787048340e-01,6.029995903372764587e-02,-8.423359990119934082e-01,-4.492056965827941895e-01,-3.860795199871063232e-01,-7.274127602577209473e-01
-9.244432449340820312e-01,9.660284221172332764e-02,-3.362533450126647949e-01,-2.449455708265304565e-01,2.775474786758422852e-01,2.993984818458557129e-01,-3.434594720602035522e-03,-5.698050260543823242e-01,-5.386542528867721558e-02,-8.163781166076660156e-01,-8.105191588401794434e-01,7.720206379890441895e-01,-9.202837944030761719e-01,2.546220123767852783e-01,-2.901993505656719208e-02,2.936667203903198242e-01,-4.858696162700653076e-01,5.405449867248535156e-01,2.060594111680984497e-01,-9.388418197631835938e-01,-5.184103250503540039e-01,1.591551750898361206e-01,5.783749818801879883e-01,-5.948342680931091309e-01,-6.496502757072448730e-01,4.470873773097991943e-01,-1.679072529077529907e-02,4.991626441478729248e-01,8.330754637718200684e-01,5.073139816522598267e-02
7.300853729248046875e-03,4.905190467834472656e-01,-8.997213840484619141e-01,8.834940195083618164e-01,-8.050831556320190430e-01,3.441258668899536133e-01,-6.719549894332885742e-01,3.882462978363037109e-01,-2.616007328033447266e-01,5.500090122222900391e-02,-6.923832893371582031e-01,-1.103949546813964844e-02,-6.559588909149169922e-01,-7.893955707550048828e-02,-7.497746944427490234e-01,4.848251342773437500e-01,-2.923305034637451172e-01,9.208877086639404297e-01,-6.048008203506469727e-01,1.953825950622558594e-01,-1.513644456863403320e-01,-8.768227100372314453e-01,-5.856388807296752930e-01,-9.427729845046997070e-01,-8.677005767822265625e-03,-3.666893243789672852e-01,6.292940378189086914e-01,7.023714780807495117e-01,9.428094625473022461e-01,7.032549381256103516e-01
-8.786184191703796387e-01,9.498108029365539551e-01,-3.998728096485137939e-02,4.081442058086395264e-01,6.926090121269226074e-01,7.459775209426879883e-01,5.223017334938049316e-01,-6.632051467895507812e-01,3.262119889259338379e-01,1.050297737121582031e+00,-4.750894010066986084e-02,-6.686518192291259766e-01,6.041868925094604492e-01,-8.877459168434143066e-01,-1.862304657697677612e-01,6.314001679420471191e-01,-5.188695192337036133e-01,9.687919020652770996e-01,-2.893688678741455078e-01,3.448890745639801025e-01,-1.020005345344543457e+00,-7.437902688980102539e-01,-2.072101831436157227e-02,7.954563498497009277e-01,-3.763692080974578857e-02,-1.789823770523071289e-01,-2.408754229545593262e-01,5.283965468406677246e-01,3.730076849460601807e-01,-1.765080988407135010e-01
-5.078800916671752930e-01,-6.745129823684692383e-03,3.798738420009613037e-01,4.245072901248931885e-01,4.444817602634429932e-01,7.798805236816406250e-01,1.350620090961456299e-01,6.667680740356445312e-01,2.873699963092803955e-01,7.002319693565368652e-01,8.410192131996154785e-01,2.439604848623275757e-01,-6.728560328483581543e-01,6.308320164680480957e-01,-9.709242582321166992e-01,-4.063920676708221436e-01,9.232360720634460449e-01,6.843969821929931641e-01,4.459537565708160400e-02,-6.780003309249877930e-01,5.145204067230224609e-01,-4.243188500404357910e-01,-1.820238530635833740e-01,8.084409832954406738e-01,-2.290157973766326904e-02,7.144613265991210938e-01,9.175059795379638672e-01,1.777909994125366211e-01,1.315571963787078857e-01,-3.525061607360839844e-01
-2.321922481060028076e-01,-5.223373174667358398e-01,8.126664161682128906e-01,2.324766069650650024e-01,-1.626499593257904053e-01,-4.756197631359100342e-01,-6.798244118690490723e-01,6.747747063636779785e-01,-8.120262026786804199e-01,-6.054114699363708496e-01,3.821224570274353027e-01,-5.423229336738586426e-01,-7.750964760780334473e-01,-4.841700196266174316e-03,3.246762156486511230e-01,5.049601197242736816e-01,7.099059820175170898e-01,7.864442467689514160e-01,-1.011769175529479980e+00,1.792255192995071411e-01,-4.698708653450012207e-01,-9.952447414398193359e-01,-6.484054923057556152e-01,3.561908900737762451e-01,-5.856976509094238281e-01,1.088983774185180664e+00,-5.570093393325805664e-01,-7.710768580436706543e-01,-2.273898720741271973e-01,6.114220619201660156e-01
6.132031083106994629e-01,8.710367977619171143e-02,1.144388198852539062e+00,5.240852832794189453e-01,4.024202823638916016e-01,-4.865675568580627441e-01,-8.147322535514831543e-01,2.016127109527587891e-02,3.114912509918212891e-01,-1.260649412870407104e-01,-3.188786506652832031e-01,2.794085741043090820e-01,-5.971227288246154785e-01,4.858592748641967773e-01,-7.452207207679748535e-01,-5.028066635131835938e-01,-1.925524920225143433e-01,-7.927510142326354980e-02,-8.903924822807312012e-01,5.494009852409362793e-01,1.077956199645996094e+00,8.062428832054138184e-01,5.359109640121459961e-01,9.627162218093872070e-01,1.045855402946472168e+00,1.952718198299407959e-02,1.155477881431579590e+00,-8.356461524963378906e-01,-1.566629558801651001e-01,1.503094732761383057e-01
9.583331346511840820e-01,-5.469986200332641602e-01,1.259392499923706055e-02,4.840502738952636719e-01,3.419056236743927002e-01,-6.503280997276306152e-01,1.072943583130836487e-02,-7.110911011695861816e-01,-6.545429229736328125e-01,5.157021284103393555e-01,-8.905067443847656250e-01,-6.754572987556457520e-01,3.544376194477081299e-01,1.380777359008789062e-01,2.862431406974792480e-01,8.540092110633850098e-01,-6.758834719657897949e-01,-1.032431647181510925e-01,3.699914813041687012e-01,-4.805217087268829346e-01,5.735614895820617676e-01,-6.867048740386962891e-01,9.590847492218017578e-01,-5.744161605834960938e-01,-8.825728297233581543e-01,2.925986647605895996e-01,7.307056784629821777e-01,-1.000880956649780273e+00,-3.040019571781158447e-01,-5.967845320701599121e-01
-1.641010195016860962e-01,9.563499689102172852e-01,-4.109968543052673340e-01,7.760052084922790527e-01,-8.723817467689514160e-01,6.740517169237136841e-02,6.582455039024353027e-01,6.986776590347290039e-01,3.702514171600341797e-01,1.010720014572143555e+00,-7.370738685131072998e-02,2.178553789854049683e-01,-7.932209223508834839e-02,7.766741514205932617e-01,4.049244821071624756e-01,-6.694212555885314941e-01,1.319989413022994995e-01,6.350147128105163574e-01,-6.189727187156677246e-01,-6.225180625915527344e-01,2.753416001796722412e-01,4.899307489395141602e-01,1.041426509618759155e-02,-7.998888939619064331e-02,-1.069812059402465820e+00,-6.846951246261596680e-01,-3.796929121017456055e-01,6.445915699005126953e-01,3.342699408531188965e-01,7.118184566497802734e-01
3.728077411651611328e-01,7.785718441009521484e-01,-9.356454610824584961e-01,-2.653479576110839844e-02,6.488244533538818359e-01,-7.068706750869750977e-01,-5.213773250579833984e-02,5.514746904373168945e-01,4.212541580200195312e-01,4.832305908203125000e-01,9.102004766464233398e-01,-5.106327533721923828e-01,2.041718959808349609e-01,-2.263919115066528320e-01,1.498315334320068359e-01,2.874715328216552734e-01,-4.456117153167724609e-01,7.418603897094726562e-01,2.140952348709106445e-01,-7.690614461898803711e-01,6.860296726226806641e-01,-1.169079542160034180e-01,-4.215458631515502930e-01,-3.936071395874023438e-01,5.124794244766235352e-01,5.168190002441406250e-01,-9.231932163238525391e-01,-7.153749465942382812e-01,5.473985671997070312e-01,3.832457065582275391e-01
-4.074170589447021484e-01,8.845436573028564453e-01,-7.163360118865966797e-01,-9.780685901641845703e-01,9.754140377044677734e-01,5.865312814712524414e-01,8.736137151718139648e-01,9.924793243408203125e-02,-2.655489444732666016e-01,6.397141218185424805e-01,6.673521995544433594e-01,6.651033163070678711e-01,-2.217830419540405273e-01,9.603321552276611328e-02,-7.706531286239624023e-01,-1.962761878967285156e-01,7.358320951461791992e-01,-1.906563043594360352e-01,1.670360565185546875e-02,-9.808267354965209961e-01,-8.911494016647338867e-01,-6.738610267639160156e-01,7.743055820465087891e-01,8.263684511184692383e-01,-6.767358779907226562e-01,-9.429992437362670898e-01,-3.778082132339477539e-01,-6.206349134445190430e-01,3.290696144104003906e-01,9.672321081161499023e-01
1.778781712055206299e-01,-4.108005166053771973e-01,6.170897483825683594e-01,9.325106143951416016e-01,-6.655033826828002930e-01,-8.078096508979797363e-01,-7.285921573638916016e-01,-5.364925265312194824e-01,2.266600728034973145e-02,-3.190672695636749268e-01,-7.061365842819213867e-01,-7.274940609931945801e-01,3.783091306686401367e-01,-5.116301774978637695e-01,5.509054064750671387e-01,-7.458346486091613770e-01,-3.386446237564086914e-01,6.997563838958740234e-01,7.938454747200012207e-01,2.970502078533172607e-01,5.119253396987915039e-01,5.396683812141418457e-01,-5.404582619667053223e-01,3.073152899742126465e-01,5.721310377120971680e-01,9.109699726104736328e-02,-2.848960161209106445e-01,9.809637665748596191e-01,3.914053440093994141e-01,-1.145470976829528809e+00
9.968287348747253418e-01,9.769036173820495605e-01,7.527675628662109375e-01,-1.363357156515121460e-01,9.093667268753051758e-01,-6.483408808708190918e-01,4.867476224899291992e-01,-4.345288574695587158e-01,4.011457264423370361e-01,-9.501395821571350098e-01,-1.568542271852493286e-01,4.854012429714202881e-01,-3.713872432708740234e-01,-5.973794460296630859e-01,5.187487006187438965e-01,1.902736127376556396e-01,6.675215363502502441e-01,-2.444170862436294556e-01,-7.969306111335754395e-01,8.938509225845336914e-01,-3.231262862682342529e-01,6.472812891006469727e-01,7.585092186927795410e-01,-5.371477603912353516e-01,-1.788826882839202881e-01,8.389390707015991211e-01,-7.740650177001953125e-01,4.034846648573875427e-02,-4.777928590774536133e-01,6.080227494239807129e-01
1.681590080261230469e-02,2.678714320063591003e-02,1.083649396896362305e-01,1.768909394741058350e-01,8.885374069213867188e-01,5.258178114891052246e-01,-3.367266058921813965e-02,3.990899920463562012e-01,8.387132883071899414e-01,-7.256278395652770996e-01,3.033148646354675293e-01,-4.119686484336853027e-01,5.241166353225708008e-01,3.602992892265319824e-01,7.777055501937866211e-01,-6.597533822059631348e-03,1.716858148574829102e-01,-2.611537575721740723e-01,-6.061047315597534180e-01,-7.060974240303039551e-01,2.698100209236145020e-01,-8.324463963508605957e-01,-6.371089816093444824e-01,-1.032484173774719238e+00,-1.421698033809661865e-01,-1.815044581890106201e-01,-1.752644777297973633e-03,-2.789021134376525879e-01,-5.960355401039123535e-01,1.223642230033874512e-01
9.341713190078735352e-01,-5.135283470153808594e-01,5.508387088775634766e-01,7.388747930526733398e-01,-6.882947683334350586e-01,9.616947174072265625e-01,2.948890924453735352e-01,1.741654872894287109e-01,-6.315675973892211914e-01,-4.519813060760498047e-01,1.291075944900512695e-01,9.737045764923095703e-01,6.241385936737060547e-01,-2.513051033020019531e-02,5.566183328628540039e-01,3.871102333068847656e-01,2.960157394409179688e-01,-1.172116994857788086e-01,3.782805204391479492e-01,7.753111124038696289e-01,3.567838668823242188e-01,-1.103075742721557617e-01,-9.868439435958862305e-01,-2.805498838424682617e-01,-8.298703432083129883e-01,-8.226124048233032227e-01,-1.814723014831542969e-03,-3.786319494247436523e-01,-9.513614177703857422e-01,6.040289402008056641e-01
5.228927731513977051e-01,-6.860541701316833496e-01,-5.181424617767333984e-01,9.441970586776733398e-01,-2.564314603805541992e-01,-9.958527684211730957e-01,5.795878767967224121e-01,5.491317510604858398e-01,1.918583512306213379e-01,2.498027831315994263e-01,-3.072093427181243896e-01,5.004652142524719238e-01,7.366854548454284668e-01,-9.788542389869689941e-01,-9.675504565238952637e-01,5.859245657920837402e-01,4.995168745517730713e-01,5.758982300758361816e-01,8.075727820396423340e-01,1.019902452826499939e-01,4.531944096088409424e-01,-3.594689071178436279e-01,-3.409504294395446777e-01,2.041091769933700562e-01,6.777660250663757324e-01,-9.353406727313995361e-02,-9.134612083435058594e-01,3.092610836029052734e-01,4.816824793815612793e-01,5.601031780242919922e-01
6.362561583518981934e-01,5.825023353099822998e-02,2.042181938886642456e-01,-8.620367050170898438e-01,1.611170172691345215e-02,-6.738160252571105957e-01,-5.490629673004150391e-01,-6.273742318153381348e-01,-4.604685902595520020e-01,5.715978145599365234e-01,-4.978659376502037048e-02,1.069468185305595398e-01,-1.648111939430236816e-01,-2.312510274350643158e-02,-4.103497788310050964e-02,-7.173741459846496582e-01,-1.568390429019927979e-02,6.242386996746063232e-02,8.743939995765686035e-01,6.843543052673339844e-01,4.928977191448211670e-01,-9.947121143341064453e-02,-3.689000010490417480e-01,7.327926754951477051e-01,-2.968657910823822021e-01,-2.042402327060699463e-01,-6.080604195594787598e-01,5.037567764520645142e-02,1.921256184577941895e-01,-8.637167215347290039e-01
-8.758849501609802246e-01,7.692837119102478027e-01,2.921611536294221878e-03,6.229608058929443359e-01,2.310811579227447510e-01,5.189478024840354919e-02,2.961784899234771729e-01,-9.050513505935668945e-01,-5.076910257339477539e-01,3.009940683841705322e-01,-1.076135858893394470e-01,-5.254628658294677734e-01,2.811433374881744385e-01,-3.886059671640396118e-02,-2.456456124782562256e-01,-9.814928770065307617e-01,8.980581164360046387e-01,-1.899996250867843628e-01,8.657850027084350586e-01,-1.620325446128845215e-01,-3.322059810161590576e-01,5.919390320777893066e-01,5.029888153076171875e-01,-1.510928124189376831e-01,-1.959758102893829346e-01,-6.905056834220886230e-01,1.263941079378128052e-01,-5.103907585144042969e-01,8.401330113410949707e-01,1.336286365985870361e-01
-7.378089427947998047e-01,2.732731699943542480e-01,3.066490031778812408e-02,7.958468794822692871e-01,-2.120051980018615723e-01,-2.399428933858871460e-01,5.446197390556335449e-01,-8.471416234970092773e-01,-1.824361979961395264e-01,-6.223153471946716309e-01,-7.222825884819030762e-01,6.046139076352119446e-02,-2.853877246379852295e-01,-7.589448690414428711e-01,-6.485508084297180176e-01,-9.874697923660278320e-01,-6.723917126655578613e-01,2.459696382284164429e-01,-5.443966984748840332e-01,-6.153151392936706543e-01,1.460362374782562256e-01,8.736680746078491211e-01,7.716887593269348145e-01,1.885525286197662354e-01,4.042451381683349609e-01,6.248707175254821777e-01,-1.778586357831954956e-01,-3.997655510902404785e-01,6.518602967262268066e-01,-3.312976062297821045e-01
-7.999140024185180664e-01,1.606222391128540039e-01,-8.631137609481811523e-01,-4.306836128234863281e-01,6.203504800796508789e-01,-8.515596389770507812e-03,-7.592836618423461914e-01,-7.373185157775878906e-01,-1.668933629989624023e-01,-2.284035682678222656e-01,-7.320301532745361328e-01,5.325363874435424805e-01,-2.765883207321166992e-01,3.969949483871459961e-01,-6.165202856063842773e-01,1.360988616943359375e-01,-7.331562042236328125e-02,4.983054399490356445e-01,-7.755252122879028320e-01,-7.574290037155151367e-01,-8.552088737487792969e-01,-4.571144580841064453e-01,-3.913341760635375977e-01,9.423933029174804688e-01,-6.889430284500122070e-01,-8.967744112014770508e-01,-3.925478458404541016e-02,3.017532825469970703e-02,-7.211272716522216797e-01,-5.619866847991943359e-01
4.840558171272277832e-01,-1.879021972417831421e-01,3.129054009914398193e-01,8.625203371047973633e-01,1.949947923421859741e-01,3.632918894290924072e-01,5.308482646942138672e-01,2.827749550342559814e-01,-1.627310514450073242e-01,-9.573227167129516602e-01,6.132648140192031860e-02,3.325651586055755615e-01,-5.210499763488769531e-01,6.849578619003295898e-01,3.780859410762786865e-01,-9.552636742591857910e-02,-7.147372961044311523e-01,1.016286108642816544e-02,6.258201599121093750e-01,-5.997721850872039795e-02,8.544076681137084961e-01,-8.517831563949584961e-01,6.268934607505798340e-01,-4.831841289997100830e-01,8.894577622413635254e-01,6.146622076630592346e-02,-2.504399716854095459e-01,9.004062414169311523e-01,9.655494689941406250e-01,2.304517477750778198e-01
-3.046646118164062500e-01,4.746895730495452881e-01,-3.237184882164001465e-02,6.472924947738647461e-01,-1.705391258001327515e-01,-7.698538899421691895e-01,4.516028165817260742e-01,6.828890442848205566e-01,-1.098171770572662354e-01,8.216283321380615234e-01,-4.507397413253784180e-01,-3.259567320346832275e-01,8.892548084259033203e-02,5.448743700981140137e-03,5.381832718849182129e-01,-6.266841888427734375e-01,-8.133426904678344727e-01,-1.000842571258544922e+00,7.213773578405380249e-02,-1.012403726577758789e+00,8.457045555114746094e-01,-5.325436592102050781e-01,-8.556275367736816406e-01,4.476732611656188965e-01,-7.892499566078186035e-01,8.750959634780883789e-01,1.559730619192123413e-01,-3.052414953708648682e-01,8.252657651901245117e-01,5.398690700531005859e-02
5.975176766514778137e-02,-4.534223079681396484e-01,-3.603402972221374512e-01,3.162984848022460938e-01,-3.022655248641967773e-01,3.385945856571197510e-01,1.205233484506607056e-01,-2.138528227806091309e-01,-1.529727578163146973e-01,5.953122973442077637e-01,3.702156543731689453e-01,8.057370781898498535e-01,-3.750666081905364990e-01,3.538335263729095459e-01,-1.129997596144676208e-01,-7.501040697097778320e-01,-7.975313663482666016e-01,-4.330189526081085205e-01,-5.050129294395446777e-01,1.435726135969161987e-01,-1.463699638843536377e-01,9.922369122505187988e-01,3.248278796672821045e-01,1.266646534204483032e-01,-2.318201065063476562e-01,2.248255610466003418e-01,-4.009525477886199951e-01,1.964365541934967041e-01,-8.087315559387207031e-01,1.333640366792678833e-01
3.707916736602783203e-01,1.145038604736328125e-01,6.283521652221679688e-03,7.218031883239746094e-01,-1.096074581146240234e-01,5.991128683090209961e-01,-4.250532388687133789e-01,-1.704345941543579102e-01,-1.073688268661499023e-01,5.339114665985107422e-01,4.900461435317993164e-01,-7.896682024002075195e-01,-1.439831256866455078e-01,-5.091779232025146484e-01,-5.543509721755981445e-01,1.631267070770263672e-01,-8.672409057617187500e-01,2.447474002838134766e-01,-7.340979576110839844e-02,6.617562770843505859e-01,5.361031293869018555e-01,-2.270650863647460938e-02,-4.090155363082885742e-01,9.853684902191162109e-01,-4.927395582199096680e-01,-8.847390413284301758e-01,-5.551671981811523438e-02,-6.953456401824951172e-01,2.958921194076538086e-01,4.149212837219238281e-01
