-8.442256450653076172e-01,-7.474174499511718750e-01,-7.839304208755493164e-01,8.501483201980590820e-01,-2.367553710937500000e-01,9.328657388687133789e-01,-8.455383777618408203e-01,6.627101898193359375e-01,-1.081672906875610352e-01,-3.765083551406860352e-01,-9.263162612915039062e-01,-9.055982828140258789e-01,-1.100860834121704102e-01,-8.386125564575195312e-01,-4.043267965316772461e-01,9.176167249679565430e-01,-5.100891590118408203e-01,9.306764602661132812e-02,-2.322243452072143555e-01,-9.784337282180786133e-01,-2.705620527267456055e-01,7.346904277801513672e-01,-8.592802286148071289e-01,8.710864782333374023e-01,5.049560070037841797e-01,-2.102177143096923828e-01,-3.609718084335327148e-01,-8.758234977722167969e-01,4.122666120529174805e-01,5.845934152603149414e-01
-1.526629924774169922e-01,8.225024938583374023e-01,-2.077184915542602539e-01,-7.755464315414428711e-01,5.341546535491943359e-01,5.116696357727050781e-01,7.420499324798583984e-01,-7.723805904388427734e-01,6.834334135055541992e-01,9.081779718399047852e-01,4.265688657760620117e-01,-8.340755701065063477e-01,1.795946359634399414e-01,-8.004252910614013672e-01,6.388927698135375977e-01,4.796888828277587891e-01,6.147315502166748047e-01,-2.208770513534545898e-01,5.304095745086669922e-01,4.285315275192260742e-01,-1.069511175155639648e-01,-1.851139068603515625e-01,1.315758228302001953e-01,7.104444503784179688e-01,-6.340322494506835938e-01,-5.672311782836914062e-02,2.186501026153564453e-02,-5.832760334014892578e-01,-4.987703561782836914e-01,3.185796737670898438e-02
6.428338289260864258e-01,7.083779573440551758e-01,-8.274636268615722656e-01,9.984797239303588867e-01,9.523878097534179688e-01,-7.577823400497436523e-01,-8.700033426284790039e-01,-6.066280603408813477e-01,8.356964588165283203e-02,4.252356290817260742e-01,-4.417628049850463867e-01,2.804778814315795898e-01,3.275835514068603516e-02,2.149373292922973633e-01,9.510395526885986328e-01,-8.112661838531494141e-01,7.652935981750488281e-01,1.790033578872680664e-01,5.806319713592529297e-01,9.331018924713134766e-01,-4.659152030944824219e-01,8.015673160552978516e-01,7.424097061157226562e-01,8.574877977371215820e-01,3.787347078323364258e-01,9.167474508285522461e-01,-4.972132444381713867e-01,7.325580120086669922e-01,-5.927159786224365234e-01,2.820851802825927734e-01
-8.591347932815551758e-01,5.223389863967895508e-01,-3.348318338394165039e-01,-4.738218784332275391e-01,-5.813134908676147461e-01,5.271676778793334961e-01,2.746793031692504883e-01,4.521365165710449219e-01,-9.820344448089599609e-01,-8.896787166595458984e-01,-4.020067453384399414e-01,3.164545297622680664e-01,-8.150757551193237305e-01,8.180979490280151367e-01,-3.649421930313110352e-01,8.956617116928100586e-01,-9.364717006683349609e-01,-5.333617925643920898e-01,-6.570444107055664062e-01,-6.068036556243896484e-01,-3.527243137359619141e-01,5.099920034408569336e-01,4.642071723937988281e-01,2.823734283447265625e-01,-1.893674135208129883e-01,-5.355476140975952148e-01,1.734528541564941406e-01,6.589599847793579102e-01,9.232136011123657227e-01,-5.777335166931152344e-01
-5.409379005432128906e-01,6.347749233245849609e-01,7.326809167861938477e-01,3.749485015869140625e-01,-6.409986019134521484e-01,-3.126645088195800781e-02,-4.308884143829345703e-01,1.602122783660888672e-01,3.946089744567871094e-01,-1.614713668823242188e-02,-2.209244966506958008e-01,-5.705702304840087891e-02,-1.218030452728271484e-01,-4.074740409851074219e-02,2.813158035278320312e-01,6.035157442092895508e-01,3.430576324462890625e-01,5.222138166427612305e-01,6.173433065414428711e-01,5.325460433959960938e-01,7.984377145767211914e-01,8.592522144317626953e-01,2.458128929138183594e-01,-9.080258607864379883e-01,-6.622140407562255859e-01,8.212299346923828125e-01,9.222626686096191406e-03,-4.865419864654541016e-02,-2.935333251953125000e-01,-7.838684320449829102e-01
-4.997606277465820312e-01,-3.331120014190673828e-01,-8.835256099700927734e-02,7.744411230087280273e-01,-1.338183879852294922e-01,-7.006347179412841797e-02,8.363022804260253906e-01,-5.311273336410522461e-01,5.857524871826171875e-01,-1.121336221694946289e-01,-9.424391984939575195e-01,-1.516726016998291016e-01,1.463590860366821289e-01,4.850080013275146484e-01,-8.733782768249511719e-01,2.275636196136474609e-01,3.113855123519897461e-01,-1.796765327453613281e-01,4.890611171722412109e-01,-8.124446868896484375e-01,-9.305853843688964844e-01,-5.463722944259643555e-01,-5.958496332168579102e-01,6.499824523925781250e-01,-8.779028654098510742e-01,8.330533504486083984e-01,-8.195546865463256836e-01,-9.011589288711547852e-01,4.650938510894775391e-02,-3.019105195999145508e-01
-3.278242349624633789e-01,-9.047181606292724609e-01,9.089723825454711914e-01,-1.452023983001708984e-01,9.610373973846435547e-01,-1.887217760086059570e-01,9.542535543441772461e-01,7.238463163375854492e-01,1.544669866561889648e-01,-4.645593166351318359e-01,9.697734117507934570e-01,3.169894218444824219e-02,7.458611726760864258e-01,4.914066791534423828e-01,3.400747776031494141e-01,-5.493488311767578125e-01,4.392186403274536133e-01,7.736605405807495117e-01,-5.915167331695556641e-01,1.424603462219238281e-01,2.488461732864379883e-01,4.442299604415893555e-01,-4.715335369110107422e-01,2.806471586227416992e-01,-8.702112436294555664e-01,5.682399272918701172e-01,5.950090885162353516e-01,2.339488267898559570e-01,7.416771650314331055e-01,-2.803407907485961914e-01
4.072482585906982422e-01,-2.841202020645141602e-01,3.474390506744384766e-02,7.331609725952148438e-01,-9.393662214279174805e-01,6.174325942993164062e-01,-1.130717992782592773e-01,-6.077449321746826172e-01,8.078812360763549805e-01,-8.069289922714233398e-01,-8.058953285217285156e-01,6.141638755798339844e-02,6.488989591598510742e-01,-7.673902511596679688e-01,8.968075513839721680e-01,6.999768018722534180e-01,-7.933642864227294922e-01,1.049281358718872070e-01,1.188392639160156250e-01,7.743704319000244141e-02,-9.075633287429809570e-01,-8.845191001892089844e-01,-2.918238639831542969e-01,6.445777416229248047e-01,-9.181225299835205078e-01,-3.063344955444335938e-01,1.090097427368164062e-02,8.766796588897705078e-01,-6.185600757598876953e-01,2.739953994750976562e-02
9.162727594375610352e-01,-4.225578308105468750e-01,-3.122578859329223633e-01,6.025133132934570312e-01,-3.988813161849975586e-01,-1.517854928970336914e-01,-1.359547376632690430e-01,-5.749346017837524414e-01,-8.175554275512695312e-01,9.358249902725219727e-01,7.586678266525268555e-01,7.707643508911132812e-02,1.836280822753906250e-01,4.764616489410400391e-01,1.622580289840698242e-01,-1.347267627716064453e-02,-1.126203536987304688e-01,8.577353954315185547e-01,-4.099392890930175781e-01,2.047349214553833008e-01,-7.029286623001098633e-01,-5.066384077072143555e-01,2.848536968231201172e-01,-8.436602354049682617e-01,-3.085676431655883789e-01,1.646097898483276367e-01,-2.012622356414794922e-02,5.707657337188720703e-01,-6.176542043685913086e-01,-7.432819604873657227e-01
-1.772613525390625000e-01,2.665320634841918945e-01,-5.596688985824584961e-01,9.312319755554199219e-02,7.351592779159545898e-01,-5.910346508026123047e-01,-6.548507213592529297e-01,9.153665304183959961e-01,9.487473964691162109e-02,4.342257976531982422e-02,5.275733470916748047e-01,1.513557434082031250e-01,-7.596228122711181641e-01,-4.761435985565185547e-01,9.496542215347290039e-01,2.236049175262451172e-01,-1.895847320556640625e-01,-1.215153932571411133e-01,3.658673763275146484e-01,3.976454734802246094e-01,-7.001589536666870117e-01,2.136164903640747070e-01,-4.488743543624877930e-01,-4.842555522918701172e-02,-5.732746124267578125e-01,3.943620920181274414e-01,-1.564085483551025391e-01,-5.299152135848999023e-01,5.106151103973388672e-01,3.887881040573120117e-01
8.562484979629516602e-01,-2.129745483398437500e-02,5.165222883224487305e-01,2.726876735687255859e-02,8.713841438293457031e-03,-6.435968875885009766e-01,5.460592508316040039e-01,1.009595394134521484e-01,-6.787543296813964844e-01,-7.644659280776977539e-01,5.899190902709960938e-01,7.743701934814453125e-01,-7.151328325271606445e-01,6.759098768234252930e-01,3.258526325225830078e-01,-7.291691303253173828e-01,-5.090979337692260742e-01,-9.347841739654541016e-01,5.660415887832641602e-01,-3.992316722869873047e-01,5.012872219085693359e-01,-4.722465276718139648e-01,5.762387514114379883e-01,-3.932670354843139648e-01,-9.777237176895141602e-01,-7.870559692382812500e-01,-3.786871433258056641e-01,6.028100252151489258e-01,4.952323436737060547e-02,8.508127927780151367e-01
-5.572359561920166016e-01,5.812907218933105469e-01,6.836457252502441406e-01,3.702859878540039062e-01,-5.790591239929199219e-02,-2.764409780502319336e-01,4.270478487014770508e-01,-1.247876882553100586e-01,-5.763616561889648438e-01,-7.207691669464111328e-02,3.424602746963500977e-01,-1.731745004653930664e-01,6.782286167144775391e-01,4.343605041503906250e-01,-8.965768814086914062e-01,-2.070115804672241211e-01,-7.722345590591430664e-01,-5.515013933181762695e-01,-8.467986583709716797e-01,1.615636348724365234e-01,-6.315623521804809570e-01,-7.744934558868408203e-01,3.568772077560424805e-01,-2.101149559020996094e-01,-2.620800733566284180e-01,4.155066013336181641e-01,-8.961963653564453125e-02,5.410692691802978516e-01,-8.966532945632934570e-01,-9.256715774536132812e-01
-9.554471969604492188e-01,5.928444862365722656e-01,2.147729396820068359e-01,-9.040386676788330078e-01,-5.860636234283447266e-01,-8.935722112655639648e-01,-1.217637062072753906e-01,-6.376796960830688477e-01,3.216432332992553711e-01,8.092864751815795898e-01,-2.249677181243896484e-01,2.258229255676269531e-01,7.787340879440307617e-01,-5.244153738021850586e-01,6.823813915252685547e-02,-2.146639823913574219e-01,-3.256020545959472656e-01,-9.852267503738403320e-01,-1.678847074508666992e-01,-5.368576049804687500e-01,-3.549227714538574219e-01,-9.497463703155517578e-02,3.268718719482421875e-04,1.487731933593750000e-01,1.129709482192993164e-01,5.820876359939575195e-01,6.581991910934448242e-01,9.761371612548828125e-01,3.159048557281494141e-01,7.867867946624755859e-01
-2.194921970367431641e-01,-3.124175071716308594e-01,3.622493743896484375e-01,3.832999467849731445e-01,-2.034208774566650391e-01,-1.799083948135375977e-01,3.957628011703491211e-01,3.998743295669555664e-01,6.303559541702270508e-01,3.299894332885742188e-01,3.275079727172851562e-01,-9.697966575622558594e-01,-7.590364217758178711e-01,9.590528011322021484e-01,7.716107368469238281e-02,-6.736826896667480469e-01,-3.984528779983520508e-01,5.217481851577758789e-01,-6.346805095672607422e-01,6.917451620101928711e-01,-3.912078142166137695e-01,1.548260450363159180e-01,-4.861340522766113281e-01,-5.943231582641601562e-01,-9.595929384231567383e-01,1.052302122116088867e-01,5.475484132766723633e-01,-1.116700172424316406e-01,-4.002008438110351562e-01,5.907357931137084961e-01
6.393473148345947266e-01,-1.121529340744018555e-01,-2.256906032562255859e-02,-2.300492525100708008e-01,-5.992481708526611328e-01,3.624957799911499023e-01,-4.596304893493652344e-02,-3.882336616516113281e-02,-2.930561304092407227e-01,-8.209336996078491211e-01,6.475734710693359375e-01,-7.415363788604736328e-01,-6.161664724349975586e-01,-4.267576932907104492e-01,-4.193637371063232422e-01,-8.658794164657592773e-01,8.927431106567382812e-01,-9.432955980300903320e-01,-4.752784967422485352e-01,9.439185857772827148e-01,-9.964215755462646484e-02,-5.583672523498535156e-01,-2.195264101028442383e-01,5.527279376983642578e-01,-3.522117137908935547e-01,-5.591384172439575195e-01,-1.931111812591552734e-01,2.365244626998901367e-01,-2.798137664794921875e-01,9.044566154479980469e-01
-2.492320537567138672e-01,-7.711398601531982422e-01,-2.683807611465454102e-01,-6.889361143112182617e-01,-9.449570178985595703e-01,-1.151168346405029297e-01,1.209712028503417969e-01,3.383257389068603516e-01,-4.629611968994140625e-03,-9.255821704864501953e-01,-5.689715147018432617e-01,-1.599669456481933594e-01,8.507846593856811523e-01,-8.032932281494140625e-01,-4.004740715026855469e-01,-3.479360342025756836e-01,-8.100469112396240234e-01,8.110378980636596680e-01,-1.370433568954467773e-01,2.716002464294433594e-01,2.766928672790527344e-01,-2.402234077453613281e-02,-5.446814298629760742e-01,-4.425708055496215820e-01,-5.640740394592285156e-01,-2.941626310348510742e-01,7.230483293533325195e-01,3.606628179550170898e-01,-6.777051687240600586e-01,-6.797010898590087891e-01
6.997977495193481445e-01,-3.221827745437622070e-01,4.818317890167236328e-01,3.154473304748535156e-01,2.830351591110229492e-01,1.704291105270385742e-01,-9.617397785186767578e-01,-1.510357856750488281e-01,6.034239530563354492e-01,-6.613370180130004883e-01,3.743968009948730469e-01,8.972167968750000000e-02,3.703845739364624023e-01,9.372320175170898438e-01,-3.609755039215087891e-01,-5.629206895828247070e-01,4.966090917587280273e-01,-9.732282161712646484e-01,-5.935007333755493164e-01,8.715997934341430664e-01,6.748864650726318359e-01,9.468208551406860352e-01,-5.103623867034912109e-01,2.919694185256958008e-01,7.149386405944824219e-01,1.674447059631347656e-01,-9.368561506271362305e-01,9.611828327178955078e-01,3.941328525543212891e-01,-4.846072196960449219e-01
-5.245047807693481445e-01,-8.804041147232055664e-01,-1.484144926071166992e-01,-5.393393039703369141e-01,-2.527071237564086914e-01,3.371332883834838867e-01,3.541884422302246094e-01,-5.465986728668212891e-01,-3.986916542053222656e-01,-5.935163497924804688e-01,-9.986811876296997070e-01,-7.277584075927734375e-02,1.535567045211791992e-01,-6.575157642364501953e-01,-9.177391529083251953e-01,-4.506458044052124023e-01,8.796783685684204102e-01,2.024660110473632812e-01,-4.428253173828125000e-01,8.083492517471313477e-01,2.650141716003417969e-03,-6.814918518066406250e-01,-6.560683250427246094e-03,-9.383218288421630859e-01,4.216825962066650391e-02,7.844299077987670898e-01,4.735326766967773438e-01,-1.443034410476684570e-01,4.627746343612670898e-01,-7.353696823120117188e-01
4.393687248229980469e-01,-1.705894470214843750e-01,-9.618043899536132812e-03,9.418597221374511719e-01,-4.522793292999267578e-01,7.541426420211791992e-01,9.964669942855834961e-01,-1.014884710311889648e-01,-2.655433416366577148e-01,-6.632676124572753906e-01,-6.758769750595092773e-01,-4.447290897369384766e-01,-6.405858993530273438e-01,-7.350143194198608398e-01,-3.848447799682617188e-01,-8.170754909515380859e-01,3.936537504196166992e-01,7.932721376419067383e-01,-1.747763156890869141e-01,-4.806700944900512695e-01,1.972571611404418945e-01,-9.092044830322265625e-01,-8.485090732574462891e-02,7.127773761749267578e-01,-1.188685894012451172e-01,5.695865154266357422e-01,-5.788369178771972656e-01,7.043894529342651367e-01,-5.911815166473388672e-01,3.040955066680908203e-01
-9.483730792999267578e-01,-2.815854549407958984e-01,-3.767194747924804688e-01,9.020978212356567383e-01,8.498412370681762695e-01,1.686210632324218750e-01,-6.044503450393676758e-01,9.119142293930053711e-01,-6.739004850387573242e-01,-3.905035257339477539e-01,-8.142247200012207031e-01,2.622334957122802734e-01,4.037317037582397461e-01,5.986689329147338867e-01,9.185501337051391602e-01,9.296532869338989258e-01,-3.151448965072631836e-01,4.463793039321899414e-01,6.840329170227050781e-01,-7.420979738235473633e-01,3.472787141799926758e-01,2.484339475631713867e-01,4.684134721755981445e-01,-4.754041433334350586e-01,-2.038394212722778320e-01,-3.586055040359497070e-01,3.802657127380371094e-01,-3.392952680587768555e-01,5.901739597320556641e-01,-1.737648248672485352e-01
-4.798698425292968750e-01,-3.586115837097167969e-01,3.897762298583984375e-01,8.867844343185424805e-01,3.224740028381347656e-01,-8.943698406219482422e-01,3.082090616226196289e-01,8.374373912811279297e-01,-1.517490148544311523e-01,7.613866329193115234e-01,3.562017679214477539e-01,-3.459239006042480469e-01,8.732631206512451172e-01,1.049070358276367188e-01,2.102533578872680664e-01,-2.367795705795288086e-01,1.086146831512451172e-01,-7.543941736221313477e-01,-4.714425802230834961e-01,-5.991243124008178711e-01,5.116578340530395508e-01,8.001871109008789062e-01,-9.089204072952270508e-01,-3.147969245910644531e-01,1.038515567779541016e-02,-2.027900218963623047e-01,4.564511775970458984e-02,1.930276155471801758e-01,-4.248005151748657227e-01,5.695657730102539062e-01
-6.120474338531494141e-01,5.482167005538940430e-01,2.182542085647583008e-01,2.978467941284179688e-01,5.678266286849975586e-01,9.327558279037475586e-01,-6.191778182983398438e-02,8.909845352172851562e-02,-6.339240074157714844e-01,-4.130207300186157227e-01,-8.808646202087402344e-01,1.126285791397094727e-01,-1.294555664062500000e-01,4.024614095687866211e-01,1.146777868270874023e-01,-5.207936763763427734e-01,3.295668363571166992e-01,6.786890029907226562e-01,1.413695812225341797e-01,8.885853290557861328e-01,-6.724196672439575195e-01,4.260934591293334961e-01,4.992347955703735352e-01,9.555180072784423828e-01,-9.088222980499267578e-01,1.662111282348632812e-01,-4.784163236618041992e-01,8.157758712768554688e-01,6.793252229690551758e-01,-1.221823692321777344e-02
7.263667583465576172e-01,8.622683286666870117e-01,9.453094005584716797e-01,6.607314348220825195e-01,-7.202053070068359375e-02,-7.356669902801513672e-01,9.573569297790527344e-01,-6.993306875228881836e-01,-2.383017539978027344e-01,1.745148897171020508e-01,-4.198147058486938477e-01,6.705113649368286133e-01,-7.548114061355590820e-01,-8.164703845977783203e-02,8.577669858932495117e-01,9.736135005950927734e-01,-1.246716976165771484e-01,3.976657390594482422e-01,-3.789454698562622070e-01,4.590270519256591797e-01,8.010965585708618164e-01,7.239518165588378906e-01,4.836890697479248047e-01,9.893497228622436523e-01,-6.989284753799438477e-01,-3.435685634613037109e-01,7.330343723297119141e-01,-6.207348108291625977e-01,-8.779877424240112305e-01,4.982554912567138672e-02
8.850723505020141602e-01,5.120623111724853516e-01,9.672793149948120117e-01,1.104905605316162109e-01,9.999948740005493164e-01,-7.097347974777221680e-01,-6.693814992904663086e-01,8.544192314147949219e-01,-2.100967168807983398e-01,7.517185211181640625e-01,7.970380783081054688e-02,5.442078113555908203e-01,-4.101711511611938477e-01,5.147061347961425781e-01,-7.867771387100219727e-01,-8.475451469421386719e-01,-6.849967241287231445e-01,-9.159075021743774414e-01,-4.581127166748046875e-01,-8.298110961914062500e-01,-1.352342367172241211e-01,9.420077800750732422e-01,3.351491689682006836e-01,-9.328293800354003906e-02,-8.465124368667602539e-01,4.462924003601074219e-01,5.020507574081420898e-01,-6.317377090454101562e-01,4.930115938186645508e-01,5.571017265319824219e-01
9.420484304428100586e-01,-6.637268066406250000e-01,3.327579498291015625e-01,-5.642799139022827148e-01,-6.852008104324340820e-01,5.523300170898437500e-02,4.007188081741333008e-01,4.974583387374877930e-01,-2.918101549148559570e-01,3.802156448364257812e-02,-4.142118692398071289e-01,-6.057015657424926758e-01,-4.111087322235107422e-02,9.434567689895629883e-01,8.774657249450683594e-01,-7.318809032440185547e-01,-9.534596204757690430e-01,-3.143082857131958008e-01,-7.007825374603271484e-02,2.943670749664306641e-01,9.746860265731811523e-01,2.234128713607788086e-01,4.665315151214599609e-01,7.314558029174804688e-01,1.339282989501953125e-01,7.668306827545166016e-01,-5.013133287429809570e-01,-8.842449188232421875e-01,-4.749583005905151367e-01,3.684924840927124023e-01
-5.610406398773193359e-01,-2.784564495086669922e-01,-6.331222057342529297e-01,-6.440200805664062500e-01,1.640330553054809570e-01,1.410591602325439453e-01,5.825678110122680664e-01,5.018471479415893555e-01,-5.631076097488403320e-01,9.470729827880859375e-01,4.510753154754638672e-01,6.447567939758300781e-01,-6.561273336410522461e-01,-3.985669612884521484e-01,3.044486045837402344e-01,4.903534650802612305e-01,-7.434378862380981445e-01,-6.751532554626464844e-01,-3.720569610595703125e-02,-8.481284379959106445e-01,7.926956415176391602e-01,-5.299526453018188477e-01,6.429911851882934570e-01,-1.252714395523071289e-01,2.793264389038085938e-01,-3.894871473312377930e-01,-8.490173816680908203e-01,8.380413055419921875e-05,5.151792764663696289e-01,-9.599556922912597656e-01
8.319000005722045898e-01,7.027564048767089844e-01,7.386478185653686523e-01,-3.801810741424560547e-01,-4.571721553802490234e-01,1.195714473724365234e-01,-7.595843076705932617e-01,-9.627066850662231445e-01,-4.798280000686645508e-01,-8.316862583160400391e-02,-9.752094745635986328e-01,6.608355045318603516e-02,3.630882501602172852e-01,9.913545846939086914e-01,4.483914375305175781e-02,5.549125671386718750e-01,8.936582803726196289e-01,9.122183322906494141e-01,4.994536638259887695e-01,6.708086729049682617e-01,9.291287660598754883e-01,4.447849988937377930e-01,-7.583314180374145508e-01,5.547003746032714844e-01,9.461795091629028320e-01,-3.135097026824951172e-02,6.157063245773315430e-01,-1.561129093170166016e-01,-8.952462673187255859e-02,5.181670188903808594e-01
3.947854042053222656e-01,-1.763247251510620117e-01,2.865242958068847656e-01,-3.899621963500976562e-02,2.817832231521606445e-01,-4.277646541595458984e-02,-4.322474002838134766e-01,-3.305965662002563477e-01,-9.473776817321777344e-02,3.819890022277832031e-01,5.003594160079956055e-01,1.225466728210449219e-01,2.111517190933227539e-01,-6.236220598220825195e-01,-8.049852848052978516e-01,3.427560329437255859e-01,5.233339071273803711e-01,-9.713660478591918945e-01,-6.294544935226440430e-01,8.466022014617919922e-01,-9.022700786590576172e-02,-3.129355907440185547e-01,8.947896957397460938e-02,-5.732568502426147461e-01,-6.519472599029541016e-02,-6.386287212371826172e-01,-4.277884960174560547e-01,2.046437263488769531e-01,-2.462095022201538086e-01,6.664724349975585938e-01
-4.302917718887329102e-01,-8.599146604537963867e-01,-9.812010526657104492e-01,-4.063966274261474609e-01,-8.424712419509887695e-01,-1.887569427490234375e-01,-1.516374349594116211e-01,6.077840328216552734e-01,-6.319271326065063477e-01,2.494540214538574219e-01,7.231180667877197266e-01,-6.330138444900512695e-01,-1.706242561340332031e-03,1.673027276992797852e-01,-1.190700531005859375e-01,1.805024147033691406e-01,9.812617301940917969e-01,2.156369686126708984e-01,-9.298779964447021484e-01,7.644572257995605469e-01,1.974806785583496094e-01,4.795830249786376953e-01,-5.299022197723388672e-01,3.995598554611206055e-01,5.348881483078002930e-01,3.508195877075195312e-01,7.833800315856933594e-01,6.248891353607177734e-01,9.090006351470947266e-02,-8.603860139846801758e-01
-3.264455795288085938e-01,2.953698635101318359e-01,-3.845427036285400391e-01,1.424263715744018555e-01,-7.137560844421386719e-02,-3.062031269073486328e-01,1.644082069396972656e-01,3.565553426742553711e-01,1.656186580657958984e-02,-7.466144561767578125e-01,-5.903875827789306641e-01,9.297120571136474609e-01,2.871968746185302734e-01,-9.594523906707763672e-01,1.643358469009399414e-01,6.740444898605346680e-01,-4.760791063308715820e-01,-4.248517751693725586e-01,6.760525703430175781e-01,-8.643203973770141602e-01,-6.268737316131591797e-01,8.981424570083618164e-01,6.539577245712280273e-01,1.252740621566772461e-01,-4.475007057189941406e-01,1.028645038604736328e-01,5.106800794601440430e-01,-8.399593830108642578e-01,-9.316409826278686523e-01,2.300465106964111328e-02
-4.035689830780029297e-01,1.709114313125610352e-01,8.238034248352050781e-01,9.903404712677001953e-01,-3.119947910308837891e-01,6.256413459777832031e-01,6.338206529617309570e-01,9.684226512908935547e-01,2.394404411315917969e-01,4.238643646240234375e-01,-5.576158761978149414e-01,5.884736776351928711e-01,-8.542563915252685547e-01,-2.239048480987548828e-02,-6.570745706558227539e-01,-7.541208267211914062e-01,9.695528745651245117e-01,-1.927006244659423828e-01,-6.517537832260131836e-01,-2.110468149185180664e-01,-3.433073759078979492e-01,-2.997200489044189453e-01,1.618099212646484375e-02,1.589822769165039062e-01,-7.113016843795776367e-01,8.364416360855102539e-01,-4.668115377426147461e-01,-1.651935577392578125e-01,7.832365036010742188e-01,-6.133177280426025391e-01
1.445996761322021484e-01,9.445405006408691406e-01,-5.750854015350341797e-01,-9.967688322067260742e-01,5.868433713912963867e-01,4.772269725799560547e-02,-6.989234685897827148e-01,-8.585841655731201172e-01,3.390622138977050781e-01,-3.040837049484252930e-01,-1.176042556762695312e-01,1.642470359802246094e-01,-9.602690935134887695e-01,-3.339089155197143555e-01,7.702434062957763672e-02,7.588350772857666016e-02,4.742504358291625977e-01,4.388631582260131836e-01,-4.552431106567382812e-01,8.186030387878417969e-02,-6.191506385803222656e-01,-6.286797523498535156e-01,-2.380149364471435547e-01,2.857996225357055664e-01,-5.946327447891235352e-01,-6.331363916397094727e-01,2.747988700866699219e-01,-4.686819314956665039e-01,-2.995933294296264648e-01,-5.424872636795043945e-01
7.696384191513061523e-01,5.818481445312500000e-01,9.588847160339355469e-01,-9.601094722747802734e-01,-4.437786340713500977e-01,9.798903465270996094e-01,-3.691024780273437500e-01,2.874851226806640625e-02,1.636197566986083984e-01,-9.513942003250122070e-01,9.472318887710571289e-01,9.828305244445800781e-01,-4.063496589660644531e-01,4.447327852249145508e-01,-6.669491529464721680e-01,2.145204544067382812e-01,2.748907804489135742e-01,-1.267451047897338867e-01,6.380527019500732422e-01,2.472290992736816406e-01,3.846433162689208984e-01,-7.540148496627807617e-01,-3.330899477005004883e-01,5.036052465438842773e-01,-3.216456174850463867e-01,-3.099393844604492188e-01,5.156559944152832031e-01,9.982202053070068359e-01,-7.925214767456054688e-01,-7.515745162963867188e-01
8.470238447189331055e-01,-4.833102226257324219e-02,-9.935717582702636719e-01,6.803921461105346680e-01,4.337580204010009766e-01,7.690520286560058594e-01,-4.755041599273681641e-01,-6.873383522033691406e-01,3.658313751220703125e-01,7.544422149658203125e-01,-6.913172006607055664e-01,-2.298845052719116211e-01,2.918392419815063477e-01,3.600980043411254883e-01,5.960087776184082031e-01,6.965333223342895508e-01,-6.439948081970214844e-02,-1.412506103515625000e-01,8.384509086608886719e-01,-3.016397953033447266e-01,6.066823005676269531e-01,2.707688808441162109e-01,3.836393356323242188e-03,5.442034006118774414e-01,-7.274508476257324219e-03,6.128530502319335938e-01,3.682687282562255859e-01,-1.956744194030761719e-01,-6.700810194015502930e-01,-6.065386533737182617e-01
-9.117712974548339844e-01,-3.685678243637084961e-01,-1.100085973739624023e-01,8.854519128799438477e-01,-2.656313180923461914e-01,-1.040693521499633789e-01,1.203250885009765625e-01,1.856503486633300781e-01,-1.292032003402709961e-01,-9.691603183746337891e-01,-5.538147687911987305e-01,-4.051547050476074219e-01,2.237241268157958984e-01,9.441043138504028320e-01,6.722488403320312500e-01,-1.925402879714965820e-01,-9.889757633209228516e-02,7.407876253128051758e-01,-7.251572608947753906e-01,-4.545140266418457031e-01,-4.190558195114135742e-01,-6.319987773895263672e-02,-9.320797920227050781e-01,-5.602455139160156250e-02,5.142704248428344727e-01,1.210718154907226562e-01,8.793228864669799805e-01,1.270893812179565430e-01,5.071901082992553711e-01,2.133516073226928711e-01
-7.943496704101562500e-01,1.827294826507568359e-01,-7.298703193664550781e-01,3.345149755477905273e-01,7.835065126419067383e-01,-9.500401020050048828e-01,1.963361501693725586e-01,7.566853761672973633e-01,-2.753223180770874023e-01,5.230785608291625977e-01,7.530664205551147461e-01,4.719238281250000000e-01,-1.352418661117553711e-01,-3.228486776351928711e-01,8.599824905395507812e-01,1.498235464096069336e-01,-2.519438266754150391e-01,-8.539788722991943359e-01,2.057397365570068359e-01,-2.475494146347045898e-01,-8.374289274215698242e-01,6.972264051437377930e-01,-7.154350280761718750e-01,-7.422124147415161133e-01,6.717022657394409180e-01,-8.963108062744140625e-01,2.495318651199340820e-01,-7.992504835128784180e-01,9.325277805328369141e-01,-5.726814270019531250e-03
6.318483352661132812e-01,-5.525499582290649414e-01,3.704015016555786133e-01,-4.646524190902709961e-01,-3.690049648284912109e-01,-4.306700229644775391e-01,1.410745382308959961e-01,7.966099977493286133e-01,4.648306369781494141e-01,-8.852542638778686523e-01,4.054470062255859375e-01,-8.566321134567260742e-01,6.966035366058349609e-01,-9.747965335845947266e-01,-7.549703121185302734e-02,7.319067716598510742e-01,9.743859767913818359e-01,-1.055459976196289062e-01,-6.636416912078857422e-02,7.837402820587158203e-01,-2.766093015670776367e-01,-7.548276185989379883e-01,7.032009363174438477e-01,-6.932880878448486328e-01,6.518130302429199219e-01,-4.336917400360107422e-01,-9.488965272903442383e-01,-9.003102779388427734e-01,-1.370549201965332031e-01,8.000407218933105469e-01
-2.525799274444580078e-01,-1.179111003875732422e-01,7.288892269134521484e-01,5.134119987487792969e-01,-4.873830080032348633e-01,3.365610837936401367e-01,-2.150682210922241211e-01,-2.615163326263427734e-01,-5.428901910781860352e-01,1.824021339416503906e-01,-3.205490112304687500e-02,3.101586103439331055e-01,-6.586050987243652344e-01,-4.866272211074829102e-01,-6.765450239181518555e-01,-7.434872388839721680e-01,8.741482496261596680e-01,-4.701256752014160156e-01,-8.998155593872070312e-03,-5.388873815536499023e-01,3.412222862243652344e-02,-3.419492244720458984e-01,9.214848279953002930e-01,9.297490119934082031e-01,-1.116875410079956055e-01,-2.028867006301879883e-01,-7.407029867172241211e-01,1.849411725997924805e-01,-7.307345867156982422e-01,-6.829512119293212891e-01
-1.841304302215576172e-01,9.162857532501220703e-01,2.816815376281738281e-01,1.954361200332641602e-01,9.101773500442504883e-01,2.597726583480834961e-01,-1.087636947631835938e-01,-2.506399154663085938e-01,5.502736568450927734e-01,7.174681425094604492e-01,-7.837624549865722656e-01,2.662467956542968750e-02,3.871785402297973633e-01,-3.210808038711547852e-01,-5.892922878265380859e-01,-9.348517656326293945e-01,-1.349811553955078125e-01,9.617717266082763672e-01,6.306451559066772461e-01,-6.174935102462768555e-01,-6.261792182922363281e-01,1.585844755172729492e-01,1.640380620956420898e-01,2.772078514099121094e-01,-3.500968217849731445e-01,-5.284303426742553711e-01,-1.802181005477905273e-01,4.433127641677856445e-01,-5.950032472610473633e-01,9.239406585693359375e-01
5.211911201477050781e-01,-3.796947002410888672e-01,-2.721792459487915039e-01,-4.115509986877441406e-02,9.415926933288574219e-01,1.665310859680175781e-01,-6.532969474792480469e-01,-2.203553915023803711e-01,-3.994305133819580078e-01,-2.245719432830810547e-01,-3.463815450668334961e-01,-7.950321435928344727e-01,7.920306921005249023e-01,-6.204196214675903320e-01,-9.829719066619873047e-01,2.536830902099609375e-01,8.307510614395141602e-01,-8.152345418930053711e-01,-7.703143358230590820e-01,-2.062909603118896484e-01,-3.473565578460693359e-01,-7.177190780639648438e-01,-1.077587604522705078e-01,2.421312332153320312e-01,2.753040790557861328e-01,5.824276208877563477e-01,-1.167500019073486328e-02,-3.536578416824340820e-01,-7.194223403930664062e-01,-7.595558166503906250e-01
1.114413738250732422e-01,9.873095750808715820e-01,-5.753794908523559570e-01,-6.761503219604492188e-01,5.618754625320434570e-01,-3.967750072479248047e-01,-1.498672962188720703e-01,-4.195078611373901367e-01,-2.685379981994628906e-02,5.707970857620239258e-01,9.428176879882812500e-01,-9.264891147613525391e-01,1.094254255294799805e-01,9.863908290863037109e-01,3.907042741775512695e-01,-8.753796815872192383e-01,-6.302959918975830078e-01,4.396662712097167969e-01,3.068014383316040039e-01,8.546378612518310547e-01,7.821327447891235352e-01,6.846164464950561523e-01,5.999912023544311523e-01,8.416887521743774414e-01,1.189171075820922852e-01,7.388280630111694336e-01,7.348577976226806641e-01,1.571531295776367188e-01,-1.541211605072021484e-01,7.321821451187133789e-01
-1.957763433456420898e-01,2.764868736267089844e-01,-2.702720165252685547e-01,-1.256339550018310547e-01,5.452245473861694336e-01,-7.949563264846801758e-01,6.395417451858520508e-01,-1.356443166732788086e-01,-9.018409252166748047e-01,6.098811626434326172e-01,7.116413116455078125e-01,9.861299991607666016e-01,5.010764598846435547e-01,9.525722265243530273e-01,1.373368501663208008e-01,4.327994585037231445e-01,-5.912955999374389648e-01,7.289235591888427734e-01,-9.875869750976562500e-01,-1.828962564468383789e-01,5.487350225448608398e-01,5.429102182388305664e-01,-8.347535133361816406e-02,-1.698511838912963867e-01,1.879364252090454102e-01,7.976223230361938477e-01,-4.489737749099731445e-01,-2.401329278945922852e-01,-8.229923248291015625e-02,6.018378734588623047e-01
5.606827735900878906e-01,3.597317934036254883e-01,-1.141124963760375977e-01,-9.047796726226806641e-01,-3.045361042022705078e-01,6.939848661422729492e-01,-3.659093379974365234e-01,-9.162893295288085938e-01,-6.469941139221191406e-02,-1.445991992950439453e-01,9.824216365814208984e-02,-1.312868595123291016e-01,4.308896064758300781e-01,5.556025505065917969e-01,-5.952533483505249023e-01,6.643942594528198242e-01,-1.511567831039428711e-01,-6.310541629791259766e-01,-1.151132583618164062e-01,-9.997037649154663086e-01,-7.259682416915893555e-01,3.583793640136718750e-01,2.180869579315185547e-01,-4.175903797149658203e-01,-6.038171052932739258e-01,-8.238598108291625977e-01,3.443747758865356445e-01,-2.992641925811767578e-01,-3.377443552017211914e-01,-3.590190410614013672e-01
-3.695094585418701172e-01,-2.608060836791992188e-03,8.034111261367797852e-01,-7.058954238891601562e-02,9.462196826934814453e-01,1.528549194335937500e-02,4.414174556732177734e-01,-2.727955579757690430e-01,8.495259284973144531e-02,-3.839421272277832031e-01,3.284732103347778320e-01,-1.789653301239013672e-01,-2.929800748825073242e-01,-4.396542310714721680e-01,5.941951274871826172e-02,-8.243113756179809570e-01,-6.040158271789550781e-01,4.859846830368041992e-01,-2.506322860717773438e-01,7.096440792083740234e-01,-9.360475540161132812e-01,-5.386880636215209961e-01,7.577022314071655273e-01,6.628630161285400391e-01,-3.010741472244262695e-01,-3.710689544677734375e-01,7.544040679931640625e-01,-8.616862297058105469e-01,2.283242940902709961e-01,8.619368076324462891e-02
2.133905887603759766e-01,-1.099064350128173828e-01,-9.357043504714965820e-01,9.750519990921020508e-01,6.455427408218383789e-01,8.455828428268432617e-01,-6.992481946945190430e-01,-1.613974571228027344e-02,-8.645070791244506836e-01,9.331188201904296875e-01,-7.693990468978881836e-01,7.843008041381835938e-01,9.076631069183349609e-01,-1.155924797058105469e-01,-1.800919771194458008e-01,-9.625416994094848633e-01,-9.965043067932128906e-01,1.162667274475097656e-01,7.535961866378784180e-01,9.799031019210815430e-01,-6.904462575912475586e-01,8.535026311874389648e-01,5.119632482528686523e-01,-8.166614770889282227e-01,1.795191764831542969e-01,2.352807521820068359e-01,1.489462852478027344e-01,-3.802440166473388672e-01,-3.614135980606079102e-01,8.489830493927001953e-01
-7.675436735153198242e-01,-7.833237648010253906e-01,7.998412847518920898e-01,-3.979852199554443359e-01,-5.987834930419921875e-01,-6.604837179183959961e-01,-5.962351560592651367e-01,-3.726059198379516602e-01,-8.017148971557617188e-01,9.153579473495483398e-01,-7.744928598403930664e-01,8.418481349945068359e-01,8.789204359054565430e-01,-2.958406209945678711e-01,5.201573371887207031e-01,-4.842401742935180664e-01,-8.682825565338134766e-01,-7.067829370498657227e-01,-2.056186199188232422e-01,1.422381401062011719e-01,-4.811494350433349609e-01,-1.654053926467895508e-01,6.003937721252441406e-01,6.975836753845214844e-01,7.581214904785156250e-01,6.937170028686523438e-01,-8.959256410598754883e-01,7.568249702453613281e-01,-7.892398834228515625e-01,3.750318288803100586e-01
-4.656022787094116211e-01,9.729237556457519531e-01,4.352605342864990234e-02,-7.619533538818359375e-01,-7.367666959762573242e-01,4.808701276779174805e-01,-5.398079156875610352e-01,-2.511403560638427734e-01,8.020188808441162109e-01,6.681561470031738281e-01,6.469458341598510742e-01,2.470043897628784180e-01,-6.611371040344238281e-02,4.303836822509765625e-01,-6.073279380798339844e-01,8.750734329223632812e-01,7.976452112197875977e-01,-8.351753950119018555e-01,-5.967615842819213867e-01,-5.722217559814453125e-01,8.568844795227050781e-01,-5.858949422836303711e-01,1.958570480346679688e-01,-3.012775182723999023e-01,5.882189273834228516e-01,-9.632761478424072266e-01,5.358971357345581055e-01,-7.452458143234252930e-01,-2.906860113143920898e-01,2.430350780487060547e-01
-4.093387126922607422e-01,6.237820386886596680e-01,-4.250496625900268555e-01,-7.770887613296508789e-01,2.709597349166870117e-01,5.147874355316162109e-02,-3.552653789520263672e-01,-3.041490316390991211e-01,9.096447229385375977e-01,-7.454673051834106445e-01,-5.636304616928100586e-01,-9.864701032638549805e-01,-2.186914682388305664e-01,4.887648820877075195e-01,-8.554216623306274414e-01,4.319086074829101562e-01,6.436764001846313477e-01,-6.055761575698852539e-01,4.933289289474487305e-01,6.252951622009277344e-01,1.131995916366577148e-01,8.766967058181762695e-01,1.171004772186279297e-02,3.377640247344970703e-02,-5.712400674819946289e-01,2.007724046707153320e-01,4.581456184387207031e-01,4.614278078079223633e-01,5.002771615982055664e-01,-9.271354675292968750e-01
-8.427288532257080078e-01,-8.729660511016845703e-02,9.535959959030151367e-01,-8.560712337493896484e-01,-7.712818384170532227e-01,8.524310588836669922e-02,-6.920775175094604492e-01,9.670828580856323242e-01,-9.883322715759277344e-01,6.274518966674804688e-01,4.906933307647705078e-01,5.698963403701782227e-01,-7.826275825500488281e-01,9.943442344665527344e-01,-2.116562128067016602e-01,7.448673248291015625e-01,9.005550146102905273e-01,-5.750601291656494141e-01,9.483230113983154297e-02,5.135165452957153320e-01,8.357517719268798828e-01,-3.839341402053833008e-01,7.847689390182495117e-01,-4.989476203918457031e-01,5.733668804168701172e-01,-6.858451366424560547e-01,9.861148595809936523e-01,-8.664032220840454102e-01,-4.834480285644531250e-01,4.262672662734985352e-01
-5.748970508575439453e-01,-5.307867527008056641e-01,-8.217377662658691406e-01,-1.043435335159301758e-01,6.604198217391967773e-01,-8.615101575851440430e-01,-6.897157430648803711e-01,9.319792985916137695e-01,-6.667206287384033203e-01,5.755767822265625000e-01,-9.093087911605834961e-01,-8.261587619781494141e-01,-6.219249963760375977e-01,5.614465475082397461e-01,-6.190360784530639648e-01,-4.836531877517700195e-01,7.119368314743041992e-01,7.763012647628784180e-01,1.248952150344848633e-01,4.959535598754882812e-02,8.528910875320434570e-01,7.003947496414184570e-01,-9.683679342269897461e-01,6.669098138809204102e-01,-9.913548231124877930e-01,6.425704956054687500e-01,5.336529016494750977e-01,5.560058355331420898e-01,-2.597204446792602539e-01,6.392751932144165039e-01
2.045776844024658203e-01,-9.127594232559204102e-01,5.385072231292724609e-01,-5.867726802825927734e-01,7.134914398193359375e-03,-2.221777439117431641e-01,-3.707442283630371094e-01,-1.435163021087646484e-01,-8.389168977737426758e-01,-9.477019309997558594e-03,8.493566513061523438e-02,5.192301273345947266e-01,-2.262605428695678711e-01,-6.085435152053833008e-01,-8.346986770629882812e-01,-1.068714857101440430e-01,5.419921875000000000e-01,-2.873669862747192383e-01,9.941804409027099609e-02,7.577025890350341797e-01,-6.029162406921386719e-01,-6.429756879806518555e-01,-4.906996488571166992e-01,1.792126893997192383e-01,-6.091119050979614258e-01,-8.863376379013061523e-01,4.327403306961059570e-01,3.194689750671386719e-03,-9.436978101730346680e-01,-7.677633762359619141e-01
3.410017490386962891e-02,3.735375404357910156e-02,-6.021094322204589844e-02,-6.899152994155883789e-01,-1.720163822174072266e-01,4.654977321624755859e-01,-3.099682331085205078e-01,-5.337128639221191406e-01,-4.253761768341064453e-01,3.354045152664184570e-01,4.041181802749633789e-01,1.893644332885742188e-01,-6.001863479614257812e-01,-3.109058141708374023e-01,5.126190185546875000e-02,-6.365537643432617188e-02,-5.941975116729736328e-02,4.152952432632446289e-01,-4.632323980331420898e-01,8.526468276977539062e-02,1.567124128341674805e-01,-8.823457956314086914e-01,2.569913864135742188e-02,2.395862340927124023e-01,8.000116348266601562e-01,9.951215982437133789e-01,7.571921348571777344e-01,5.199514627456665039e-01,-1.402004957199096680e-01,-2.979302406311035156e-02
3.477455377578735352e-01,5.285676717758178711e-01,8.199369907379150391e-01,-9.123406410217285156e-01,8.884189128875732422e-01,1.994698047637939453e-01,9.917222261428833008e-01,-1.068871021270751953e-01,7.561577558517456055e-01,-2.808947563171386719e-01,-4.545025825500488281e-01,4.252834320068359375e-01,-2.528051137924194336e-01,2.743206024169921875e-01,2.794306278228759766e-01,2.854716777801513672e-01,-5.279663801193237305e-01,-3.040429353713989258e-01,3.218303918838500977e-01,-8.325428962707519531e-01,-7.094691991806030273e-01,5.949281454086303711e-01,-5.144343376159667969e-01,1.357895135879516602e-01,6.981134414672851562e-01,1.101622581481933594e-01,2.938907146453857422e-01,5.877140760421752930e-01,-4.637578725814819336e-01,-1.257750988006591797e-01
3.627821207046508789e-01,9.007582664489746094e-01,9.761846065521240234e-02,-8.143125772476196289e-01,1.039586067199707031e-01,-9.888339042663574219e-01,-9.789459705352783203e-01,1.820971965789794922e-01,-1.562937498092651367e-01,-3.160438537597656250e-01,2.251424789428710938e-01,9.844683408737182617e-01,-3.841785192489624023e-01,-9.062482118606567383e-01,-5.432003736495971680e-01,9.044015407562255859e-01,-9.248689413070678711e-01,6.599010229110717773e-01,2.525564432144165039e-01,-4.052960872650146484e-01,-6.335806846618652344e-02,9.983750581741333008e-01,9.293149709701538086e-01,9.085568189620971680e-01,9.658708572387695312e-01,-2.038388252258300781e-01,-4.492701292037963867e-01,-1.899647712707519531e-01,7.362809181213378906e-01,-5.110909938812255859e-01
6.902666091918945312e-01,3.840075731277465820e-01,-8.121368885040283203e-01,-7.670075893402099609e-01,-9.633662700653076172e-01,6.551830768585205078e-01,1.664650440216064453e-02,6.512862443923950195e-01,4.260709285736083984e-01,-1.855275630950927734e-01,2.353372573852539062e-01,-1.422853469848632812e-01,1.712750196456909180e-01,-3.178491592407226562e-01,1.303470134735107422e-01,7.040919065475463867e-01,7.388749122619628906e-01,-9.292405843734741211e-01,6.454263925552368164e-01,4.294300079345703125e-02,2.433485984802246094e-01,-4.212344884872436523e-01,-8.709945678710937500e-01,-5.613294839859008789e-01,8.084642887115478516e-01,-5.098640918731689453e-02,-3.741308450698852539e-01,1.578849554061889648e-01,-1.404829025268554688e-01,5.187551975250244141e-01
5.195673704147338867e-01,-3.289875984191894531e-01,-4.411636590957641602e-01,-8.002123832702636719e-01,9.014225006103515625e-01,-3.820315599441528320e-01,9.003618955612182617e-01,-3.150265216827392578e-01,3.356561660766601562e-01,5.302848815917968750e-01,4.058387279510498047e-01,-7.022327184677124023e-01,4.205471277236938477e-01,-2.371965646743774414e-01,2.990523576736450195e-01,2.598879337310791016e-01,-3.439168930053710938e-01,5.655248165130615234e-01,-4.739323854446411133e-01,6.374131441116333008e-01,-5.939319133758544922e-01,3.697731494903564453e-01,-4.344233274459838867e-01,8.017266988754272461e-01,-4.402995109558105469e-02,1.178280115127563477e-01,6.817281246185302734e-02,8.829445838928222656e-01,2.753072977066040039e-01,6.372357606887817383e-01
4.525899887084960938e-03,3.547855615615844727e-01,-9.175784587860107422e-01,-4.730207920074462891e-01,2.736659049987792969e-01,-4.245128631591796875e-01,-1.037621498107910156e-02,6.592260599136352539e-01,-1.400852203369140625e-01,5.037502050399780273e-01,-7.640571594238281250e-01,4.039388895034790039e-01,-5.415729284286499023e-01,-2.300797700881958008e-01,-2.515449523925781250e-01,-3.587131500244140625e-01,9.971213340759277344e-01,2.256237268447875977e-01,-2.443993091583251953e-02,2.509200572967529297e-01,-8.072134256362915039e-01,-1.396834850311279297e-01,-4.956218004226684570e-01,7.924940586090087891e-01,-1.829800605773925781e-01,-5.864309072494506836e-01,-4.637402296066284180e-01,6.040208339691162109e-01,1.045997142791748047e-01,4.038015604019165039e-01
4.175208806991577148e-01,-2.513998746871948242e-01,4.806153774261474609e-01,1.068348884582519531e-01,7.115110158920288086e-01,5.214184522628784180e-01,-3.200352191925048828e-01,9.882789850234985352e-01,6.879806518554687500e-02,-2.839218378067016602e-01,-2.267080545425415039e-01,-6.877787113189697266e-01,7.530857324600219727e-01,-9.258216619491577148e-01,8.332743644714355469e-01,-2.217882871627807617e-01,-6.675037145614624023e-01,7.181928157806396484e-01,-6.148890256881713867e-01,-8.388980627059936523e-01,-8.082665205001831055e-01,7.739312648773193359e-01,9.632849693298339844e-02,-8.548963069915771484e-02,-8.076338768005371094e-01,6.700556278228759766e-01,4.789966344833374023e-01,-2.565300464630126953e-01,-5.710147619247436523e-01,-3.038835525512695312e-02
-8.568099737167358398e-01,-5.044636726379394531e-01,4.670286178588867188e-02,6.075847148895263672e-02,6.124100685119628906e-01,-4.518616199493408203e-01,-6.242634057998657227e-01,7.532283067703247070e-01,3.557902574539184570e-01,-8.092489242553710938e-01,-9.975841045379638672e-01,-7.888439893722534180e-01,9.299118518829345703e-01,9.721517562866210938e-04,-3.675583600997924805e-01,-7.952573299407958984e-01,-1.890977621078491211e-01,-8.724485635757446289e-01,8.789772987365722656e-01,-4.240770339965820312e-01,-7.206475734710693359e-01,3.185366392135620117e-01,-8.850287199020385742e-01,-1.261699199676513672e-01,-6.255089044570922852e-01,2.285761833190917969e-01,-5.922895669937133789e-01,6.951895952224731445e-01,-8.506553173065185547e-01,-5.041292905807495117e-01
-5.841941833496093750e-01,4.458829164505004883e-01,4.531997442245483398e-01,1.696854829788208008e-01,-1.827247142791748047e-01,3.365945816040039062e-01,-3.809949159622192383e-01,-1.503411531448364258e-01,-5.461459159851074219e-01,-3.603148460388183594e-01,-8.909940719604492188e-02,7.731636762619018555e-01,-2.685396671295166016e-01,4.363282918930053711e-01,-1.001571416854858398e-01,-3.641608953475952148e-01,-5.259900093078613281e-01,7.743939161300659180e-01,-8.732582330703735352e-01,-5.172076225280761719e-01,-6.855069398880004883e-01,-7.051206827163696289e-01,-7.680726051330566406e-02,-5.555694103240966797e-01,-2.203752994537353516e-01,6.028168201446533203e-01,-2.340078353881835938e-02,-2.821612358093261719e-02,-8.773565292358398438e-03,-7.555910348892211914e-01
-8.920091390609741211e-01,8.615720272064208984e-02,6.445792913436889648e-01,-7.843828201293945312e-01,-2.324628829956054688e-02,1.085597276687622070e-01,-3.674578666687011719e-02,-2.942239046096801758e-01,3.104367256164550781e-01,2.154349088668823242e-01,6.947648525238037109e-02,6.750957965850830078e-01,-3.323786258697509766e-01,-2.724176645278930664e-01,-2.614370584487915039e-01,-9.548015594482421875e-01,-3.260161876678466797e-01,1.884574890136718750e-01,8.072602748870849609e-01,7.230877876281738281e-03,7.114067077636718750e-01,1.174226999282836914e-01,-4.781477451324462891e-01,5.821340084075927734e-01,4.323984384536743164e-01,3.477741479873657227e-01,3.210999965667724609e-01,9.623905420303344727e-01,5.045914649963378906e-01,9.536598920822143555e-01
-4.464467763900756836e-01,-8.134914636611938477e-01,-1.146384477615356445e-01,-9.428577423095703125e-01,-9.688425064086914062e-02,9.041702747344970703e-01,-8.682398796081542969e-01,9.038627147674560547e-02,9.642302989959716797e-01,6.581302881240844727e-01,-9.268212318420410156e-02,-8.216614723205566406e-01,-6.114695072174072266e-01,3.652353286743164062e-01,7.770316600799560547e-01,-8.886804580688476562e-01,-9.972426891326904297e-01,-5.286622047424316406e-02,8.510009050369262695e-01,-4.875551462173461914e-01,8.681365251541137695e-01,4.274075031280517578e-01,-3.866065740585327148e-01,1.117458343505859375e-01,-9.503279924392700195e-01,9.867274761199951172e-02,9.969662427902221680e-01,-9.802815914154052734e-01,6.974620819091796875e-01,-3.908860683441162109e-01
-9.729964733123779297e-01,3.196110725402832031e-01,1.737992763519287109e-01,-2.042045593261718750e-01,-3.037778139114379883e-01,-3.766506910324096680e-01,8.025853633880615234e-01,-3.239464759826660156e-01,3.753328323364257812e-02,1.210057735443115234e-01,-2.609493732452392578e-01,8.153314590454101562e-01,9.147915840148925781e-01,-4.125828742980957031e-01,-2.042354345321655273e-01,-7.292897701263427734e-01,-5.676867961883544922e-01,-1.007462739944458008e-01,8.148956298828125000e-02,2.843829393386840820e-01,7.588232755661010742e-01,7.268638610839843750e-01,-5.256785154342651367e-01,2.344206571578979492e-01,-9.916186332702636719e-03,-4.784827232360839844e-01,5.889087915420532227e-01,-9.297617673873901367e-01,-6.284666061401367188e-02,5.601791143417358398e-01
-8.995527029037475586e-01,-2.783977985382080078e-02,1.461524963378906250e-01,3.883466720581054688e-01,6.636213064193725586e-01,-6.186381578445434570e-01,-5.098279714584350586e-01,-9.029086828231811523e-01,-8.750754594802856445e-01,-8.653268814086914062e-01,-4.252563714981079102e-01,-2.191832065582275391e-01,-6.688711643218994141e-01,-9.443674087524414062e-01,9.346523284912109375e-01,5.895354747772216797e-01,-4.515219926834106445e-01,9.563694000244140625e-01,6.180579662322998047e-01,4.945458173751831055e-01,-2.342225313186645508e-01,-2.223231792449951172e-01,-9.984869956970214844e-01,1.757032871246337891e-01,-3.204060792922973633e-01,-8.944879770278930664e-01,-5.728578567504882812e-02,-9.079539775848388672e-02,8.510240316390991211e-01,-3.185206651687622070e-01
2.857522964477539062e-01,3.648166656494140625e-01,1.570651531219482422e-01,-3.175108432769775391e-01,-5.321496725082397461e-01,-6.959903240203857422e-01,3.582144975662231445e-01,3.928840160369873047e-01,-5.539295673370361328e-01,-2.488787174224853516e-01,-5.753080844879150391e-01,3.312762975692749023e-01,5.329995155334472656e-01,4.273214340209960938e-01,2.925481796264648438e-01,2.760734558105468750e-01,-9.170141220092773438e-01,-6.906148195266723633e-01,-3.895914554595947266e-02,-1.888604164123535156e-01,-9.784376621246337891e-01,4.317768812179565430e-01,-2.778221368789672852e-01,-6.525608301162719727e-01,-7.859849929809570312e-01,2.629928588867187500e-01,7.087683677673339844e-01,4.484677314758300781e-02,8.854131698608398438e-01,7.740627527236938477e-01
1.183732748031616211e-01,5.909487009048461914e-01,-6.634858846664428711e-01,5.005586147308349609e-01,-5.913414955139160156e-01,-7.091468572616577148e-01,-5.634784698486328125e-01,4.364280700683593750e-01,1.897286176681518555e-01,-6.038630008697509766e-01,8.049452304840087891e-01,-6.731091737747192383e-01,-7.136017084121704102e-01,-9.717004299163818359e-01,1.996539831161499023e-01,-8.717368841171264648e-01,-5.383082628250122070e-01,8.340060710906982422e-01,6.263583898544311523e-01,5.325441360473632812e-01,3.002870082855224609e-02,-8.158968687057495117e-01,2.342215776443481445e-01,9.187051057815551758e-01,4.976190328598022461e-01,4.288685321807861328e-01,7.365477085113525391e-02,-8.668240308761596680e-01,5.454398393630981445e-01,5.947059392929077148e-01
6.486811637878417969e-01,4.953752756118774414e-01,2.806829214096069336e-01,9.957728385925292969e-01,7.072490453720092773e-01,7.916828393936157227e-01,3.802603483200073242e-01,8.750101327896118164e-01,8.117829561233520508e-01,8.073920011520385742e-01,-6.937583684921264648e-01,-8.803498744964599609e-02,-3.115557432174682617e-01,-8.301615715026855469e-02,-7.111740112304687500e-02,2.222740650177001953e-01,1.082477569580078125e-01,-4.899609088897705078e-02,-5.950816869735717773e-01,-6.218264102935791016e-01,7.073855400085449219e-01,-9.587265253067016602e-01,1.214593648910522461e-01,-1.880428791046142578e-01,-4.913864135742187500e-01,-5.065158605575561523e-01,9.615337848663330078e-02,-4.074604511260986328e-01,4.034726619720458984e-01,-4.338765144348144531e-01
-5.226017236709594727e-01,9.768358469009399414e-01,3.153631687164306641e-01,-5.785852670669555664e-01,4.069209098815917969e-03,-4.508807659149169922e-01,-4.737504720687866211e-01,-6.207871437072753906e-01,9.773423671722412109e-01,-6.729295253753662109e-01,1.029559373855590820e-01,6.321359872817993164e-01,-5.387771129608154297e-02,-9.846329689025878906e-03,-9.997701644897460938e-02,9.315260648727416992e-01,9.684456586837768555e-01,-4.663106203079223633e-01,-4.663907289505004883e-01,-1.237248182296752930e-01,-7.648525238037109375e-01,-7.356196641921997070e-01,-1.697387695312500000e-01,-1.186633110046386719e-01,4.107882976531982422e-01,5.719387531280517578e-01,3.518472909927368164e-01,2.698595523834228516e-01,6.788098812103271484e-01,-8.846018314361572266e-01
-9.837479591369628906e-01,3.363665342330932617e-01,8.013628721237182617e-01,8.453332185745239258e-01,1.034200191497802734e-02,1.490681171417236328e-01,1.641242504119873047e-01,-7.863742113113403320e-01,9.395240545272827148e-01,-9.056797027587890625e-01,-9.294896125793457031e-01,-2.438426017761230469e-01,-3.174240589141845703e-01,-4.350340366363525391e-01,6.040108203887939453e-02,-2.429697513580322266e-01,1.416827440261840820e-01,-6.805909872055053711e-01,-5.787347555160522461e-01,5.945812463760375977e-01,2.673777341842651367e-01,-8.197882175445556641e-01,3.077428340911865234e-01,9.887435436248779297e-01,6.748976707458496094e-01,1.412568092346191406e-01,2.018628120422363281e-01,-3.603318929672241211e-01,9.134895801544189453e-01,3.731484413146972656e-01
6.604517698287963867e-01,9.290438890457153320e-01,-3.810770511627197266e-01,6.546732187271118164e-01,-3.894095420837402344e-01,4.592714309692382812e-01,8.096163272857666016e-01,4.583530426025390625e-01,-9.536671638488769531e-01,-3.293212652206420898e-01,-4.797102212905883789e-01,-1.664048433303833008e-01,9.337105751037597656e-01,1.140216588973999023e-01,-9.730685949325561523e-01,7.162516117095947266e-01,7.259826660156250000e-01,8.214792013168334961e-01,-8.170325756072998047e-01,-4.851975440979003906e-01,-8.288099765777587891e-01,6.381678581237792969e-01,-5.872355699539184570e-01,4.974304437637329102e-01,7.554455995559692383e-01,-5.597145557403564453e-01,7.653785943984985352e-01,8.242397308349609375e-01,9.095726013183593750e-01,7.508275508880615234e-01
3.157663345336914062e-02,7.784054279327392578e-01,4.179867506027221680e-01,-3.412485122680664062e-01,1.694443225860595703e-01,-4.023324251174926758e-01,4.817783832550048828e-01,-3.855575323104858398e-01,2.145855426788330078e-01,-3.366615772247314453e-01,-9.264445304870605469e-01,-6.923174858093261719e-02,-7.576971054077148438e-01,9.030468463897705078e-01,-8.999207019805908203e-01,6.498496532440185547e-01,1.618483066558837891e-01,-7.624791860580444336e-01,1.421430110931396484e-01,-2.974715232849121094e-01,3.314131498336791992e-01,-3.329634666442871094e-01,-1.723957061767578125e-01,-1.602183580398559570e-01,3.589569330215454102e-01,2.303491830825805664e-01,9.834018945693969727e-01,8.318579196929931641e-02,-8.547210693359375000e-01,-5.807132720947265625e-01
-8.907139301300048828e-01,-5.757784843444824219e-01,1.541457176208496094e-01,-1.250377893447875977e-01,9.956350326538085938e-01,6.405676603317260742e-01,6.846786737442016602e-01,5.452413558959960938e-01,5.797618627548217773e-01,-4.272013902664184570e-01,2.324481010437011719e-01,-7.853592634201049805e-01,-6.199175119400024414e-01,-2.969398498535156250e-01,4.749062061309814453e-01,-3.940789699554443359e-01,1.498007774353027344e-01,-4.658641815185546875e-01,9.888948202133178711e-01,-3.203635215759277344e-01,5.153928995132446289e-01,-5.612086057662963867e-01,-7.937716245651245117e-01,-8.222699165344238281e-03,3.153554201126098633e-01,-8.590295314788818359e-01,4.381341934204101562e-01,-8.242706060409545898e-01,-1.437356472015380859e-01,7.318280935287475586e-01
5.890624523162841797e-01,-5.388340950012207031e-01,-7.010555267333984375e-01,-1.762022972106933594e-01,-5.997891426086425781e-01,-1.061437129974365234e-01,2.629442214965820312e-01,-4.848387241363525391e-01,1.451189517974853516e-01,-2.646433115005493164e-01,-3.986626863479614258e-01,1.755052804946899414e-01,-7.226167917251586914e-01,6.034699678421020508e-01,1.861003637313842773e-01,3.755339384078979492e-01,1.047959327697753906e-01,-4.192559719085693359e-01,-1.696071624755859375e-01,8.880100250244140625e-01,-7.025893926620483398e-01,5.425006151199340820e-01,2.393143177032470703e-01,-9.942209720611572266e-01,-5.350190401077270508e-01,5.903470516204833984e-01,-4.051029682159423828e-01,-3.564201593399047852e-01,6.718739271163940430e-01,-7.124428749084472656e-01
-1.491045951843261719e-01,9.853279590606689453e-02,-1.697185039520263672e-01,8.300364017486572266e-02,1.966148614883422852e-01,2.319546937942504883e-01,-7.215198278427124023e-01,-8.091440200805664062e-01,-9.926820993423461914e-01,-2.126412391662597656e-01,-4.915418624877929688e-01,-7.831478118896484375e-01,3.725768327713012695e-01,-8.216619491577148438e-01,-2.458868026733398438e-01,6.672084331512451172e-02,2.125085592269897461e-01,-1.824325323104858398e-01,-5.083757638931274414e-01,3.269366025924682617e-01,2.839776277542114258e-01,8.256736993789672852e-01,-4.015421867370605469e-02,-9.002696275711059570e-01,2.481143474578857422e-01,1.747822761535644531e-01,1.385322809219360352e-01,4.939824342727661133e-01,5.858250856399536133e-01,1.836347579956054688e-01
-3.191430568695068359e-01,1.974065303802490234e-01,2.903221845626831055e-01,-6.500483751296997070e-01,-9.945114850997924805e-01,-3.292404413223266602e-01,-8.966304063796997070e-01,-6.631019115447998047e-01,8.422005176544189453e-02,-3.135997056961059570e-01,-8.407402038574218750e-02,2.035789489746093750e-01,-8.708964586257934570e-01,-8.304870128631591797e-02,-1.143027544021606445e-01,4.345417022705078125e-02,-1.869925260543823242e-01,-9.975836277008056641e-01,-1.338897943496704102e-01,-7.229747772216796875e-01,2.724901437759399414e-01,4.478728771209716797e-02,-3.404974937438964844e-02,-2.526698112487792969e-01,6.615293025970458984e-01,8.493293523788452148e-01,-9.348945617675781250e-01,6.446497440338134766e-01,6.548999547958374023e-01,2.200655937194824219e-01
-6.123133897781372070e-01,-2.183389663696289062e-01,5.044640302658081055e-01,8.731065988540649414e-01,-7.912224531173706055e-01,5.680528879165649414e-01,7.090746164321899414e-01,-9.983637332916259766e-01,8.354197740554809570e-01,-2.457377910614013672e-01,-9.929349422454833984e-01,7.486491203308105469e-01,-7.776048183441162109e-01,-6.178160905838012695e-01,-2.602679729461669922e-01,6.273331642150878906e-01,2.677943706512451172e-01,1.238043308258056641e-01,-8.470100164413452148e-01,-8.153338432312011719e-01,-2.253426313400268555e-01,-6.487488746643066406e-02,1.231065988540649414e-01,4.627954959869384766e-01,-8.007198572158813477e-01,2.826609611511230469e-01,-2.920165061950683594e-01,5.962469577789306641e-01,-2.207852602005004883e-01,8.945872783660888672e-01
3.268631696701049805e-01,3.344691991806030273e-01,3.352714776992797852e-01,-6.391990184783935547e-01,-9.627585411071777344e-01,9.116387367248535156e-01,4.594393968582153320e-01,-5.630397796630859375e-02,3.572298288345336914e-01,-7.639132738113403320e-01,-7.810362577438354492e-01,-9.957306385040283203e-01,9.199475049972534180e-01,-5.114376544952392578e-02,-6.264959573745727539e-01,-9.608099460601806641e-01,-8.641067743301391602e-01,8.065328598022460938e-01,-1.721639633178710938e-01,-7.139724493026733398e-01,-9.465755224227905273e-01,-9.643535614013671875e-01,6.338214874267578125e-01,7.604557275772094727e-01,1.795245409011840820e-01,1.197761297225952148e-01,3.380886316299438477e-01,1.732411384582519531e-01,3.472498655319213867e-01,7.900897264480590820e-01
-3.327517509460449219e-01,-4.809582233428955078e-02,6.055238246917724609e-01,-6.022176742553710938e-01,2.143728733062744141e-02,-2.972114086151123047e-02,3.613830804824829102e-01,-4.156595468521118164e-01,5.121166706085205078e-01,4.329869747161865234e-01,1.260950565338134766e-01,6.471825838088989258e-01,5.155646800994873047e-02,6.203175783157348633e-01,6.167289018630981445e-01,2.279365062713623047e-02,-2.897199392318725586e-01,-3.846039772033691406e-01,-3.919318914413452148e-01,9.098863601684570312e-02,-5.654909610748291016e-01,6.896928548812866211e-01,-9.313751459121704102e-01,-8.299038410186767578e-01,-6.526052951812744141e-01,7.682205438613891602e-01,6.148407459259033203e-01,8.474323749542236328e-01,-4.309350252151489258e-01,5.898004770278930664e-01
9.791156053543090820e-01,8.375620841979980469e-02,-2.487200498580932617e-01,-3.725363016128540039e-01,9.926508665084838867e-01,7.768840789794921875e-01,2.822489738464355469e-01,1.542199850082397461e-01,6.633415222167968750e-01,3.469909429550170898e-01,1.516079902648925781e-01,-5.449478626251220703e-01,2.243957519531250000e-01,-9.471554756164550781e-01,-5.906466245651245117e-01,7.624342441558837891e-01,3.017889261245727539e-01,8.563908338546752930e-01,-8.261816501617431641e-01,-9.600698947906494141e-02,9.035497903823852539e-01,9.366010427474975586e-01,-9.542890787124633789e-01,9.622510671615600586e-01,-6.393247842788696289e-01,-6.073863506317138672e-01,5.743083953857421875e-01,-9.222075939178466797e-01,5.207897424697875977e-01,-3.507065773010253906e-02
1.853345632553100586e-01,7.979273796081542969e-02,-7.297041416168212891e-01,-4.124013185501098633e-01,-7.911090850830078125e-01,-4.862921237945556641e-01,5.067267417907714844e-01,5.071872472763061523e-01,2.159597873687744141e-01,-8.237595558166503906e-01,3.452831506729125977e-01,6.695655584335327148e-01,8.038303852081298828e-01,-1.058428287506103516e-01,-8.979630470275878906e-02,-8.175673484802246094e-01,6.096180677413940430e-01,5.570220947265625000e-01,2.997816801071166992e-01,7.403883934020996094e-01,7.817020416259765625e-01,8.300814628601074219e-01,-9.151836633682250977e-01,-5.815713405609130859e-01,8.565105199813842773e-01,-6.302118301391601562e-03,3.146187067031860352e-01,-1.826889514923095703e-01,3.884521722793579102e-01,-7.122939825057983398e-01
-4.336316585540771484e-01,7.425247430801391602e-01,1.947141885757446289e-01,-7.123895883560180664e-01,-3.248927593231201172e-01,-2.852858304977416992e-01,8.530478477478027344e-01,-5.501973628997802734e-01,-2.836015224456787109e-01,-1.041662693023681641e-02,1.418472528457641602e-01,9.474426507949829102e-01,4.959247112274169922e-01,6.165500879287719727e-01,-5.543850660324096680e-01,-9.327210187911987305e-01,-5.004463195800781250e-01,-6.993249654769897461e-01,-4.368977546691894531e-01,-6.612236499786376953e-01,2.839590311050415039e-01,3.850947618484497070e-01,-5.513231754302978516e-01,7.973326444625854492e-01,-3.253962993621826172e-01,-5.678830146789550781e-01,-7.188535928726196289e-01,4.235669374465942383e-01,1.800277233123779297e-01,1.035321950912475586e-01
-5.323630571365356445e-01,-6.281981468200683594e-01,-9.986722469329833984e-02,5.241299867630004883e-01,7.586013078689575195e-01,5.760719776153564453e-01,3.737365007400512695e-01,4.217140674591064453e-01,-7.610321044921875000e-03,-5.680342912673950195e-01,-8.414160013198852539e-01,-5.237259864807128906e-01,5.800012350082397461e-01,3.668670654296875000e-01,-9.384245872497558594e-01,7.222831249237060547e-02,-2.198921442031860352e-01,1.914554834365844727e-01,1.086360216140747070e-01,7.911543846130371094e-01,-9.261914491653442383e-01,-2.649530172348022461e-01,-6.781243085861206055e-01,-9.327129125595092773e-01,-1.584156751632690430e-01,6.999217271804809570e-01,-2.461583614349365234e-01,-1.662026643753051758e-01,1.669722795486450195e-01,-5.205205678939819336e-01
-9.066042900085449219e-01,-8.816989660263061523e-01,-5.985140800476074219e-02,1.601529121398925781e-02,5.097985267639160156e-02,2.059334516525268555e-01,-9.076001644134521484e-01,3.418046236038208008e-01,5.102789402008056641e-01,2.335650920867919922e-01,-1.191484928131103516e-01,6.040344238281250000e-01,-8.163975477218627930e-01,-5.811655521392822266e-01,-4.304362535476684570e-01,1.544013023376464844e-01,3.680411577224731445e-01,-7.668352127075195312e-02,-7.603157758712768555e-01,5.181550979614257812e-03,-7.877216339111328125e-01,-8.193939924240112305e-01,-3.051662445068359375e-02,-8.539806604385375977e-01,2.427384853363037109e-01,6.600601673126220703e-01,7.016545534133911133e-01,1.874697208404541016e-01,2.647961378097534180e-01,-9.719868898391723633e-01
6.518888473510742188e-02,-8.908238410949707031e-01,-5.071954727172851562e-01,-9.420338869094848633e-01,1.852012872695922852e-01,-2.256464958190917969e-02,-3.231265544891357422e-01,6.952959299087524414e-01,-5.271061658859252930e-01,-4.163153171539306641e-01,-2.441247701644897461e-01,3.363789319992065430e-01,9.040985107421875000e-01,9.646433591842651367e-01,-4.567724466323852539e-01,-5.056154727935791016e-01,2.846648693084716797e-01,9.813944101333618164e-01,3.552142381668090820e-01,-6.736809015274047852e-01,8.407758474349975586e-01,-8.482841253280639648e-01,9.777783155441284180e-01,6.596717834472656250e-01,-1.337856054306030273e-01,-4.567245244979858398e-01,-3.632662296295166016e-01,-9.909485578536987305e-01,5.992822647094726562e-01,1.489784717559814453e-01
-8.090829849243164062e-01,1.362102031707763672e-01,3.699325323104858398e-01,4.614710807800292969e-02,4.097230434417724609e-01,5.162650346755981445e-01,-7.144021987915039062e-01,-1.173722743988037109e-02,5.940942764282226562e-01,-9.426977634429931641e-01,-2.449833154678344727e-01,7.851198911666870117e-01,-2.701117992401123047e-01,9.487221240997314453e-01,9.669959545135498047e-01,4.103481769561767578e-01,9.730926752090454102e-01,6.377959251403808594e-02,7.426073551177978516e-01,-7.833564281463623047e-01,3.266420364379882812e-01,-8.839130401611328125e-02,-9.994852542877197266e-01,8.265730142593383789e-01,-1.305937767028808594e-02,8.091671466827392578e-01,9.924898147583007812e-01,-2.660498619079589844e-01,3.405606746673583984e-01,-7.652730941772460938e-01
-2.345879077911376953e-01,9.516507387161254883e-01,-4.084274768829345703e-01,1.753556728363037109e-01,2.802509069442749023e-01,-8.668707609176635742e-01,9.536432027816772461e-01,-8.390784263610839844e-03,1.382156610488891602e-01,7.483257055282592773e-01,-4.026520252227783203e-02,-8.017630577087402344e-01,-1.774678230285644531e-01,4.279674291610717773e-01,7.773938179016113281e-01,-2.941493988037109375e-01,9.949088096618652344e-01,3.785281181335449219e-01,-1.080117225646972656e-01,-3.016679286956787109e-01,-8.579087257385253906e-02,3.013681173324584961e-01,3.899962902069091797e-01,-1.893024444580078125e-01,-8.554323911666870117e-01,-8.593475818634033203e-01,4.464961290359497070e-01,2.363014221191406250e-02,-6.737613677978515625e-01,-8.588680028915405273e-01
-1.566343307495117188e-01,7.327215671539306641e-01,4.000976085662841797e-01,-6.646068096160888672e-01,-3.558509349822998047e-01,-3.770890235900878906e-01,2.822369337081909180e-01,-5.774261951446533203e-01,6.218091249465942383e-01,-7.380667924880981445e-01,-8.811435699462890625e-01,-7.856887578964233398e-01,8.428107500076293945e-01,-3.139209747314453125e-02,3.078969717025756836e-01,-1.145975589752197266e-01,-5.344628095626831055e-01,9.428619146347045898e-01,3.918699026107788086e-01,3.516805171966552734e-01,-4.579483270645141602e-01,5.165636539459228516e-01,2.954109907150268555e-01,1.954495906829833984e-01,-2.111685276031494141e-01,6.040918827056884766e-02,-5.271856784820556641e-01,-2.950251102447509766e-02,-9.503644704818725586e-01,5.677137374877929688e-01
1.217722892761230469e-01,8.761370182037353516e-02,4.973007440567016602e-01,8.669945001602172852e-01,-8.962905406951904297e-02,7.601124048233032227e-01,-9.783743619918823242e-01,6.683362722396850586e-01,3.900909423828125000e-02,2.692737579345703125e-01,3.509765863418579102e-01,-2.483549118041992188e-01,2.257525920867919922e-01,2.300211191177368164e-01,-8.006083965301513672e-01,-7.920920848846435547e-02,-4.037895202636718750e-01,-3.606998920440673828e-02,3.383216857910156250e-01,-5.238612890243530273e-01,-6.279599666595458984e-01,-4.042878150939941406e-01,3.460096120834350586e-01,7.266539335250854492e-01,4.928824901580810547e-01,-5.909810066223144531e-01,3.972895145416259766e-01,-6.206637620925903320e-01,-8.262640237808227539e-01,-7.819818258285522461e-01
-2.235032320022583008e-01,7.620514631271362305e-01,1.408122777938842773e-01,-6.518697738647460938e-01,-2.030900716781616211e-01,-6.748601198196411133e-01,1.316035985946655273e-01,1.726353168487548828e-02,3.966112136840820312e-01,-2.211833000183105469e-02,4.112316370010375977e-01,-8.994910717010498047e-01,-9.399086236953735352e-01,-4.875326156616210938e-01,-4.253176450729370117e-01,6.526626348495483398e-01,-6.502163410186767578e-01,1.859360933303833008e-01,-6.930947303771972656e-02,8.190064430236816406e-01,8.733832836151123047e-01,8.308942317962646484e-01,5.496327877044677734e-01,1.690350770950317383e-01,5.112406015396118164e-01,8.364140987396240234e-01,-9.435722827911376953e-01,3.847343921661376953e-01,-6.719352006912231445e-01,-1.830174922943115234e-01
2.455563545227050781e-01,-4.949699640274047852e-01,-3.651952743530273438e-01,-8.736820220947265625e-01,-9.823803901672363281e-01,6.887937784194946289e-01,8.453865051269531250e-01,-3.388686180114746094e-01,-6.325309276580810547e-01,-3.530752658843994141e-02,7.668639421463012695e-01,-2.763012647628784180e-01,-2.423775196075439453e-02,-1.394391059875488281e-03,-7.738001346588134766e-01,-8.406358957290649414e-01,7.786797285079956055e-01,9.463402032852172852e-01,8.786098957061767578e-01,-2.229342460632324219e-01,-5.893975496292114258e-01,3.514409065246582031e-03,-7.298099994659423828e-01,4.212036132812500000e-01,-2.656300067901611328e-01,-6.271827220916748047e-02,9.032387733459472656e-01,5.334091186523437500e-02,-3.482127189636230469e-01,4.971951246261596680e-01
-5.013805627822875977e-01,-5.563974380493164062e-02,2.547651529312133789e-01,-1.388072967529296875e-02,9.559112787246704102e-01,7.300411462783813477e-01,5.023006200790405273e-01,-6.253238916397094727e-01,5.635925531387329102e-01,5.399280786514282227e-01,9.867124557495117188e-01,5.472466945648193359e-01,-1.553894281387329102e-01,-9.138107299804687500e-01,7.296814918518066406e-01,-2.940410375595092773e-01,-8.438545465469360352e-01,-4.462003707885742188e-02,-5.320791006088256836e-01,7.717443704605102539e-01,3.402062654495239258e-01,-2.928676605224609375e-01,5.489891767501831055e-01,-8.280037641525268555e-01,-2.456041574478149414e-01,1.850651502609252930e-01,-3.470652103424072266e-01,-1.930853128433227539e-01,4.675669670104980469e-01,-5.470474958419799805e-01
-6.971971988677978516e-01,-5.722436904907226562e-01,-4.742879867553710938e-01,6.719112396240234375e-01,1.495615243911743164e-01,9.511102437973022461e-01,1.043206453323364258e-01,7.118029594421386719e-01,-6.783119440078735352e-01,8.727208375930786133e-01,5.553781986236572266e-02,8.400021791458129883e-01,-6.788588762283325195e-01,4.524781703948974609e-01,4.858874082565307617e-01,-5.591926574707031250e-01,-5.461636781692504883e-01,-9.560914039611816406e-01,4.494405984878540039e-01,3.195202350616455078e-02,1.069563627243041992e-01,2.213637828826904297e-01,8.939287662506103516e-01,1.301448345184326172e-01,6.665796041488647461e-01,-8.141047954559326172e-01,4.756293296813964844e-01,7.348536252975463867e-01,-2.598090171813964844e-01,-7.281922101974487305e-01
2.989006042480468750e-01,-9.140870571136474609e-01,-8.633517026901245117e-01,-4.253363609313964844e-01,6.808813810348510742e-01,-5.288208723068237305e-01,-3.309789896011352539e-01,9.935491085052490234e-01,6.286832094192504883e-01,-9.713292121887207031e-02,5.291575193405151367e-01,2.671574354171752930e-01,-5.397367477416992188e-02,6.084084510803222656e-03,2.413305044174194336e-01,-4.513255357742309570e-01,2.925469875335693359e-01,5.779210329055786133e-01,-8.566044569015502930e-01,5.885004997253417969e-01,-8.080101013183593750e-01,-9.157290458679199219e-01,-3.055289983749389648e-01,3.682495355606079102e-01,7.000207901000976562e-03,1.004111766815185547e-01,-8.126126527786254883e-01,-1.019415855407714844e-01,-7.367849349975585938e-03,9.684896469116210938e-02
-3.853689432144165039e-01,-3.272987604141235352e-01,8.919110298156738281e-01,-4.543212652206420898e-01,5.698207616806030273e-01,1.994541883468627930e-01,-3.268202543258666992e-01,6.238750219345092773e-01,1.464956998825073242e-01,2.471064329147338867e-01,-6.816983222961425781e-03,-1.846462488174438477e-01,5.764548778533935547e-01,-5.716017484664916992e-01,6.894267797470092773e-01,9.227008819580078125e-01,8.325887918472290039e-01,5.026543140411376953e-01,5.315911769866943359e-02,-9.030252695083618164e-01,8.538762331008911133e-01,-3.176361322402954102e-01,9.275074005126953125e-01,6.920316219329833984e-01,-5.328902006149291992e-01,8.841074705123901367e-01,-8.440070152282714844e-01,-5.743310451507568359e-01,-6.201157569885253906e-01,8.345463275909423828e-01
4.301105737686157227e-01,-6.815028190612792969e-02,7.200640439987182617e-01,6.750488281250000000e-02,-6.278529167175292969e-01,-8.408563137054443359e-01,1.327130794525146484e-01,-1.758556365966796875e-01,4.773153066635131836e-01,-3.674091100692749023e-01,-3.931721448898315430e-01,8.820048570632934570e-01,-1.445050239562988281e-01,5.984447002410888672e-01,-3.588511943817138672e-01,2.313280105590820312e-01,8.628466129302978516e-01,7.212982177734375000e-01,5.173243284225463867e-01,-4.906535148620605469e-03,-2.828342914581298828e-01,5.916928052902221680e-01,-7.683453559875488281e-01,8.767774105072021484e-01,-7.277714014053344727e-01,2.451611757278442383e-01,-8.368175029754638672e-01,2.097449302673339844e-01,-7.637580633163452148e-01,2.442831993103027344e-01
-7.256876230239868164e-01,6.671941280364990234e-02,1.732463836669921875e-01,-4.462409019470214844e-02,9.942871332168579102e-01,-4.325513839721679688e-01,1.973206996917724609e-01,-3.508358001708984375e-01,-7.884879112243652344e-01,6.367607116699218750e-01,4.228346347808837891e-01,6.296527385711669922e-02,2.352737188339233398e-01,-7.378423213958740234e-02,3.525632619857788086e-01,-5.741657018661499023e-01,8.918673992156982422e-01,7.415461540222167969e-01,2.528965473175048828e-01,-3.444467782974243164e-01,1.030542850494384766e-01,6.040760278701782227e-01,-6.094145774841308594e-01,8.411036729812622070e-01,2.535563707351684570e-01,4.560232162475585938e-01,-3.243296146392822266e-01,6.167407035827636719e-01,-8.610422611236572266e-01,3.815878629684448242e-01
-7.250835895538330078e-01,-3.679716587066650391e-01,4.360717535018920898e-01,-9.913527965545654297e-02,1.288267374038696289e-01,-4.038569927215576172e-01,-8.819445371627807617e-01,-4.396245479583740234e-01,-9.545922279357910156e-01,-4.194142818450927734e-01,-3.875962495803833008e-01,7.289675474166870117e-01,8.172357082366943359e-01,-9.915773868560791016e-01,9.898777008056640625e-01,-7.408964633941650391e-01,-8.473640680313110352e-01,-8.798509836196899414e-01,-5.648875236511230469e-01,-9.703669548034667969e-01,7.006601095199584961e-01,5.544288158416748047e-01,9.456167221069335938e-01,-7.353681325912475586e-01,-5.765150785446166992e-01,3.366041183471679688e-01,-2.680870294570922852e-01,7.093453407287597656e-01,-6.151334047317504883e-01,-1.473873853683471680e-01
-5.245642662048339844e-01,-5.420244932174682617e-01,3.811191320419311523e-01,-9.743970632553100586e-01,1.287922859191894531e-01,-4.161623716354370117e-01,-1.249455213546752930e-01,-7.565292119979858398e-01,-1.599764823913574219e-01,-2.553346157073974609e-01,7.351562976837158203e-01,-7.093046903610229492e-01,-3.044747114181518555e-01,6.073213815689086914e-01,-6.931751966476440430e-01,-7.556633949279785156e-01,7.644647359848022461e-01,-3.719760179519653320e-01,-5.739157199859619141e-01,-6.284785270690917969e-01,-6.025846004486083984e-01,-8.542256355285644531e-01,-7.347972393035888672e-01,7.231173515319824219e-01,7.257390022277832031e-02,3.270620107650756836e-01,-5.796515941619873047e-02,4.531635046005249023e-01,7.979869842529296875e-03,8.318673372268676758e-01
1.865561008453369141e-01,-3.886713981628417969e-01,6.245919466018676758e-01,-9.419903755187988281e-01,9.741818904876708984e-02,-9.684848785400390625e-01,5.202890634536743164e-01,4.287990331649780273e-01,-2.089170217514038086e-01,8.845579624176025391e-02,-2.786364555358886719e-01,-9.106276035308837891e-01,-7.740269899368286133e-01,-5.121045112609863281e-01,-8.143396377563476562e-01,4.224107265472412109e-01,6.662706136703491211e-01,-8.419445753097534180e-01,9.416676759719848633e-01,-5.946186780929565430e-01,3.463103771209716797e-01,2.970862388610839844e-02,-1.046100854873657227e-01,-5.528090000152587891e-01,4.189980030059814453e-02,-8.386458158493041992e-01,4.732458591461181641e-01,9.283572435379028320e-01,3.728500604629516602e-01,-4.714243412017822266e-01
4.767074584960937500e-01,-4.751136302947998047e-01,8.921353816986083984e-01,-1.569181680679321289e-01,-8.949867486953735352e-01,3.721916675567626953e-02,6.108164787292480469e-02,-6.453094482421875000e-01,5.253660678863525391e-02,-6.251819133758544922e-01,9.947675466537475586e-01,3.433218002319335938e-01,7.124502658843994141e-01,-4.114288091659545898e-01,-4.435125589370727539e-01,-7.480041980743408203e-01,5.785208940505981445e-01,-5.216429233551025391e-01,9.418293237686157227e-01,-6.414529085159301758e-01,-2.581877708435058594e-01,3.167208433151245117e-01,-7.691849470138549805e-01,5.402841567993164062e-01,-6.980968713760375977e-01,2.524278163909912109e-01,5.267090797424316406e-01,4.866487979888916016e-01,5.613385438919067383e-01,-7.812019586563110352e-01
