-8.405737280845642090e-01,-6.896917223930358887e-01,-5.990620851516723633e-01,9.766291975975036621e-01,7.742236554622650146e-02,-8.650185465812683105e-01,-8.784654736518859863e-01,4.736907780170440674e-01,-4.495822787284851074e-01,9.167388677597045898e-01,5.468026995658874512e-01,7.557285428047180176e-01,-7.648373842239379883e-01,1.094387993216514587e-01,-8.452447056770324707e-01,-7.357270270586013794e-02,-8.693755269050598145e-01,-2.394313961267471313e-01,-3.429624736309051514e-01,6.142619252204895020e-02,8.135763406753540039e-01,9.784958511590957642e-02,-2.826203405857086182e-01,8.976640105247497559e-01,5.214312076568603516e-01,7.748872041702270508e-01,-3.699328303337097168e-01,-8.034243583679199219e-01,3.567347824573516846e-01,9.300330281257629395e-01
5.530478358268737793e-01,-2.315140068531036377e-01,8.611519336700439453e-01,7.640562653541564941e-01,-9.166023731231689453e-01,-8.611561059951782227e-01,-8.039577603340148926e-01,4.815119206905364990e-01,4.584331214427947998e-01,3.379215300083160400e-01,4.956070184707641602e-01,-3.516749441623687744e-01,-2.829443514347076416e-01,-6.608576327562332153e-02,-6.754001975059509277e-02,-2.593730688095092773e-01,9.407581388950347900e-02,4.605256617069244385e-01,6.030969023704528809e-01,8.051773309707641602e-01,-3.537351191043853760e-01,3.404819965362548828e-01,4.914388060569763184e-02,-5.585035681724548340e-01,9.519817829132080078e-01,-4.721330702304840088e-01,-5.115030407905578613e-01,9.884178638458251953e-01,5.334430336952209473e-01,-3.957746028900146484e-01
6.089156121015548706e-02,1.056731939315795898e-01,-7.370497584342956543e-01,9.742357730865478516e-01,-9.656258821487426758e-01,8.380962610244750977e-01,-6.567894220352172852e-01,-8.991771340370178223e-01,-5.821371078491210938e-01,7.531253695487976074e-01,-7.274544239044189453e-02,3.195060491561889648e-01,-1.147408336400985718e-01,-9.515527486801147461e-01,-7.605888247489929199e-01,-6.362267136573791504e-01,2.531801760196685791e-01,-9.158792495727539062e-01,3.843522071838378906e-01,-8.991159796714782715e-01,8.961986899375915527e-01,8.241346478462219238e-01,-9.919088482856750488e-01,-5.209520459175109863e-02,-5.502008199691772461e-01,4.558499529957771301e-02,6.927306652069091797e-01,4.409340620040893555e-01,-1.357367336750030518e-01,8.632722496986389160e-01
7.498191595077514648e-01,-3.428508937358856201e-01,-4.908311367034912109e-01,-2.916079461574554443e-01,8.006295561790466309e-01,3.466475382447242737e-02,-1.043416485190391541e-01,5.175805687904357910e-01,9.383265972137451172e-01,2.483227103948593140e-01,2.447298467159271240e-01,-7.402994036674499512e-01,-7.120400071144104004e-01,-9.764519333839416504e-01,-7.663488984107971191e-01,4.156207293272018433e-02,-1.594446450471878052e-01,-3.708173930644989014e-01,-5.530259013175964355e-01,5.032992362976074219e-01,6.115124821662902832e-01,-5.435568690299987793e-01,-9.060365557670593262e-01,-3.449309170246124268e-01,-9.127759337425231934e-01,3.101894855499267578e-01,-5.333026051521301270e-01,9.944661259651184082e-01,-6.058035884052515030e-03,-4.181758165359497070e-01
-4.878632724285125732e-01,5.172941684722900391e-01,-7.031910866498947144e-02,-1.000548005104064941e+00,-3.233674764633178711e-01,-2.546771168708801270e-01,-3.823000937700271606e-02,8.542138338088989258e-02,6.299796700477600098e-01,-8.124852776527404785e-01,-5.534777045249938965e-01,4.098192229866981506e-02,3.778512775897979736e-01,-6.346834897994995117e-01,-3.082355856895446777e-01,-8.712795972824096680e-01,5.882887840270996094e-01,-5.048468112945556641e-01,6.753029823303222656e-01,-8.368725329637527466e-02,4.634342789649963379e-01,5.166347622871398926e-01,-9.995630979537963867e-01,1.792517006397247314e-01,-4.378635883331298828e-01,7.707921266555786133e-01,1.680023074150085449e-01,8.359869718551635742e-01,7.850813269615173340e-01,-1.265395432710647583e-01
8.410282135009765625e-01,-4.547215402126312256e-01,-6.161938309669494629e-01,4.887931346893310547e-01,2.920314669609069824e-01,3.244168758392333984e-01,6.437841057777404785e-01,-3.629628717899322510e-01,6.171939373016357422e-01,-8.481407761573791504e-01,7.110867500305175781e-01,5.715478658676147461e-01,-6.944061517715454102e-01,-8.823447227478027344e-01,-4.355971217155456543e-01,-2.858751118183135986e-01,-6.455743312835693359e-01,-6.686639785766601562e-01,6.715694069862365723e-01,-3.901617228984832764e-01,1.855096369981765747e-01,-5.247672200202941895e-01,-9.251293540000915527e-01,-3.920073807239532471e-01,-2.988213300704956055e-01,-9.566996991634368896e-02,8.817683905363082886e-02,-2.332785427570343018e-01,1.684437878429889679e-02,3.067428991198539734e-02
-3.259993791580200195e-01,-3.653994500637054443e-01,-8.596925735473632812e-01,9.558644145727157593e-02,2.059544473886489868e-01,1.652414947748184204e-01,8.345336318016052246e-01,-5.296034216880798340e-01,3.738162219524383545e-01,6.706502437591552734e-01,6.894388198852539062e-01,-9.483429789543151855e-01,-3.343446254730224609e-01,-7.180397510528564453e-01,9.053537249565124512e-01,6.661263704299926758e-01,7.120110988616943359e-01,4.864771366119384766e-01,2.841359376907348633e-01,-5.480963364243507385e-02,-7.605152726173400879e-01,-5.877771377563476562e-01,6.143670678138732910e-01,7.389389872550964355e-01,-3.654530644416809082e-01,-3.663449287414550781e-01,-5.415104031562805176e-01,-7.619433403015136719e-01,-1.057797819375991821e-01,3.111793696880340576e-01
5.004872083663940430e-01,-4.297328889369964600e-01,-6.466889977455139160e-01,6.683044433593750000e-01,-3.111741542816162109e-01,6.644682288169860840e-01,-3.071759939193725586e-01,4.759887754917144775e-01,5.870437026023864746e-01,6.622600555419921875e-01,2.063215821981430054e-01,-9.573760032653808594e-01,6.839376091957092285e-01,5.927717089653015137e-01,-1.193470209836959839e-01,-8.720651865005493164e-01,-4.575562477111816406e-01,-9.444400668144226074e-01,5.821892619132995605e-01,6.988689303398132324e-01,8.146463632583618164e-01,2.399437576532363892e-01,7.874698638916015625e-01,-8.993450403213500977e-01,-4.498553927987813950e-03,3.348662853240966797e-01,-7.271415591239929199e-01,-2.323835194110870361e-01,-7.911145687103271484e-02,9.903915226459503174e-02
-8.744536638259887695e-01,-5.478230118751525879e-01,-5.798537731170654297e-01,-8.685677498579025269e-02,7.074450254440307617e-01,-4.367665946483612061e-01,5.868973731994628906e-01,2.349576726555824280e-02,1.881545875221490860e-03,-1.805985718965530396e-01,9.151038527488708496e-01,-5.906819105148315430e-01,-7.492404431104660034e-02,-6.876751780509948730e-01,-5.781691074371337891e-01,3.570269942283630371e-01,2.792111933231353760e-01,-7.156619429588317871e-01,-9.680923223495483398e-01,6.504785418510437012e-01,4.295324385166168213e-01,3.293102085590362549e-01,6.300688385963439941e-01,8.288161754608154297e-01,7.324705719947814941e-01,-7.206019759178161621e-01,-7.728191018104553223e-01,4.115492105484008789e-01,-4.150640964508056641e-01,1.829234212636947632e-01
6.063880324363708496e-01,-8.903234004974365234e-01,3.659644126892089844e-01,-3.646731972694396973e-01,1.863896101713180542e-01,-3.721608221530914307e-01,-9.820473790168762207e-01,-9.576888680458068848e-01,-4.013875424861907959e-01,2.311053127050399780e-02,1.223948895931243896e-01,1.882003843784332275e-01,-9.177798032760620117e-01,-4.974688291549682617e-01,1.970270723104476929e-01,4.133142828941345215e-01,-3.837571442127227783e-01,-5.059292539954185486e-02,7.618831992149353027e-01,-4.632091224193572998e-01,-8.939368128776550293e-01,8.624421954154968262e-01,9.377943873405456543e-01,9.998340606689453125e-01,-1.999971084296703339e-02,-4.555637836456298828e-01,-4.329597353935241699e-01,-3.004558682441711426e-01,-9.133184552192687988e-01,-6.477795243263244629e-01
9.113856554031372070e-01,7.976509928703308105e-01,-3.989595919847488403e-02,3.919895887374877930e-01,-2.081627994775772095e-01,2.109900265932083130e-01,-5.284275412559509277e-01,-6.177470684051513672e-01,-2.282126843929290771e-01,6.807333976030349731e-02,-9.260686635971069336e-01,-7.527579665184020996e-01,-1.145878583192825317e-01,7.732702493667602539e-01,9.791560173034667969e-01,1.911839991807937622e-01,4.351693093776702881e-01,7.830441594123840332e-01,4.026078283786773682e-01,9.507510662078857422e-01,7.518693804740905762e-01,3.650632500648498535e-01,-5.142090842127799988e-02,-1.350019276142120361e-01,1.179478168487548828e-01,6.772860884666442871e-02,3.732665181159973145e-01,4.926272630691528320e-01,8.134933114051818848e-01,-5.755802989006042480e-01
-7.412304729223251343e-02,-6.366937160491943359e-01,4.128714799880981445e-01,-3.529924750328063965e-01,-2.901940345764160156e-01,6.515433639287948608e-02,1.793038994073867798e-01,-1.873074918985366821e-01,-8.853678107261657715e-01,5.575996041297912598e-01,4.425718486309051514e-01,2.838450968265533447e-01,-5.015285015106201172e-01,8.212730288505554199e-01,7.910440117120742798e-02,-7.274405956268310547e-01,9.360046386718750000e-01,-1.802619174122810364e-02,-4.035930335521697998e-01,-7.406359910964965820e-01,-4.584063589572906494e-01,8.561655282974243164e-01,-8.363397717475891113e-01,1.423171907663345337e-01,1.347889453172683716e-01,-3.601327538490295410e-01,3.130409717559814453e-01,-4.276113212108612061e-01,-7.220770120620727539e-01,-6.971808671951293945e-01
-5.394629836082458496e-01,-9.467788934707641602e-01,-3.995172381401062012e-01,5.202459692955017090e-01,-2.099249511957168579e-02,6.046471595764160156e-01,-9.754489660263061523e-01,7.870041131973266602e-01,6.030663251876831055e-01,-4.491611421108245850e-01,8.134983777999877930e-01,9.252769351005554199e-01,6.335579752922058105e-01,1.691917032003402710e-01,-2.093198895454406738e-01,4.464128613471984863e-01,8.488667607307434082e-01,-2.121674418449401855e-01,3.871097266674041748e-01,4.097726568579673767e-02,-8.953040242195129395e-01,7.379158139228820801e-01,2.701789140701293945e-02,-3.617753386497497559e-01,3.348312675952911377e-01,5.165571570396423340e-01,7.886090278625488281e-01,-4.458097517490386963e-01,-6.860959529876708984e-01,-5.277183651924133301e-01
9.084807038307189941e-01,-4.840474724769592285e-01,4.672152698040008545e-01,1.458251327276229858e-01,-7.356312274932861328e-01,3.389917314052581787e-01,7.829130887985229492e-01,-6.032942533493041992e-01,-2.065867036581039429e-01,-9.477266073226928711e-01,1.415912955999374390e-01,6.241333484649658203e-01,6.116800904273986816e-01,-5.180957317352294922e-01,-4.087451696395874023e-01,8.530222177505493164e-01,-7.208324670791625977e-01,9.576051235198974609e-01,-4.743139743804931641e-01,6.004406809806823730e-01,6.685141921043395996e-01,-4.160557091236114502e-01,-7.485793828964233398e-01,9.420073628425598145e-01,-1.113607659935951233e-01,2.261609435081481934e-01,-3.297540247440338135e-01,9.684442281723022461e-01,-9.792655110359191895e-01,4.627470076084136963e-01
5.405453443527221680e-01,-3.899478018283843994e-01,5.578044652938842773e-01,-1.083661094307899475e-01,-4.142845273017883301e-01,-6.859494447708129883e-01,2.382512092590332031e-01,-8.181754946708679199e-01,2.089213728904724121e-01,-9.151160120964050293e-01,-7.400007247924804688e-01,-9.737050533294677734e-02,-4.778093099594116211e-01,8.034645915031433105e-01,6.865103244781494141e-01,6.453987956047058105e-01,7.289488315582275391e-01,5.522828102111816406e-01,-6.267845630645751953e-02,-5.083538293838500977e-01,5.056632757186889648e-01,-3.468457460403442383e-01,6.362075209617614746e-01,4.628393352031707764e-01,8.232945203781127930e-01,2.570059597492218018e-01,-9.652491211891174316e-01,3.552610278129577637e-01,1.510608792304992676e-01,-2.684630155563354492e-01
7.771259546279907227e-01,-6.818104982376098633e-01,-1.858108490705490112e-01,7.494927644729614258e-01,4.384820759296417236e-01,-9.220029413700103760e-02,-8.148918747901916504e-01,-2.226568944752216339e-02,-9.597334265708923340e-01,1.989620625972747803e-01,2.434820532798767090e-01,-9.828276634216308594e-01,-2.675466835498809814e-01,8.689160943031311035e-01,9.644321799278259277e-01,6.813606619834899902e-01,1.705141514539718628e-01,-2.561635971069335938e-01,8.765142560005187988e-01,9.215325117111206055e-02,6.353940367698669434e-01,2.700727880001068115e-01,4.278637766838073730e-01,5.250416398048400879e-01,-5.792715549468994141e-01,3.170071542263031006e-01,7.497849464416503906e-01,2.286506295204162598e-01,3.320957720279693604e-01,6.387652158737182617e-01
-4.254300296306610107e-01,-8.865280747413635254e-01,4.964240491390228271e-01,5.557814240455627441e-01,2.374584525823593140e-01,2.748201787471771240e-01,-8.123112916946411133e-01,2.190242893993854523e-02,3.480647876858711243e-02,9.753850698471069336e-01,7.252939343452453613e-01,-6.948081254959106445e-01,5.758907273411750793e-02,8.356349468231201172e-01,-4.870304763317108154e-01,8.525804281234741211e-01,2.708805166184902191e-02,5.850372090935707092e-02,2.530230879783630371e-01,-4.884172081947326660e-01,-5.919881463050842285e-01,-2.479645609855651855e-01,-2.042819857597351074e-01,-2.489404529333114624e-01,1.631645560264587402e-01,-6.622049212455749512e-01,-6.220512390136718750e-01,7.472020983695983887e-01,-8.883846402168273926e-01,-9.360647201538085938e-02
1.623228751122951508e-02,1.751665323972702026e-01,5.309150554239749908e-03,8.746888637542724609e-01,6.985304504632949829e-02,-7.520901560783386230e-01,-6.843490004539489746e-01,-4.569802880287170410e-01,-9.282811284065246582e-01,-4.558566212654113770e-01,-6.851026415824890137e-01,-4.900315105915069580e-01,-4.313504099845886230e-01,-4.442590475082397461e-01,-7.344495654106140137e-01,-2.708292305469512939e-01,-7.241845726966857910e-01,-1.307211723178625107e-02,3.841612339019775391e-01,9.669559597969055176e-01,7.057939767837524414e-01,5.638778209686279297e-01,7.209482789039611816e-01,-8.004413247108459473e-01,2.996848523616790771e-01,-7.469207644462585449e-01,5.875703692436218262e-01,4.185841083526611328e-01,5.019120573997497559e-01,6.085944175720214844e-01
2.427296042442321777e-01,-8.353682756423950195e-01,4.540593624114990234e-01,-4.663223028182983398e-01,-8.918036818504333496e-01,-9.794300198554992676e-01,9.534814953804016113e-01,4.774704575538635254e-01,4.876827299594879150e-01,-5.459837317466735840e-01,4.143182039260864258e-01,-5.304442048072814941e-01,-5.534042716026306152e-01,7.112410068511962891e-01,8.433027863502502441e-01,5.422458425164222717e-02,6.638721376657485962e-02,6.834779381752014160e-01,-1.825349628925323486e-01,-3.294287323951721191e-01,2.246357947587966919e-01,8.362981677055358887e-01,2.721877098083496094e-01,-1.645584553480148315e-01,-7.229021191596984863e-02,-5.729656666517257690e-02,-4.010225087404251099e-02,-6.132119894027709961e-02,7.801588773727416992e-01,-6.888980269432067871e-01
5.362954139709472656e-01,-6.945354938507080078e-01,-5.401895046234130859e-01,4.838638007640838623e-01,8.499804735183715820e-01,2.930788695812225342e-01,-4.401439055800437927e-02,4.336083829402923584e-01,2.561460137367248535e-01,7.224184870719909668e-01,-6.904587745666503906e-01,1.819818913936614990e-01,6.716392040252685547e-01,-7.352112531661987305e-01,-2.867819368839263916e-01,-4.110283255577087402e-01,6.406239867210388184e-01,1.645235717296600342e-01,7.535246610641479492e-01,6.669541001319885254e-01,7.117504477500915527e-01,-9.248201847076416016e-01,-6.694593429565429688e-01,-1.710660457611083984e-01,-1.071397513151168823e-01,9.716150164604187012e-01,-9.430292844772338867e-01,-7.777058482170104980e-01,-2.269929200410842896e-01,-6.991704106330871582e-01
-7.182664275169372559e-01,6.393551826477050781e-01,-3.000871837139129639e-01,6.662722826004028320e-01,3.579443097114562988e-01,-4.777725338935852051e-01,-9.957225918769836426e-01,-7.477200627326965332e-01,-5.554072856903076172e-01,-1.457093805074691772e-01,5.060309171676635742e-01,-9.000227451324462891e-01,2.504051923751831055e-01,-8.955439925193786621e-01,7.863765209913253784e-02,-2.166069746017456055e-01,3.115450143814086914e-01,-9.113891720771789551e-01,1.397116780281066895e-01,7.313556075096130371e-01,-2.013439387083053589e-01,-6.980706453323364258e-01,-9.179909825325012207e-01,-3.677264153957366943e-01,-9.820950031280517578e-01,-3.245684206485748291e-01,-4.201182723045349121e-01,-6.728793382644653320e-01,-7.297528386116027832e-01,-2.167676985263824463e-01
3.625663220882415771e-01,-6.053864359855651855e-01,-3.996996283531188965e-01,1.105927154421806335e-01,6.750049591064453125e-01,-3.042064905166625977e-01,-9.955474734306335449e-01,1.525687426328659058e-01,-4.701343774795532227e-01,-1.519875824451446533e-01,8.797798156738281250e-01,-3.820006549358367920e-02,-2.182712703943252563e-01,-1.240420639514923096e-01,3.247281908988952637e-01,-1.119637265801429749e-01,-9.445119500160217285e-01,-1.203317195177078247e-01,-9.200692921876907349e-02,-6.940915584564208984e-01,-4.662372469902038574e-01,-6.815861463546752930e-01,6.089035868644714355e-01,8.743699789047241211e-01,5.125783085823059082e-01,-6.738063693046569824e-02,8.859453201293945312e-01,-7.927059531211853027e-01,2.159993946552276611e-01,2.767386436462402344e-01
8.871951699256896973e-01,5.449690818786621094e-01,1.679005175828933716e-01,1.092105060815811157e-01,8.088491857051849365e-02,8.293799161911010742e-01,-6.975166797637939453e-01,-1.990891247987747192e-01,-8.934000134468078613e-02,-8.696507811546325684e-01,-1.622196137905120850e-01,3.945503532886505127e-01,8.690523356199264526e-02,-5.941933393478393555e-01,-5.586531758308410645e-01,1.346086338162422180e-02,7.694584727287292480e-01,1.162142455577850342e-01,-9.793449044227600098e-01,1.828863620758056641e-01,7.272275686264038086e-01,-8.954670280218124390e-02,-2.047469168901443481e-01,1.117093712091445923e-01,-2.159341722726821899e-01,-8.978740572929382324e-01,9.024282693862915039e-01,9.007405638694763184e-01,3.861515223979949951e-01,3.918403089046478271e-01
6.607167124748229980e-01,-9.113024473190307617e-01,3.171856701374053955e-01,-4.459258317947387695e-01,-4.255263805389404297e-01,4.989783465862274170e-01,-8.597986102104187012e-01,1.873090863227844238e-01,-2.180310785770416260e-01,-2.811258435249328613e-01,5.707790851593017578e-01,-4.999267160892486572e-01,-4.047296345233917236e-01,-1.218918263912200928e-01,-5.846399068832397461e-01,-4.386482015252113342e-02,-5.577470064163208008e-01,6.183868646621704102e-01,9.238221645355224609e-01,-8.220167756080627441e-01,6.199074983596801758e-01,-7.820667028427124023e-01,1.823680698871612549e-01,7.815902233123779297e-01,5.219168066978454590e-01,-3.671745657920837402e-01,-7.918783426284790039e-01,8.719611763954162598e-01,-1.519908010959625244e-01,1.078109443187713623e-01
-5.010019615292549133e-02,6.260167807340621948e-02,8.051406145095825195e-01,-8.377090692520141602e-01,3.394558727741241455e-01,-8.960082381963729858e-02,-3.839659690856933594e-01,7.542694807052612305e-01,-4.520556628704071045e-01,-4.858424663543701172e-01,-9.015093445777893066e-01,-1.286123991012573242e-01,3.534232974052429199e-01,4.051313698291778564e-01,-2.642280161380767822e-01,-2.521808445453643799e-01,5.927354097366333008e-01,1.405059099197387695e-01,1.137059777975082397e-01,-6.909600496292114258e-01,-9.431007504463195801e-01,4.073192477226257324e-01,-2.349759340286254883e-01,-7.716500759124755859e-01,9.565615057945251465e-01,-2.131900191307067871e-01,9.771232008934020996e-01,-8.301407843828201294e-02,-8.991045951843261719e-01,-2.735722064971923828e-01
-2.145357877016067505e-01,2.723428606986999512e-01,7.141578793525695801e-01,-5.464375019073486328e-01,4.340341687202453613e-01,3.058462440967559814e-01,4.245429337024688721e-01,7.817078232765197754e-01,-3.365477323532104492e-01,-3.965567648410797119e-01,3.374530002474784851e-02,6.193324923515319824e-01,7.227736711502075195e-02,-6.209758520126342773e-01,6.267094016075134277e-01,-3.630636334419250488e-01,2.508765459060668945e-01,3.439688980579376221e-01,-2.641138136386871338e-01,6.890876889228820801e-01,3.063849732279777527e-02,-1.342463195323944092e-01,1.757017523050308228e-01,7.328289151191711426e-01,4.363588392734527588e-01,-8.241828680038452148e-01,3.385508358478546143e-01,1.106440573930740356e-01,3.538220226764678955e-01,9.108459353446960449e-01
6.593390703201293945e-01,-5.945060253143310547e-01,-8.291201591491699219e-01,-8.776043057441711426e-01,-5.507532358169555664e-01,-2.698086202144622803e-01,6.296741962432861328e-02,4.664805158972740173e-02,2.504192292690277100e-01,-3.351807594299316406e-01,-8.880528807640075684e-01,-2.805324792861938477e-01,-4.192679822444915771e-01,-9.957870841026306152e-01,-8.350520730018615723e-01,7.233620882034301758e-01,-4.964098334312438965e-01,9.332225322723388672e-01,1.016076877713203430e-01,-5.462681055068969727e-01,5.005901455879211426e-01,9.342066049575805664e-01,-3.577362000942230225e-01,8.822945952415466309e-01,-6.923213601112365723e-01,-7.234379649162292480e-01,-2.663747072219848633e-01,-9.139739871025085449e-01,-5.930332541465759277e-01,4.369397759437561035e-01
-8.655946254730224609e-01,9.356789290904998779e-02,4.877083599567413330e-01,-4.560262560844421387e-01,-6.928210258483886719e-01,4.210560023784637451e-02,3.090392053127288818e-02,3.082003891468048096e-01,-3.323621451854705811e-01,-8.480082154273986816e-01,1.633602231740951538e-01,4.375310540199279785e-01,-9.671244025230407715e-01,-1.734429150819778442e-01,-3.314414620399475098e-01,-2.743774652481079102e-01,9.984639883041381836e-01,4.670371115207672119e-01,7.272653579711914062e-01,-6.744572892785072327e-03,3.114016652107238770e-01,8.003640919923782349e-02,5.554268360137939453e-01,-7.465278357267379761e-02,-2.326221764087677002e-01,5.238026380538940430e-01,-4.482722580432891846e-01,-1.460355222225189209e-01,4.039744436740875244e-01,-7.019771337509155273e-01
-1.275878995656967163e-01,-1.201729327440261841e-01,5.744168534874916077e-02,2.262069582939147949e-01,5.053653940558433533e-02,2.436060756444931030e-01,5.516706705093383789e-01,-6.236178874969482422e-01,-3.614512085914611816e-01,8.061811923980712891e-01,-4.615072011947631836e-01,8.751786351203918457e-01,-2.793354690074920654e-01,-7.629862427711486816e-01,-4.936230480670928955e-01,6.286260485649108887e-02,-4.180234372615814209e-01,5.928739160299301147e-02,3.145380020141601562e-01,-1.635752618312835693e-01,-5.394301414489746094e-01,-6.384725570678710938e-01,3.178494870662689209e-01,-2.709387540817260742e-01,-9.499053955078125000e-01,3.135211467742919922e-01,-2.509283125400543213e-01,-8.010464310646057129e-01,9.691336154937744141e-01,-1.049907356500625610e-01
-8.347968459129333496e-01,-2.398497164249420166e-01,6.827346682548522949e-01,-7.433412671089172363e-01,-4.011824727058410645e-02,3.744162991642951965e-02,3.855665624141693115e-01,3.172651827335357666e-01,-5.725932717323303223e-01,-9.272733926773071289e-01,5.114892125129699707e-01,9.149387478828430176e-01,1.452071219682693481e-01,7.251113653182983398e-01,-2.950029671192169189e-01,-2.733351290225982666e-01,-3.723546266555786133e-01,-2.285561114549636841e-01,-1.545919179916381836e-01,5.446179509162902832e-01,-8.358639478683471680e-02,8.327062726020812988e-01,6.917327046394348145e-01,4.009958803653717041e-01,3.616665005683898926e-01,2.001016139984130859e-01,9.141108393669128418e-02,-9.144901633262634277e-01,9.626267552375793457e-01,2.445153333246707916e-02
-7.988288402557373047e-01,-2.986242435872554779e-02,-1.329757422208786011e-01,-3.489269912242889404e-01,-9.677590727806091309e-01,-5.514937043190002441e-01,-7.281355261802673340e-01,-1.154456883668899536e-01,-6.854723691940307617e-01,2.770418226718902588e-01,-2.800208926200866699e-01,-6.336466073989868164e-01,-7.508717775344848633e-01,-8.633571118116378784e-02,-3.019564151763916016e-01,6.116753816604614258e-01,4.591723382472991943e-01,4.577289819717407227e-01,1.389690116047859192e-02,9.984160065650939941e-01,-2.838090360164642334e-01,8.844153881072998047e-01,-1.039966195821762085e-01,1.622393280267715454e-01,-8.762277364730834961e-01,-6.981217861175537109e-01,6.932731866836547852e-01,-5.674170851707458496e-01,3.931968808174133301e-01,1.311005651950836182e-01
-1.725111156702041626e-01,8.822454214096069336e-01,5.584653615951538086e-01,6.730453968048095703e-01,-6.423207521438598633e-01,8.256793618202209473e-01,-1.153063625097274780e-01,-8.320811986923217773e-01,1.925501823425292969e-01,6.360085010528564453e-01,7.231758832931518555e-01,-4.417042732238769531e-01,-3.135422170162200928e-01,8.408132195472717285e-01,-5.634827613830566406e-01,5.717403888702392578e-01,-2.644915282726287842e-01,-6.506391763687133789e-01,3.205152153968811035e-01,-7.900552153587341309e-01,8.029224723577499390e-02,-7.481749057769775391e-01,-2.739795744419097900e-01,1.688798703253269196e-02,9.648436307907104492e-01,-1.023680418729782104e-01,-9.512791633605957031e-01,-1.031005848199129105e-02,6.612429618835449219e-01,9.097192287445068359e-01
-6.737691760063171387e-01,-3.335241079330444336e-01,-9.698679447174072266e-01,-3.448956012725830078e-01,1.600438356399536133e-02,2.045629620552062988e-01,2.790783941745758057e-01,-4.418954551219940186e-01,6.911684274673461914e-01,-8.910587430000305176e-01,4.411574006080627441e-01,-5.148723721504211426e-01,-1.133008599281311035e-01,9.328998625278472900e-02,-9.243618249893188477e-01,9.117165207862854004e-01,9.375659823417663574e-01,1.503642052412033081e-01,-2.661027908325195312e-01,-6.960581541061401367e-01,-4.101032912731170654e-01,-6.517062187194824219e-01,-2.498880028724670410e-02,-9.912311434745788574e-01,1.728640049695968628e-01,-8.892432600259780884e-02,-1.773606836795806885e-01,-5.962597727775573730e-01,7.941543459892272949e-01,-5.806090831756591797e-01
-4.625391066074371338e-01,5.349149703979492188e-01,-3.339667320251464844e-01,-5.322548151016235352e-01,-2.887490391731262207e-01,-6.766237020492553711e-01,-5.782794952392578125e-01,-7.810148000717163086e-01,2.507623434066772461e-01,6.515290141105651855e-01,6.444417238235473633e-01,-2.312095165252685547e-01,-6.487350463867187500e-01,5.218632817268371582e-01,1.875418573617935181e-01,8.729673624038696289e-01,-8.313543796539306641e-01,-6.795272827148437500e-01,8.177354931831359863e-01,3.969258069992065430e-01,1.722517758607864380e-01,-2.539318986237049103e-02,-4.134072363376617432e-01,-2.595179378986358643e-01,2.852512001991271973e-01,2.422464489936828613e-01,3.103685379028320312e-01,6.097025275230407715e-01,-9.192718267440795898e-01,-8.159887194633483887e-01
5.360134243965148926e-01,6.168757081031799316e-01,9.871358275413513184e-01,-3.705632388591766357e-01,-5.511258840560913086e-01,-9.818007946014404297e-01,-8.977191448211669922e-01,-7.662613987922668457e-01,1.132446303963661194e-01,-3.393163681030273438e-01,-3.420912101864814758e-02,-6.687787175178527832e-01,-9.969791769981384277e-02,1.793700158596038818e-01,-3.037260174751281738e-01,1.907339990139007568e-01,-6.001715660095214844e-01,6.401991844177246094e-01,2.579826116561889648e-01,7.892082631587982178e-02,-5.010112524032592773e-01,-8.758645057678222656e-01,4.826693236827850342e-01,-4.654877483844757080e-01,-7.295466065406799316e-01,7.012517750263214111e-02,-5.367852747440338135e-02,6.475973725318908691e-01,-4.550653696060180664e-01,8.722485899925231934e-01
-3.889294862747192383e-01,4.352323412895202637e-01,-7.512934803962707520e-01,6.861417889595031738e-01,-6.097876429557800293e-01,4.173115193843841553e-01,-2.415960729122161865e-01,4.806440472602844238e-01,5.982613563537597656e-01,2.243876829743385315e-02,-3.063349127769470215e-01,3.131777346134185791e-01,-5.284185409545898438e-01,3.920204639434814453e-01,6.947706341743469238e-01,-2.755638957023620605e-01,8.897080421447753906e-01,3.413136601448059082e-01,1.517106741666793823e-01,6.053072214126586914e-01,9.197503328323364258e-01,-1.761787831783294678e-01,2.051457911729812622e-01,8.740305155515670776e-02,7.427571415901184082e-01,1.757336407899856567e-01,-7.812730073928833008e-01,-5.813871622085571289e-01,-1.085138097405433655e-01,-9.372374415397644043e-01
2.774669826030731201e-01,3.783389329910278320e-01,-9.337816238403320312e-01,3.398430943489074707e-01,-6.355142593383789062e-01,-7.489562034606933594e-02,5.403186678886413574e-01,2.743117511272430420e-01,-8.306179642677307129e-01,-9.723573923110961914e-01,7.957164943218231201e-02,3.054625168442726135e-02,7.090639472007751465e-01,-1.374823153018951416e-01,-5.804806351661682129e-01,5.585915446281433105e-01,-7.796867489814758301e-01,7.877706885337829590e-01,1.889907196164131165e-02,-6.749382019042968750e-01,-6.395688652992248535e-01,-1.392560303211212158e-01,8.344082236289978027e-01,-8.124668598175048828e-01,3.635752201080322266e-01,-9.289576411247253418e-01,-8.082405924797058105e-01,-7.296664714813232422e-01,3.952154219150543213e-01,-1.242077201604843140e-01
-8.009994029998779297e-01,7.883008718490600586e-01,-1.765449643135070801e-01,-1.095842570066452026e-01,9.815927147865295410e-01,-1.553535163402557373e-01,-8.505256772041320801e-01,1.138849556446075439e-01,9.012963175773620605e-01,-1.616240739822387695e-01,-9.562635421752929688e-01,9.193426370620727539e-01,1.903325021266937256e-01,-3.019755184650421143e-01,8.048583567142486572e-02,8.311676979064941406e-01,-7.938541769981384277e-01,9.013709425926208496e-01,9.098829030990600586e-01,4.473071396350860596e-01,-7.888673543930053711e-01,5.816200971603393555e-01,-1.271639317274093628e-01,-9.603019356727600098e-01,6.406801939010620117e-01,8.464255332946777344e-01,5.538597702980041504e-01,-3.261381983757019043e-01,9.796044826507568359e-01,1.760798394680023193e-01
8.697391748428344727e-01,-5.404083728790283203e-01,9.373177886009216309e-01,-5.022098422050476074e-01,-9.843790531158447266e-01,-3.027459979057312012e-01,-1.823302209377288818e-01,-2.842450439929962158e-01,-6.385751962661743164e-01,-6.619002223014831543e-01,5.709986686706542969e-01,9.838798642158508301e-01,6.226772069931030273e-01,-5.413640737533569336e-01,9.447029829025268555e-01,-6.190031170845031738e-01,-1.335557401180267334e-01,1.446855068206787109e-01,-7.795708179473876953e-01,9.257918000221252441e-01,-6.884244084358215332e-01,3.623667657375335693e-01,8.191008567810058594e-01,-5.943399667739868164e-01,-5.481082797050476074e-01,-9.324195235967636108e-02,-4.475646615028381348e-01,6.489341855049133301e-01,4.087848961353302002e-01,9.678586125373840332e-01
-3.041641116142272949e-01,-1.415482461452484131e-01,-3.224404156208038330e-01,-8.496179580688476562e-01,5.911009907722473145e-01,-9.724444150924682617e-01,2.685006260871887207e-01,-4.316444694995880127e-01,-7.828182578086853027e-01,-9.718913435935974121e-01,-8.107637763023376465e-01,1.357394605875015259e-01,-7.488783597946166992e-01,-6.586205959320068359e-01,5.629193782806396484e-01,1.431413739919662476e-01,6.629363298416137695e-01,-6.063626408576965332e-01,-9.311071038246154785e-02,8.151531219482421875e-01,7.098866701126098633e-01,1.257755756378173828e-01,9.199432730674743652e-01,1.365354061126708984e-01,-9.195553064346313477e-01,-1.773171126842498779e-01,-9.297911822795867920e-02,1.456597745418548584e-01,7.835930585861206055e-01,1.579802036285400391e-01
8.562366366386413574e-01,4.279632270336151123e-01,1.950063109397888184e-01,4.126253426074981689e-01,1.573521643877029419e-01,-8.469197154045104980e-01,9.536861777305603027e-01,3.214138150215148926e-01,5.119406580924987793e-01,-3.638523221015930176e-01,-4.903702139854431152e-01,-2.058665901422500610e-01,4.307092428207397461e-01,2.594517767429351807e-01,9.665338993072509766e-01,4.687076508998870850e-01,5.810181498527526855e-01,7.357550859451293945e-01,8.655557036399841309e-01,-1.448599807918071747e-02,-3.445565104484558105e-01,5.055078268051147461e-01,-9.715282917022705078e-01,-6.151127219200134277e-01,-1.477271169424057007e-01,1.017358899116516113e-01,7.167745232582092285e-01,7.926101684570312500e-01,5.402759090065956116e-02,-6.127260923385620117e-01
-1.637160480022430420e-01,3.214395940303802490e-01,4.900127649307250977e-01,-5.766213536262512207e-01,-4.552056780084967613e-04,1.949651390314102173e-01,-3.978373110294342041e-01,-2.351695746183395386e-01,-7.652732133865356445e-01,-1.767567247152328491e-01,4.830330014228820801e-01,-8.644591569900512695e-01,-7.818813920021057129e-01,-2.124654203653335571e-01,3.114328086376190186e-01,-5.172703862190246582e-01,-6.292264461517333984e-01,-9.498391747474670410e-01,4.232435524463653564e-01,5.747582912445068359e-01,9.993103742599487305e-01,4.133574068546295166e-01,9.312202930450439453e-01,-7.631477713584899902e-01,9.191910028457641602e-01,-8.293625712394714355e-01,5.925567746162414551e-01,6.940207481384277344e-01,-1.020479500293731689e-01,4.586368799209594727e-01
-7.166113257408142090e-01,8.110038936138153076e-02,5.209920406341552734e-01,4.196818172931671143e-01,-5.763111710548400879e-01,-5.186941623687744141e-01,8.599643707275390625e-01,-4.270412921905517578e-01,-1.028762534260749817e-01,-8.872075080871582031e-01,9.187250733375549316e-01,-3.816892504692077637e-01,-7.799603939056396484e-01,5.764288306236267090e-01,-6.388975381851196289e-01,3.442568480968475342e-01,8.743795156478881836e-01,-7.248580455780029297e-01,8.248323798179626465e-01,-4.970339536666870117e-01,-4.275978505611419678e-01,-4.271319508552551270e-01,3.500942289829254150e-01,-2.447547912597656250e-01,5.590856075286865234e-01,2.125708013772964478e-01,2.151875644922256470e-01,2.134997248649597168e-01,-9.928920865058898926e-01,5.290318727493286133e-01
-4.575487673282623291e-01,-9.377095699310302734e-01,-3.323551733046770096e-03,-7.251948714256286621e-01,6.861403584480285645e-01,-3.948205709457397461e-02,5.929877758026123047e-01,-5.332044959068298340e-01,-6.811469793319702148e-01,-4.100069403648376465e-02,-9.466843008995056152e-01,-9.415798187255859375e-01,9.874270558357238770e-01,-6.597670316696166992e-01,4.801555871963500977e-01,-3.412206470966339111e-02,7.355089187622070312e-01,-3.627221584320068359e-01,-3.294954076409339905e-02,-9.638742208480834961e-01,6.374341249465942383e-01,3.811083436012268066e-01,6.077637076377868652e-01,9.994506239891052246e-01,-6.983405947685241699e-01,4.312159717082977295e-01,-6.742944717407226562e-01,9.041236042976379395e-01,7.479403018951416016e-01,7.013982534408569336e-01
4.284528195858001709e-01,-8.970451354980468750e-01,6.534039378166198730e-01,-7.119382619857788086e-01,-7.026488184928894043e-01,-6.854247450828552246e-01,9.739992022514343262e-01,-4.355609714984893799e-01,7.730903625488281250e-01,8.406457304954528809e-01,-1.135430410504341125e-01,4.649035930633544922e-01,-8.186999559402465820e-01,-3.057801425457000732e-01,8.216218948364257812e-01,1.391312330961227417e-01,9.509715437889099121e-02,-5.602829158306121826e-02,-1.470491588115692139e-01,-9.620691537857055664e-01,8.717219233512878418e-01,-8.741731643676757812e-01,7.408494502305984497e-02,-9.720786809921264648e-01,-1.231084689497947693e-01,5.247402191162109375e-02,-5.379364490509033203e-01,5.373669862747192383e-01,-6.734750866889953613e-01,3.226012885570526123e-01
4.365074336528778076e-01,7.973204366862773895e-03,-5.665645599365234375e-01,1.936863362789154053e-02,4.945633411407470703e-01,-2.127221226692199707e-01,2.646005451679229736e-01,8.351184129714965820e-01,-2.988615930080413818e-01,-1.198757812380790710e-01,4.179251790046691895e-01,-4.221888184547424316e-01,-5.652290582656860352e-01,-5.532341599464416504e-01,-6.168292760848999023e-01,-4.615002572536468506e-01,7.091400623321533203e-01,4.186388552188873291e-01,-2.174828350543975830e-01,-9.308797121047973633e-02,-8.557712435722351074e-01,-5.794379115104675293e-01,2.670167684555053711e-01,-8.529393076896667480e-01,-8.799680471420288086e-01,-9.488977491855621338e-02,2.933095991611480713e-01,-6.375449299812316895e-01,5.725117772817611694e-02,4.992647767066955566e-01
4.879418015480041504e-02,-2.783621549606323242e-01,-8.465995192527770996e-01,5.858145356178283691e-01,5.547552704811096191e-01,8.280520439147949219e-01,-3.010821640491485596e-01,-6.295555830001831055e-01,-4.125685095787048340e-01,8.884776830673217773e-01,-8.258397579193115234e-01,8.458487391471862793e-01,6.948428750038146973e-01,-4.879677891731262207e-01,4.026192426681518555e-01,9.844154864549636841e-02,-5.411022901535034180e-01,4.205747246742248535e-01,-5.975945591926574707e-01,4.155650138854980469e-01,-2.497813254594802856e-01,-9.007824659347534180e-01,6.359682083129882812e-01,2.839881479740142822e-01,8.437992930412292480e-01,5.716416835784912109e-01,4.760626554489135742e-01,2.625766992568969727e-01,3.211800456047058105e-01,-3.622383177280426025e-01
4.775868654251098633e-01,-5.929356217384338379e-01,4.614373147487640381e-01,-1.100305765867233276e-01,3.553912937641143799e-01,-3.112591505050659180e-01,-9.005922824144363403e-02,5.202574133872985840e-01,5.362222790718078613e-01,-7.728657126426696777e-01,-4.289258718490600586e-01,7.999299764633178711e-01,7.969249486923217773e-01,4.327944815158843994e-01,-5.998547673225402832e-01,1.122028380632400513e-01,7.298290729522705078e-01,6.267087459564208984e-01,5.863315463066101074e-01,-9.785051941871643066e-01,-8.964154124259948730e-01,6.778393387794494629e-01,-8.375710844993591309e-01,-5.642973184585571289e-01,2.540391683578491211e-01,-3.563845455646514893e-01,8.185325264930725098e-01,6.255032494664192200e-04,4.324558675289154053e-01,-7.136605381965637207e-01
3.372186562046408653e-03,4.375810027122497559e-01,-8.547043204307556152e-01,-8.164283633232116699e-01,-8.627212047576904297e-01,-3.336266577243804932e-01,-1.778902709484100342e-01,-8.084532618522644043e-01,5.368928611278533936e-02,5.782365798950195312e-02,-8.321138024330139160e-01,-6.124894618988037109e-01,9.589959383010864258e-01,2.958585619926452637e-01,7.448276877403259277e-01,7.361301183700561523e-01,-2.178536206483840942e-01,-5.110736489295959473e-01,-4.788909852504730225e-01,4.745784997940063477e-01,-1.060004755854606628e-01,2.827129960060119629e-01,9.104640483856201172e-01,1.243072096258401871e-02,5.184320807456970215e-01,-9.092358946800231934e-01,5.797479152679443359e-01,-1.990323364734649658e-01,3.648578189313411713e-03,6.652240157127380371e-01
-1.346893757581710815e-01,-1.510121822357177734e-01,4.240689575672149658e-01,6.902318596839904785e-01,5.482159256935119629e-01,5.227372050285339355e-01,1.971871703863143921e-01,-5.005648136138916016e-01,4.111731350421905518e-01,-4.453882277011871338e-01,-7.377647757530212402e-01,-9.875320792198181152e-01,6.689761877059936523e-01,-6.798924803733825684e-01,5.686504244804382324e-01,-8.784179091453552246e-01,-6.584101319313049316e-01,-8.606249094009399414e-02,-1.158753484487533569e-01,-1.336193978786468506e-01,-7.808055877685546875e-01,5.602879822254180908e-02,-9.258680343627929688e-01,6.352950930595397949e-01,-4.582879841327667236e-01,-3.312245383858680725e-02,6.086031198501586914e-01,1.309473365545272827e-01,3.891721367835998535e-02,8.730669617652893066e-01
3.364038467407226562e-01,-4.545144736766815186e-01,6.940370798110961914e-02,-7.439459562301635742e-01,4.474338293075561523e-01,2.406531125307083130e-01,1.925290226936340332e-01,4.424103796482086182e-01,6.188737154006958008e-01,-4.171995520591735840e-01,-6.924458742141723633e-01,2.449621856212615967e-01,9.362443685531616211e-01,7.124522328376770020e-02,7.548414468765258789e-01,-9.115624427795410156e-01,1.530473679304122925e-01,-4.395835474133491516e-02,1.908690184354782104e-01,9.483230710029602051e-01,9.330040216445922852e-01,-4.695176780223846436e-01,-7.821024060249328613e-01,-7.052187323570251465e-01,-3.039676547050476074e-01,7.216180562973022461e-01,-9.372514486312866211e-01,6.059163436293601990e-02,6.573846340179443359e-01,5.093754529953002930e-01
-4.491091370582580566e-01,-5.143753290176391602e-01,5.711057782173156738e-01,9.721177816390991211e-01,8.455981612205505371e-01,-8.851296901702880859e-01,-7.291852235794067383e-01,6.028224825859069824e-01,5.235330462455749512e-01,1.064846888184547424e-01,-7.382176518440246582e-01,8.524053096771240234e-01,7.465217709541320801e-01,-8.625882863998413086e-02,5.857143402099609375e-01,-8.507332950830459595e-02,-7.018290758132934570e-01,-7.756971567869186401e-02,-2.165665477514266968e-01,5.395630002021789551e-01,-1.649985611438751221e-01,3.572590351104736328e-01,3.366411030292510986e-01,3.962894678115844727e-01,6.470150351524353027e-01,2.455650418996810913e-01,-9.223524928092956543e-01,-5.649296045303344727e-01,-3.961099982261657715e-01,6.950843334197998047e-02
9.019988775253295898e-01,-6.923971697688102722e-03,-7.271151989698410034e-02,-3.704161942005157471e-01,-1.081922799348831177e-01,-6.303226947784423828e-01,8.576706051826477051e-03,-3.578941226005554199e-01,-5.307130813598632812e-01,-6.177598237991333008e-02,2.031388729810714722e-01,8.089476823806762695e-01,-8.658798933029174805e-01,5.703679323196411133e-01,2.395439296960830688e-01,6.207822561264038086e-01,9.354469776153564453e-01,5.409390330314636230e-01,7.706546783447265625e-01,5.143162608146667480e-01,5.018957257270812988e-01,5.874201655387878418e-02,-5.420382022857666016e-01,-2.592179924249649048e-02,1.994152218103408813e-01,1.247345507144927979e-01,-4.136274755001068115e-01,1.081278175115585327e-01,7.692158222198486328e-01,-3.710571825504302979e-01
3.320411965250968933e-02,-5.779870152473449707e-01,-1.139612421393394470e-01,4.849455058574676514e-01,9.196783304214477539e-01,1.906167864799499512e-01,-8.265730142593383789e-01,4.025588333606719971e-01,-6.206252574920654297e-01,2.881963551044464111e-01,9.755352139472961426e-01,1.227875724434852600e-01,3.546746075153350830e-01,-9.389874339103698730e-01,1.496908664703369141e-01,-6.902627348899841309e-01,1.043429300189018250e-01,-6.699841022491455078e-01,-7.315211296081542969e-01,-8.315342068672180176e-01,7.286853194236755371e-01,4.200238287448883057e-01,1.171376258134841919e-01,9.059842824935913086e-01,1.631841063499450684e-01,7.845082879066467285e-01,2.083420455455780029e-01,-4.082114994525909424e-01,-4.964134991168975830e-01,-3.455003499984741211e-01
-1.921104192733764648e-01,-2.986147105693817139e-01,9.561647176742553711e-01,-1.745958477258682251e-01,4.208641946315765381e-01,-3.527842760086059570e-01,-1.901650875806808472e-01,9.423304796218872070e-01,-8.738002181053161621e-01,-7.153882980346679688e-01,-3.807138502597808838e-01,-6.283918023109436035e-01,-7.500451207160949707e-01,1.886525005102157593e-02,-2.022365778684616089e-01,5.696195363998413086e-01,-9.491510987281799316e-01,7.872272133827209473e-01,-1.684966832399368286e-01,-8.690441846847534180e-01,8.408384919166564941e-01,-4.978300258517265320e-02,-1.044909469783306122e-02,5.606922507286071777e-01,5.800403654575347900e-02,-3.311503678560256958e-02,-6.773681640625000000e-01,-3.545970916748046875e-01,7.577992677688598633e-01,-2.206973433494567871e-01
-5.969463586807250977e-01,7.488275170326232910e-01,-1.233796924352645874e-01,4.702179729938507080e-01,1.990337669849395752e-01,1.080005317926406860e-01,5.707882046699523926e-01,-3.005352020263671875e-01,2.879929244518280029e-01,3.515172898769378662e-01,-7.279568910598754883e-01,-1.619192212820053101e-01,8.923492431640625000e-01,-5.900632739067077637e-01,-3.584907948970794678e-01,2.824027836322784424e-01,6.188871860504150391e-01,-3.962163329124450684e-01,-2.256680652499198914e-02,3.751080334186553955e-01,-9.904112815856933594e-01,-2.933730185031890869e-01,-8.891279101371765137e-01,-1.416872292757034302e-01,9.669978618621826172e-01,-7.911279201507568359e-01,6.722175478935241699e-01,8.234850764274597168e-01,-3.569978177547454834e-01,-3.864772021770477295e-01
3.672212660312652588e-01,-1.668009608983993530e-01,2.642052173614501953e-01,-5.008801445364952087e-02,7.256914377212524414e-01,6.150203347206115723e-01,2.913695573806762695e-01,4.551575481891632080e-01,-9.241721034049987793e-01,-2.583634853363037109e-01,3.608871400356292725e-01,-1.463621109724044800e-01,6.045115590095520020e-01,-7.832479476928710938e-01,5.927100777626037598e-01,1.524206995964050293e-01,7.665997743606567383e-02,-4.779870212078094482e-01,4.408237934112548828e-01,-5.315644741058349609e-01,-7.346910238265991211e-01,-7.198397517204284668e-01,-7.125221937894821167e-02,9.278274178504943848e-01,5.642959475517272949e-02,5.192607045173645020e-01,1.400728374719619751e-01,7.665635347366333008e-01,-1.487473696470260620e-01,-7.602943181991577148e-01
-1.822902709245681763e-01,4.361652210354804993e-02,7.288253307342529297e-01,-4.303445816040039062e-01,1.780845373868942261e-01,9.182130917906761169e-03,2.183983325958251953e-01,7.076501250267028809e-01,6.626234650611877441e-01,-1.400408893823623657e-01,-3.810948729515075684e-01,-6.589092612266540527e-01,-1.229233890771865845e-01,2.666772902011871338e-01,-4.477718770503997803e-01,-1.002631857991218567e-01,6.669055223464965820e-01,8.258670568466186523e-01,-5.978689789772033691e-01,5.844419002532958984e-01,-7.227770090103149414e-01,-5.072991251945495605e-01,1.053581535816192627e-01,-8.415464162826538086e-01,-1.622660085558891296e-02,-2.313730865716934204e-01,7.151347398757934570e-01,3.720221221446990967e-01,7.844526171684265137e-01,-3.961101472377777100e-01
-8.251461386680603027e-01,2.703613042831420898e-01,-4.064888358116149902e-01,-1.380714774131774902e-01,-3.217155337333679199e-01,-4.161836206912994385e-01,-2.133682072162628174e-01,-6.070615053176879883e-01,8.971360921859741211e-01,7.215245962142944336e-01,-6.639827489852905273e-01,6.499937176704406738e-01,-2.918813824653625488e-01,5.375651121139526367e-01,-6.973278522491455078e-01,6.273956298828125000e-01,-5.463368296623229980e-01,7.644482851028442383e-01,-9.372327923774719238e-01,-1.924834847450256348e-01,9.752817153930664062e-01,-5.639546513557434082e-01,-1.147087886929512024e-01,5.191547423601150513e-02,-2.300532311201095581e-01,-1.676639169454574585e-01,-2.655297517776489258e-02,-3.073930442333221436e-01,-4.354417026042938232e-01,2.528297603130340576e-01
6.890799403190612793e-01,9.949399828910827637e-01,-6.376281380653381348e-01,9.250819087028503418e-01,-1.961750984191894531e-01,-3.160428255796432495e-02,5.250471830368041992e-01,-7.955490350723266602e-01,-5.934302210807800293e-01,-9.870223402976989746e-01,-3.416975960135459900e-02,-9.739214181900024414e-01,6.864653900265693665e-03,4.560598134994506836e-01,7.807528376579284668e-01,3.227910697460174561e-01,-3.819295763969421387e-01,7.471845746040344238e-01,-7.141879796981811523e-01,-5.248524546623229980e-01,-5.583789348602294922e-01,-1.259216666221618652e-01,-6.532347798347473145e-01,-2.327382564544677734e-01,-4.989090263843536377e-01,-9.089610576629638672e-01,2.362234145402908325e-01,-5.177076458930969238e-01,-5.185909867286682129e-01,-5.506819486618041992e-01
-5.888012051582336426e-01,5.492497682571411133e-01,5.033834576606750488e-01,6.929157972335815430e-01,9.282373189926147461e-01,-5.777671933174133301e-01,-3.706991076469421387e-01,7.682785987854003906e-01,1.713232249021530151e-01,-6.908165216445922852e-01,-5.687915682792663574e-01,9.005826711654663086e-01,-3.583996295928955078e-01,-1.039522141218185425e-01,4.122789204120635986e-01,6.303273141384124756e-02,3.015051484107971191e-01,-4.123641252517700195e-01,5.531357526779174805e-01,-1.597377210855484009e-01,-4.077593982219696045e-02,-9.915894269943237305e-01,-6.850097775459289551e-01,6.436483263969421387e-01,7.893599104136228561e-04,2.878979742527008057e-01,7.416020035743713379e-01,-6.446235775947570801e-01,7.335316538810729980e-01,-7.674731016159057617e-01
-3.726089298725128174e-01,6.521441936492919922e-01,-1.362919956445693970e-01,-2.571508288383483887e-01,-6.872091293334960938e-01,7.156693935394287109e-01,3.650611937046051025e-01,8.599674105644226074e-01,8.599324822425842285e-01,5.089294910430908203e-01,6.794782280921936035e-01,8.040872216224670410e-01,9.201277494430541992e-01,-9.805611371994018555e-01,1.858379542827606201e-01,-3.971140384674072266e-01,3.951160013675689697e-01,6.475174427032470703e-01,-6.627387404441833496e-01,4.092418774962425232e-02,7.439911961555480957e-01,3.218724429607391357e-01,1.527585387229919434e-01,-1.721408590674400330e-02,-2.793230414390563965e-01,7.693344950675964355e-01,-6.907575726509094238e-01,-9.136164784431457520e-01,8.230471611022949219e-01,7.826541066169738770e-01
2.903649806976318359e-01,6.287444233894348145e-01,-6.766722798347473145e-01,4.516304656863212585e-02,1.650463938713073730e-01,4.210197627544403076e-01,7.579849362373352051e-01,-7.630984783172607422e-01,5.642664432525634766e-02,-6.710549592971801758e-01,-3.101551234722137451e-01,-3.259393572807312012e-01,-9.485387206077575684e-01,-8.251596689224243164e-01,-4.368428885936737061e-01,6.115275025367736816e-01,-8.045958727598190308e-02,-4.867183268070220947e-01,6.815253496170043945e-01,-9.068193435668945312e-01,-7.111458778381347656e-01,-9.985283017158508301e-01,-7.684962153434753418e-01,4.750336110591888428e-01,-6.363195925951004028e-02,6.738957166671752930e-01,-4.588196575641632080e-01,-5.121276378631591797e-01,3.315366208553314209e-01,-4.577498435974121094e-01
-5.249364972114562988e-01,-1.047142148017883301e-01,-1.016616895794868469e-01,-5.140509605407714844e-01,7.091163992881774902e-01,9.488849639892578125e-01,-1.500602811574935913e-01,5.231911540031433105e-01,-5.915716886520385742e-01,-7.751900553703308105e-01,-2.676532566547393799e-01,7.691819071769714355e-01,-3.361339271068572998e-01,7.571269869804382324e-01,-2.887541949748992920e-01,-5.556058883666992188e-01,3.741727471351623535e-01,7.564786672592163086e-01,3.765619173645973206e-02,-4.159732162952423096e-01,-5.288999676704406738e-01,-4.125368595123291016e-02,6.073547601699829102e-01,5.876919031143188477e-01,-8.638806343078613281e-01,5.844631791114807129e-01,6.418520808219909668e-01,6.068173646926879883e-01,-9.334791302680969238e-01,7.797911763191223145e-01
4.021107405424118042e-02,9.824766516685485840e-01,-8.939075469970703125e-01,-7.418684363365173340e-01,-5.551898479461669922e-01,3.164717229083180428e-03,2.882265150547027588e-01,-7.938406467437744141e-01,-1.011359095573425293e+00,5.188885927200317383e-01,-8.824603632092475891e-03,-2.644111402332782745e-02,9.726660251617431641e-01,-9.263083338737487793e-01,-8.467817306518554688e-01,6.713219881057739258e-01,-7.253318428993225098e-01,-1.283957660198211670e-01,-8.305525183677673340e-01,-7.478027343750000000e-01,4.015619680285453796e-02,-2.163757681846618652e-01,2.347930669784545898e-01,1.019678860902786255e-01,-9.629650115966796875e-01,8.341761827468872070e-01,1.728840470314025879e-01,-3.629415035247802734e-01,-2.284120768308639526e-01,3.304748833179473877e-01
9.164948463439941406e-01,-7.642579078674316406e-01,4.710793197154998779e-01,1.918226331472396851e-01,6.150701642036437988e-01,3.784089982509613037e-01,7.483531832695007324e-01,4.496764540672302246e-01,-7.175154089927673340e-01,-2.843764424324035645e-01,4.391566291451454163e-02,-4.315246939659118652e-01,-2.448395043611526489e-01,7.423359155654907227e-01,5.198780298233032227e-01,-8.086892962455749512e-02,-9.667381048202514648e-01,-8.545299172401428223e-01,1.737593859434127808e-01,-5.013501644134521484e-01,5.512652397155761719e-01,-5.966554284095764160e-01,-6.523768901824951172e-01,-1.412916630506515503e-01,-9.316339492797851562e-01,-1.102388948202133179e-01,5.249109268188476562e-01,-9.037566781044006348e-01,3.311609327793121338e-01,-8.631249666213989258e-01
-9.238731861114501953e-01,-7.868869900703430176e-01,4.046552777290344238e-01,-7.087495177984237671e-02,-4.934459626674652100e-01,-6.386130116879940033e-04,-8.223992586135864258e-01,2.849866449832916260e-01,-2.487025260925292969e-01,3.969868719577789307e-01,1.762841194868087769e-01,-4.463158920407295227e-02,-4.792438745498657227e-01,-6.304951906204223633e-01,-5.403489470481872559e-01,-4.346949458122253418e-01,4.419980347156524658e-01,-5.916304588317871094e-01,4.028719384223222733e-03,-9.846002459526062012e-01,-5.800399184226989746e-02,4.793691635131835938e-01,1.517826914787292480e-01,5.016510486602783203e-01,-5.112841725349426270e-01,8.801850080490112305e-01,-8.987038135528564453e-01,-1.119699925184249878e-01,2.488853186368942261e-01,-4.803432226181030273e-01
-7.387549281120300293e-01,-2.362546920776367188e-01,2.198513150215148926e-01,9.158611893653869629e-01,-7.438896894454956055e-01,2.502993047237396240e-01,4.289335757493972778e-02,9.742493033409118652e-01,-4.406241476535797119e-01,1.665025055408477783e-01,-8.643197417259216309e-01,7.636340260505676270e-01,3.562783002853393555e-01,6.614778935909271240e-02,-6.942470669746398926e-01,-5.644569993019104004e-01,-5.715138912200927734e-01,-1.927234381437301636e-01,8.587508201599121094e-01,-8.844140768051147461e-01,6.843822598457336426e-01,-7.826454639434814453e-01,-8.644077777862548828e-01,3.234081864356994629e-01,7.539129853248596191e-01,-3.523609638214111328e-01,-8.489359021186828613e-01,-4.258227720856666565e-02,-3.111172318458557129e-01,3.916103243827819824e-01
-9.624212384223937988e-01,8.292810320854187012e-01,-2.050359547138214111e-01,2.138150483369827271e-01,4.272403940558433533e-02,9.612997770309448242e-01,8.052532672882080078e-01,6.474650502204895020e-01,3.291213810443878174e-01,-7.542773485183715820e-01,-6.222319006919860840e-01,8.379682153463363647e-02,-2.362670004367828369e-01,4.863781929016113281e-01,-6.562734842300415039e-01,-9.051835536956787109e-01,-7.745633125305175781e-01,-8.640098571777343750e-01,8.931837081909179688e-01,9.056596755981445312e-01,3.701325953006744385e-01,-9.817740917205810547e-01,9.525735378265380859e-01,6.677156090736389160e-01,-1.709356009960174561e-01,5.518171191215515137e-01,-9.125513434410095215e-01,2.810805141925811768e-01,9.820901751518249512e-01,-3.102260529994964600e-01
8.849070668220520020e-01,8.524851202964782715e-01,-5.647045373916625977e-01,-5.029042959213256836e-01,6.313058733940124512e-01,-3.122090101242065430e-01,-7.443618178367614746e-01,-7.526068687438964844e-01,4.132740497589111328e-01,-9.673161506652832031e-01,1.798291504383087158e-01,3.237970471382141113e-01,5.616201758384704590e-01,-2.822395041584968567e-02,-3.279090225696563721e-01,4.780755043029785156e-01,-2.920236885547637939e-01,9.477044343948364258e-01,6.194595694541931152e-01,1.946408152580261230e-01,6.988159418106079102e-01,-4.522085785865783691e-01,6.342681050300598145e-01,-7.281389236450195312e-01,-3.180681169033050537e-01,5.573558211326599121e-01,8.598389625549316406e-01,6.624169349670410156e-01,2.528379559516906738e-01,8.620157241821289062e-01
-5.141960978507995605e-01,-1.605484485626220703e-01,9.012274146080017090e-01,5.590885281562805176e-01,7.048217207193374634e-02,-4.444667994976043701e-01,-7.058522701263427734e-01,-6.383004784584045410e-01,-5.616285651922225952e-02,-5.172907114028930664e-01,-5.387669801712036133e-01,-2.241307049989700317e-01,-5.350049734115600586e-01,-9.457039833068847656e-01,2.677646465599536896e-02,3.524158298969268799e-01,8.447483777999877930e-01,6.811029314994812012e-01,2.193927019834518433e-01,6.511985063552856445e-01,-7.252448797225952148e-01,-7.350166440010070801e-01,-3.106008470058441162e-01,9.299408793449401855e-01,-6.303519606590270996e-01,8.178704380989074707e-01,-7.442540526390075684e-01,-3.108841367065906525e-03,-3.333679139614105225e-01,3.485612571239471436e-01
5.051451921463012695e-01,-8.743895888328552246e-01,9.377304911613464355e-01,9.394163489341735840e-01,5.783802270889282227e-01,-4.024440646171569824e-01,-8.255276083946228027e-02,-1.142679154872894287e-01,-3.092454373836517334e-01,-3.488784432411193848e-01,-1.204399615526199341e-01,-7.357456088066101074e-01,-7.731230258941650391e-01,-4.462689757347106934e-01,-4.446354806423187256e-01,-4.645122885704040527e-01,1.092810556292533875e-02,2.009555697441101074e-01,-7.751415669918060303e-02,3.170514106750488281e-01,-5.933984741568565369e-02,-1.294932663440704346e-01,6.441618800163269043e-01,3.056537508964538574e-01,6.822241544723510742e-01,8.434613347053527832e-01,-3.337557017803192139e-01,5.614707469940185547e-01,5.903277993202209473e-01,1.797076910734176636e-01
5.842726230621337891e-01,5.302674770355224609e-01,-4.860121309757232666e-01,-4.455165266990661621e-01,1.664140373468399048e-01,-6.126702427864074707e-01,-5.351763963699340820e-02,-7.750800251960754395e-01,8.784617781639099121e-01,-8.771598339080810547e-01,7.517392188310623169e-02,-9.573563337326049805e-01,-1.557450443506240845e-01,-9.827152490615844727e-01,-4.330691099166870117e-01,-5.907819271087646484e-01,-1.586139947175979614e-01,9.632684290409088135e-02,4.127851724624633789e-01,-9.890376329421997070e-01,-9.441283345222473145e-01,5.359340831637382507e-02,5.653679966926574707e-01,5.643493533134460449e-01,8.619337081909179688e-01,6.919548511505126953e-01,8.136396408081054688e-01,5.551666617393493652e-01,-6.526638269424438477e-01,-9.178086519241333008e-01
-2.387439161539077759e-01,-5.255918502807617188e-01,5.835729241371154785e-01,2.038084864616394043e-01,-6.599013209342956543e-01,6.839762926101684570e-01,-4.433979392051696777e-01,1.092411205172538757e-01,-5.124970674514770508e-01,-1.294522732496261597e-01,-8.542295098304748535e-01,-1.685750670731067657e-02,-2.342106848955154419e-01,7.430110573768615723e-01,-3.779163956642150879e-01,-4.510901868343353271e-01,7.888864874839782715e-01,-5.759505629539489746e-01,-9.447686374187469482e-02,-5.262549519538879395e-01,6.991294026374816895e-01,4.905351400375366211e-01,-1.406806856393814087e-01,-1.590263992547988892e-01,3.887113183736801147e-02,3.865765035152435303e-01,-9.488295316696166992e-01,-4.278145432472229004e-01,9.174115061759948730e-01,-7.129646837711334229e-02
-4.648976624011993408e-01,8.232402205467224121e-01,2.758435904979705811e-01,-2.585783004760742188e-01,-1.846875697374343872e-01,-5.071581602096557617e-01,1.545525789260864258e-01,6.275982856750488281e-01,4.315919876098632812e-01,-3.949016928672790527e-01,-1.463855057954788208e-01,-2.004480063915252686e-01,-7.179522514343261719e-01,6.420712471008300781e-01,8.920423388481140137e-01,-4.155633747577667236e-01,-3.310712426900863647e-02,6.823831796646118164e-01,8.829275369644165039e-01,-7.749266028404235840e-01,-5.731202363967895508e-01,8.616038560867309570e-01,4.882769584655761719e-01,3.782799234613776207e-03,-4.650048613548278809e-01,1.589628905057907104e-01,-7.897176742553710938e-01,-6.070127487182617188e-01,5.268771648406982422e-01,-3.411991894245147705e-01
-8.637125492095947266e-01,-7.719056010246276855e-01,9.187577962875366211e-01,1.845278590917587280e-01,-1.013324856758117676e-01,-5.147670507431030273e-01,-7.013800144195556641e-01,-9.299747347831726074e-01,-4.718529582023620605e-01,9.216693639755249023e-01,-3.351776003837585449e-01,6.990601420402526855e-01,7.378263473510742188e-01,-5.149533152580261230e-01,-9.713692218065261841e-02,3.787114620208740234e-01,9.065576195716857910e-01,-2.240394949913024902e-01,1.735290288925170898e-01,7.520269155502319336e-01,6.508740186691284180e-01,9.984254837036132812e-01,1.202431023120880127e-01,-7.230559587478637695e-01,4.979695975780487061e-01,-1.015490815043449402e-01,-8.567255735397338867e-02,-4.601265788078308105e-01,2.610831558704376221e-01,4.861733019351959229e-01
-7.336632013320922852e-01,-7.161129117012023926e-01,-1.465126276016235352e-01,7.371957898139953613e-01,-8.394089341163635254e-02,6.999215483665466309e-01,-8.206132650375366211e-01,-2.965823709964752197e-01,9.646543115377426147e-02,2.804966568946838379e-01,-1.744262725114822388e-01,8.269443511962890625e-01,-5.221446156501770020e-01,1.766834408044815063e-02,-9.089155793190002441e-01,-5.050580501556396484e-01,-3.126995265483856201e-01,7.827404141426086426e-01,4.074656963348388672e-01,2.828550934791564941e-01,6.042250394821166992e-01,-5.381686091423034668e-01,-9.566954970359802246e-01,3.365164250135421753e-02,2.234261333942413330e-01,2.606985270977020264e-01,1.523972153663635254e-01,2.172398567199707031e-01,2.519770860671997070e-01,-1.704595051705837250e-02
1.342807561159133911e-01,-5.208134651184082031e-01,1.223057657480239868e-01,-6.874169111251831055e-01,-3.414217233657836914e-01,-8.009120821952819824e-01,8.416017293930053711e-01,-1.049933135509490967e-01,9.538812637329101562e-01,-6.384296417236328125e-01,6.533243060111999512e-01,6.555446386337280273e-01,5.578158497810363770e-01,-4.713622331619262695e-01,-5.718438625335693359e-01,4.094269126653671265e-02,-8.348815441131591797e-01,7.220698595046997070e-01,2.405026555061340332e-01,7.180595993995666504e-01,2.633931338787078857e-01,6.687232851982116699e-01,5.822816863656044006e-02,4.898833632469177246e-01,2.122339755296707153e-01,5.309475064277648926e-01,-9.820581078529357910e-01,-3.259149789810180664e-01,9.315573573112487793e-01,-7.629596590995788574e-01
5.278011783957481384e-02,2.040864974260330200e-01,5.807017087936401367e-01,4.650055989623069763e-02,-7.964774370193481445e-01,-6.181396245956420898e-01,2.066525667905807495e-01,-9.612529277801513672e-01,2.632257938385009766e-01,4.877536296844482422e-01,-8.355998992919921875e-02,-2.343382537364959717e-01,1.398137211799621582e-01,7.966791987419128418e-01,-4.900158345699310303e-01,6.907961964607238770e-01,-9.357251524925231934e-01,-3.591687381267547607e-01,8.770407438278198242e-01,-6.064476966857910156e-01,-9.862662553787231445e-01,-5.033750534057617188e-01,4.983108043670654297e-01,4.134415090084075928e-01,6.170832514762878418e-01,-9.581733345985412598e-01,5.020771622657775879e-01,2.220136076211929321e-01,-8.907838463783264160e-01,-9.457965493202209473e-01
8.564104437828063965e-01,-9.122115969657897949e-01,-3.294207900762557983e-02,7.595486193895339966e-02,-5.252540111541748047e-01,-2.882785499095916748e-01,6.309849619865417480e-01,-1.225610971450805664e-01,-4.847558736801147461e-01,4.280747473239898682e-01,9.352675080299377441e-01,4.720842838287353516e-02,-4.632986783981323242e-01,-6.106496453285217285e-01,-4.864022433757781982e-01,2.296892404556274414e-01,-4.261493086814880371e-01,5.216023921966552734e-01,6.800250411033630371e-01,5.404715538024902344e-01,8.873680233955383301e-01,-9.817521572113037109e-01,-4.671230912208557129e-01,2.617131769657135010e-01,2.948890924453735352e-01,-5.344276428222656250e-01,-2.987132370471954346e-01,1.826959475874900818e-02,7.302253842353820801e-01,3.158226013183593750e-01
5.629341006278991699e-01,-8.723374009132385254e-01,6.787771582603454590e-01,4.880468845367431641e-01,-5.744423866271972656e-01,-1.989792287349700928e-01,2.808482944965362549e-01,-4.197044968605041504e-01,-1.918736398220062256e-01,8.423701524734497070e-01,8.581250905990600586e-01,-9.592715650796890259e-02,7.233451604843139648e-01,-9.166358113288879395e-01,2.045301496982574463e-01,-1.491507291793823242e-01,2.684653401374816895e-01,5.150011181831359863e-01,3.988578617572784424e-01,-1.661403775215148926e-01,-1.375277936458587646e-01,4.326687157154083252e-01,1.293221712112426758e-01,9.873861670494079590e-01,-5.145672559738159180e-01,3.951455056667327881e-01,3.091117441654205322e-01,5.060839653015136719e-01,1.553394049406051636e-01,-5.432477593421936035e-01
-3.283494412899017334e-01,7.122678160667419434e-01,-6.008514165878295898e-01,2.898936867713928223e-01,-4.252978265285491943e-01,6.602757610380649567e-03,8.841291666030883789e-01,-2.391516417264938354e-01,-3.515544533729553223e-01,-8.379190564155578613e-01,-3.215866386890411377e-01,7.091354131698608398e-01,7.203487753868103027e-01,-2.932685911655426025e-01,4.156916439533233643e-01,7.936158776283264160e-01,8.450042009353637695e-01,1.203236654400825500e-01,9.955784082412719727e-01,-4.377141296863555908e-01,-1.814448647201061249e-02,7.855859398841857910e-01,7.546206116676330566e-01,-1.048496663570404053e-01,-2.571345269680023193e-01,-3.086356818675994873e-02,8.720125555992126465e-01,4.754651188850402832e-01,8.198943138122558594e-01,1.456412486732006073e-03
4.167656004428863525e-01,7.406800389289855957e-01,-1.662674993276596069e-01,-2.852353751659393311e-01,5.306555628776550293e-01,-3.162911236286163330e-01,6.015766263008117676e-01,-7.635979056358337402e-01,8.126319050788879395e-01,1.776431351900100708e-01,3.391126096248626709e-01,-4.272536560893058777e-02,7.210013270378112793e-01,-4.524226486682891846e-01,-8.016516566276550293e-01,-1.664058119058609009e-01,-7.446780800819396973e-02,-9.810425043106079102e-01,3.897145092487335205e-01,4.606813490390777588e-01,6.731623411178588867e-01,6.015093997120857239e-02,9.281827807426452637e-01,-1.177267283201217651e-01,-8.541296720504760742e-01,-9.120055437088012695e-01,1.456897705793380737e-01,-3.177559673786163330e-01,6.392025351524353027e-01,-4.499799311161041260e-01
-7.995494008064270020e-01,-6.304420232772827148e-01,8.897447586059570312e-01,-7.019172906875610352e-01,5.409755706787109375e-01,1.572656333446502686e-01,5.707564949989318848e-01,5.791073441505432129e-01,5.903086066246032715e-01,3.044415116310119629e-01,4.733039140701293945e-01,-4.048006236553192139e-01,-1.070938073098659515e-02,7.182490080595016479e-02,2.681768238544464111e-01,6.110180020332336426e-01,1.102426052093505859e-01,-2.676081061363220215e-01,-8.861115574836730957e-01,-2.107010334730148315e-01,-1.426184922456741333e-01,9.970933794975280762e-01,8.367123603820800781e-01,9.801167845726013184e-01,-6.104068160057067871e-01,-6.911611557006835938e-01,-1.466619968414306641e-01,3.673569858074188232e-01,-7.840044498443603516e-01,8.443941920995712280e-02
-1.310346722602844238e-01,-1.101083680987358093e-01,-7.907783985137939453e-01,4.429476857185363770e-01,-4.570878744125366211e-01,8.234181404113769531e-01,7.276632785797119141e-01,-9.231220483779907227e-01,-6.844918727874755859e-01,-8.785941004753112793e-01,-7.956873178482055664e-01,-7.082661390304565430e-01,2.660601735115051270e-01,2.417209446430206299e-01,-4.917201697826385498e-01,8.198782801628112793e-01,9.790884852409362793e-01,-7.500456571578979492e-01,-7.966982573270797729e-02,-1.769863069057464600e-01,1.075118184089660645e-01,7.635810375213623047e-01,2.566845715045928955e-01,-1.108847409486770630e-01,-1.494413055479526520e-02,8.985506892204284668e-01,8.364112973213195801e-01,2.714370489120483398e-01,4.832487106323242188e-01,1.762309670448303223e-02
-6.308607757091522217e-02,-1.509840786457061768e-01,5.596041679382324219e-01,7.037366032600402832e-01,2.579427659511566162e-01,8.107770085334777832e-01,7.744281291961669922e-01,-2.085909247398376465e-01,4.200296401977539062e-01,8.597064614295959473e-01,4.992439150810241699e-01,-9.502934813499450684e-01,9.835113286972045898e-01,-9.979799389839172363e-01,-3.309490904211997986e-02,-6.418092250823974609e-01,4.551814794540405273e-01,-1.300934255123138428e-01,4.057587087154388428e-01,6.543264389038085938e-01,8.007506728172302246e-01,4.515763223171234131e-01,-3.439943864941596985e-02,2.788045108318328857e-01,-8.714202046394348145e-02,-9.485364556312561035e-01,-9.863003492355346680e-01,2.226807177066802979e-01,7.494481801986694336e-01,9.373567700386047363e-01
-7.419255971908569336e-01,-5.677917599678039551e-01,-7.743142247200012207e-01,-6.829802393913269043e-01,1.694384962320327759e-01,-5.865482687950134277e-01,-4.770280048251152039e-02,-4.126670658588409424e-01,-7.336481809616088867e-01,-1.925692260265350342e-01,-8.295345306396484375e-01,-2.402939945459365845e-01,-9.730435013771057129e-01,-3.290515244007110596e-01,3.866391777992248535e-01,-8.813338279724121094e-01,-7.947200909256935120e-03,7.538857460021972656e-01,2.369713783264160156e-02,-5.292702913284301758e-01,-3.576707839965820312e-01,9.159136414527893066e-01,-2.634802460670471191e-01,8.913937211036682129e-01,1.397843211889266968e-01,5.076385736465454102e-01,-3.465854227542877197e-01,6.334102153778076172e-01,4.606701135635375977e-01,8.123283088207244873e-02
2.704531848430633545e-01,3.479188978672027588e-01,1.750715374946594238e-01,-7.339806556701660156e-01,5.098245665431022644e-02,-2.768385410308837891e-01,9.563504904508590698e-02,-2.158510684967041016e-01,6.849737837910652161e-04,-5.032410100102424622e-02,-5.142346620559692383e-01,3.297328650951385498e-01,7.579002976417541504e-01,-7.446517944335937500e-01,-9.001847356557846069e-02,2.908892929553985596e-01,-3.201810121536254883e-01,-1.940610557794570923e-01,8.598461747169494629e-01,5.558256804943084717e-02,-1.900659352540969849e-01,-6.651602387428283691e-01,-1.336883101612329483e-02,-9.421111345291137695e-01,4.728554785251617432e-01,4.539072513580322266e-01,9.479095339775085449e-01,6.838265657424926758e-01,7.916824221611022949e-01,-3.166071474552154541e-01
-7.689589858055114746e-01,9.260782599449157715e-01,1.917946934700012207e-01,-6.068177819252014160e-01,5.094549059867858887e-01,8.503369987010955811e-02,1.829825639724731445e-01,2.257550805807113647e-01,2.187208272516727448e-02,-9.304659366607666016e-01,7.566584348678588867e-01,7.521685957908630371e-01,-3.479804694652557373e-01,9.635680317878723145e-01,7.910425961017608643e-02,4.634619951248168945e-01,-6.369756460189819336e-01,-6.578552722930908203e-01,-2.261002659797668457e-01,8.082748055458068848e-01,5.028645992279052734e-01,-4.523613303899765015e-02,-9.534770846366882324e-01,8.411273956298828125e-01,3.532726764678955078e-01,7.258067727088928223e-01,-3.245501220226287842e-01,-4.626350104808807373e-01,-3.443505764007568359e-01,-7.239684462547302246e-01
-7.643443346023559570e-01,-5.519532561302185059e-01,-5.253462791442871094e-01,-7.576897144317626953e-01,2.628369033336639404e-01,-6.547104120254516602e-01,1.130757201462984085e-02,9.397784471511840820e-01,-9.906437993049621582e-01,-2.367787435650825500e-02,6.156210303306579590e-01,-1.911208331584930420e-01,9.448605775833129883e-01,-6.014602184295654297e-01,6.504539847373962402e-01,-1.159986481070518494e-01,-5.573592782020568848e-01,3.862190544605255127e-01,7.635558247566223145e-01,8.901177346706390381e-02,-2.263061851263046265e-01,-4.353081881999969482e-01,5.141586065292358398e-03,9.201329946517944336e-01,-3.819139003753662109e-01,5.901306867599487305e-01,1.138780713081359863e-01,6.662043333053588867e-01,-4.042208790779113770e-01,-4.227092564105987549e-01
-6.720925569534301758e-01,1.369308531284332275e-01,7.743782997131347656e-01,5.489889979362487793e-01,-9.024301767349243164e-01,4.593282341957092285e-01,9.155468344688415527e-01,5.408934950828552246e-01,-7.771231532096862793e-01,-9.684824347496032715e-01,8.019002676010131836e-01,-7.699016332626342773e-01,-1.031776145100593567e-01,-1.930041052401065826e-02,-3.953168988227844238e-01,-7.902602553367614746e-01,7.672863006591796875e-01,5.896782279014587402e-01,-5.712212920188903809e-01,-3.903757035732269287e-01,-1.552949100732803345e-02,9.205516576766967773e-01,-5.961796045303344727e-01,-1.412576138973236084e-01,9.246916174888610840e-01,-5.926871299743652344e-01,3.806749284267425537e-01,-7.543160766363143921e-02,2.221863418817520142e-01,-9.307238459587097168e-01
-6.257835030555725098e-01,6.879866123199462891e-01,-9.575427770614624023e-01,5.973879992961883545e-02,-3.310277462005615234e-01,9.270193576812744141e-01,-1.790892034769058228e-01,3.161309957504272461e-01,2.596157491207122803e-01,-2.865404486656188965e-01,1.214979663491249084e-01,8.090409636497497559e-01,7.041959166526794434e-01,-5.436710715293884277e-01,6.925117969512939453e-01,-7.635363340377807617e-01,7.255489472299814224e-03,-5.784983038902282715e-01,8.927340507507324219e-01,7.833071947097778320e-01,-5.323804616928100586e-01,3.765410184860229492e-01,7.648089528083801270e-01,4.337238371372222900e-01,4.272422194480895996e-01,-1.247945725917816162e-01,-8.000799417495727539e-01,-5.522714853286743164e-01,3.681003749370574951e-01,-7.020885944366455078e-01
-1.597311198711395264e-01,-6.441026926040649414e-01,9.243817329406738281e-01,6.669496297836303711e-01,-7.474123239517211914e-01,-9.088447690010070801e-01,-9.362996816635131836e-01,5.513753369450569153e-02,-2.315797954797744751e-01,-8.382778614759445190e-02,5.294358730316162109e-01,7.520024776458740234e-01,1.147163957357406616e-01,-4.653791487216949463e-01,-7.727770805358886719e-01,2.335591986775398254e-02,-4.108768999576568604e-01,4.092559516429901123e-01,-1.024792641401290894e-01,-6.945900321006774902e-01,-4.533146023750305176e-01,2.607925832271575928e-01,8.980217576026916504e-02,-2.105997204780578613e-01,7.421227097511291504e-01,-2.870136499404907227e-01,-5.326094627380371094e-01,6.842833757400512695e-01,3.281309008598327637e-01,-4.177311658859252930e-01
-6.830461621284484863e-01,6.229733824729919434e-01,-8.183940052986145020e-01,-1.836367994546890259e-01,3.831409215927124023e-01,6.613686680793762207e-01,3.924608826637268066e-01,-9.604919552803039551e-01,4.037428200244903564e-01,9.597998261451721191e-01,-7.976785898208618164e-01,1.419315934181213379e-01,8.252307176589965820e-01,-6.976531744003295898e-01,4.213831126689910889e-01,1.105306670069694519e-01,1.332285851240158081e-01,-6.358652561902999878e-02,-5.138247013092041016e-01,-6.389088034629821777e-01,-9.289021790027618408e-02,-8.750372529029846191e-01,-4.414747655391693115e-01,-7.973852753639221191e-01,1.585219055414199829e-01,4.645251333713531494e-01,-9.226397275924682617e-01,-5.764470100402832031e-01,-3.729736208915710449e-01,8.840290904045104980e-01
7.305176854133605957e-01,1.133421435952186584e-01,2.713492810726165771e-01,-3.965854048728942871e-01,9.436898231506347656e-01,7.956601381301879883e-01,-7.731515765190124512e-01,-7.972235083580017090e-01,-9.369093775749206543e-01,-8.889291882514953613e-01,-7.522627115249633789e-01,5.055206418037414551e-01,-4.377891719341278076e-01,-8.532528877258300781e-01,-1.593276411294937134e-01,-9.413979053497314453e-01,4.146278500556945801e-01,1.707752048969268799e-01,9.285199642181396484e-01,4.688662588596343994e-01,9.255098104476928711e-01,-1.507946103811264038e-01,9.625231474637985229e-02,-9.088242053985595703e-01,-1.360046863555908203e-01,7.929199337959289551e-01,3.186568915843963623e-01,-9.485011696815490723e-01,-6.089327335357666016e-01,-3.837298601865768433e-02
2.901997268199920654e-01,-9.029135107994079590e-01,-4.090904444456100464e-02,-8.029336929321289062e-01,5.354176163673400879e-01,-8.451624512672424316e-01,5.291990637779235840e-01,8.324991464614868164e-01,6.589908152818679810e-02,5.389168858528137207e-01,3.932057619094848633e-01,-4.232390522956848145e-01,-4.216697216033935547e-01,-9.288951158523559570e-01,5.544380545616149902e-01,-1.419343948364257812e-01,-3.052366673946380615e-01,-7.649576067924499512e-01,9.163886904716491699e-01,-3.066778779029846191e-01,-4.558549076318740845e-02,6.015407443046569824e-01,7.887975573539733887e-01,-2.834424078464508057e-01,1.948640346527099609e-01,-7.452855706214904785e-01,6.614553332328796387e-01,6.689443588256835938e-01,-5.884948000311851501e-02,3.964613080024719238e-01
-2.682439684867858887e-01,9.881302714347839355e-01,-3.499343395233154297e-01,-2.735955119132995605e-01,9.245581030845642090e-01,8.435518741607666016e-01,2.904350757598876953e-01,4.838553369045257568e-01,9.358518123626708984e-01,2.959783077239990234e-01,2.971643209457397461e-01,-2.255458831787109375e-01,-6.992846131324768066e-01,-1.623333394527435303e-01,6.664612293243408203e-01,6.601028442382812500e-01,-7.094917297363281250e-01,-7.147490978240966797e-01,-2.452718913555145264e-01,9.948096871376037598e-01,-1.768813431262969971e-01,-6.809219121932983398e-01,3.787568956613540649e-02,8.125762939453125000e-01,6.092577576637268066e-01,-7.174937725067138672e-01,-3.104107081890106201e-01,4.576528072357177734e-01,-9.657664299011230469e-01,-7.629971504211425781e-01
2.986713349819183350e-01,9.559698104858398438e-01,-5.947729945182800293e-01,-3.243136107921600342e-01,2.805191092193126678e-02,-2.311305105686187744e-01,3.055923283100128174e-01,-9.450585246086120605e-01,-8.716561198234558105e-01,-5.890149474143981934e-01,6.556198000907897949e-02,-6.618067026138305664e-01,8.774955868721008301e-01,-7.855247259140014648e-01,1.072900593280792236e-01,-7.249110937118530273e-01,-9.012011289596557617e-01,-5.754413604736328125e-01,-9.346346259117126465e-01,-9.548242092132568359e-01,1.410820037126541138e-01,6.230973601341247559e-01,8.212268948554992676e-01,1.192113682627677917e-01,-5.292055010795593262e-01,-5.032457113265991211e-01,-9.377912878990173340e-01,7.182935476303100586e-01,-5.603888034820556641e-01,-1.215095520019531250e-01
-4.406954944133758545e-01,-1.649765521287918091e-01,3.436555862426757812e-01,9.347288608551025391e-01,-2.526825368404388428e-01,7.789751291275024414e-01,6.041638255119323730e-01,-2.399323508143424988e-02,-1.360041201114654541e-01,2.630594372749328613e-01,-7.385214567184448242e-01,-8.310770988464355469e-01,7.103838324546813965e-01,-4.257405102252960205e-01,-9.866182804107666016e-01,3.648403882980346680e-01,-4.991802573204040527e-01,3.211440145969390869e-01,5.235362052917480469e-01,5.863842964172363281e-01,-8.246757388114929199e-01,-9.119441509246826172e-01,7.878812551498413086e-01,8.960028290748596191e-01,9.252752065658569336e-01,7.348788380622863770e-01,-7.541368007659912109e-01,5.133904218673706055e-01,-5.183613300323486328e-01,-3.758707344532012939e-01
1.003235578536987305e-02,-7.873869538307189941e-01,6.548966169357299805e-01,-4.935609996318817139e-01,-5.525122880935668945e-01,8.268455415964126587e-02,-4.129248857498168945e-01,-6.482751369476318359e-01,-4.430143535137176514e-01,-4.024870693683624268e-01,3.875190615653991699e-01,-4.325183033943176270e-01,-4.584814235568046570e-02,-9.291332364082336426e-01,8.936309218406677246e-01,2.421716898679733276e-01,2.621179819107055664e-01,-7.040629982948303223e-01,-1.514538675546646118e-01,-9.419794678688049316e-01,-2.821222245693206787e-01,-6.670288443565368652e-01,3.454976677894592285e-01,4.777384996414184570e-01,8.373234868049621582e-01,7.286983132362365723e-01,-6.076167821884155273e-01,-2.950668036937713623e-01,-6.182032823562622070e-01,-7.708304524421691895e-01
